object_id,stname,dtname,sdtname,st_area_sh,st_length_,remarks,dist_lgd,state_lgd,subdt_lgd,ac_no,st_length(shape),st_area(shape),elevation_mean,slope_mean
10-206-01064,BIHAR,Sitamarhi,Suppi,0.0,0.0,,221,10,1064,,71084.15120823232,92250451.53846286,68.86426465771372,83.71112566874113
10-234-01463,BIHAR,Rohtas,Nasriganj,0.0,0.0,,215,10,1463,,90034.07903274363,167356919.18355417,91.31738208765564,80.99819487082044
10-234-01464,BIHAR,Rohtas,Rajpur,0.0,0.0,,215,10,1464,,68660.48684625747,85633596.4997788,95.34511600928074,83.31133410672854
10-234-01465,BIHAR,Rohtas,Sanjhauli,0.0,0.0,,215,10,1465,,56591.722358052,83833486.39015438,90.2918940076861,83.17309152156379
10-203-01023,BIHAR,Pashchim Champaran,Thakrahan,0.0,0.0,,211,10,1023,,79847.09402015881,199004696.79409248,75.45675220951918,77.46142970080273
10-204-01054,BIHAR,Purbi Champaran,Phenhara,0.0,0.0,,213,10,1054,,44565.43736457999,67645025.94776015,61.72591821561338,83.74951672862454
10-219-01262,BIHAR,Saran,Maker,0.0,0.0,,218,10,1262,,62357.8736467211,96585777.9808088,52.88910767955228,76.5577261892424
10-220-01282,BIHAR,Vaishali,Sahdai Buzurg,0.0,0.0,,224,10,1282,,74546.65030748869,114161677.3631406,45.01031126192704,80.31529372665973
10-229-01388,BIHAR,Nalanda,Tharthari,0.0,0.0,,209,10,1388,,71853.42144919158,77411758.12428828,49.469617095687504,82.24047882325713
10-229-01389,BIHAR,Nalanda,Parbalpur,0.0,0.0,,209,10,1389,,54466.2339431045,76043839.88376136,53.37881106533255,82.39901903080244
10-203-01022,BIHAR,Pashchim Champaran,Bhitaha,0.0,0.0,,211,10,1022,,72626.86760213553,166969906.7472905,79.52015114873035,79.72342200725514
10-203-01013,BIHAR,Pashchim Champaran,Sidhaw,0.0,0.0,,211,10,1013,,195582.3602130639,1085337194.6715722,123.76551498265383,83.42428240580905
10-203-01014,BIHAR,Pashchim Champaran,Ramnagar,0.0,0.0,,211,10,1014,,230865.78384139363,866139404.2451236,188.1157789485379,86.67294277244049
10-203-01015,BIHAR,Pashchim Champaran,Gaunaha,0.0,0.0,,211,10,1015,,136504.94021895694,605322845.3823951,140.6786502342902,87.17339815277961
10-203-01016,BIHAR,Pashchim Champaran,Mainatanr,0.0,0.0,,211,10,1016,,115419.13930249632,312998546.4010918,98.82379422676681,85.85854544514395
10-203-01017,BIHAR,Pashchim Champaran,Narkatiaganj,0.0,0.0,,211,10,1017,,149144.20649331805,441857686.2127825,82.61250097241988,85.46770879570946
10-203-01018,BIHAR,Pashchim Champaran,Lauriya,0.0,0.0,,211,10,1018,,120853.32018665274,255440417.54612216,78.05493497404102,84.80009015456763
10-203-01019,BIHAR,Pashchim Champaran,Bagaha,0.0,0.0,,211,10,1019,,135587.24079810514,491292931.53180623,86.36598351718435,82.7083578490872
10-203-01021,BIHAR,Pashchim Champaran,Madhubani,0.0,0.0,,211,10,1021,,144670.82201821523,386116138.1353823,85.01148886958524,77.89237459314069
10-203-01024,BIHAR,Pashchim Champaran,Jogapatti,0.0,0.0,,211,10,1024,,88530.23644360513,258722436.3759333,77.83882015196667,83.3490240743919
10-203-01029,BIHAR,Pashchim Champaran,Bairia,0.0,0.0,,211,10,1029,,105039.82861382668,288505226.87341565,72.90134212714227,80.04650984063551
10-203-01025,BIHAR,Pashchim Champaran,Chanpatia,0.0,0.0,,211,10,1025,,113543.7602983494,310017349.34780717,73.82599057279391,84.73713850440761
10-206-01071,BIHAR,Sitamarhi,Parsauni,0.0,0.0,,221,10,1071,,63729.135625112256,74724139.64418457,60.19350193138535,82.09055976527274
10-203-01026,BIHAR,Pashchim Champaran,Sikta,0.0,0.0,,211,10,1026,,93443.22825707054,255004178.86147365,73.08764399108236,86.2051454661371
10-203-01027,BIHAR,Pashchim Champaran,Majhaulia,0.0,0.0,,211,10,1027,,123374.4030721297,371511179.15939575,70.41498485555785,84.30021821024177
10-203-01028,BIHAR,Pashchim Champaran,Bettiah,0.0,0.0,,211,10,1028,,53968.26030594324,83182055.35378212,70.95973862231166,84.14746138738695
10-203-01030,BIHAR,Pashchim Champaran,Nautan,0.0,0.0,,211,10,1030,,122656.63983711715,245738630.13883996,71.99631096136346,82.8319437954469
10-204-01031,BIHAR,Purbi Champaran,Raxaul,0.0,0.0,,213,10,1031,,98709.78801801558,166685360.13968688,75.61177183363121,84.99194207991276
10-206-01072,BIHAR,Sitamarhi,Belsand,0.0,0.0,,221,10,1072,,66235.5873217276,97354060.86547032,58.860648544852005,81.52042575596461
10-206-01073,BIHAR,Sitamarhi,Runisaidpur,0.0,0.0,,221,10,1073,,152472.54206325076,334873257.0825382,56.65872094244451,81.50207795091535
10-204-01032,BIHAR,Purbi Champaran,Adapur,0.0,0.0,,213,10,1032,,94532.37688292323,199608924.7111849,74.11049145515219,84.36393973101426
10-206-01074,BIHAR,Sitamarhi,Dumra,0.0,0.0,,221,10,1074,,111649.34177378344,241159212.36062923,61.28535129113417,82.17406215969258
10-204-01033,BIHAR,Purbi Champaran,Ramgarhwa,0.0,0.0,,213,10,1033,,90718.26831189607,213035907.5226096,70.56012219091146,84.89703284472756
10-204-01034,BIHAR,Purbi Champaran,Sugauli,0.0,0.0,,213,10,1034,,84892.41923436844,209336830.19001696,68.03821410686082,84.622385299896
10-204-01038,BIHAR,Purbi Champaran,Ghorasahan,0.0,0.0,,213,10,1038,,75335.10865687576,144368243.47105,74.82892862131582,85.72905433719794
10-204-01035,BIHAR,Purbi Champaran,Banjaria,0.0,0.0,,213,10,1035,,102381.40449613356,176960195.87167916,65.70465146743062,84.79467931814169
10-204-01047,BIHAR,Purbi Champaran,Kesaria,0.0,0.0,,213,10,1047,,87546.8206889307,229535442.11688668,60.600350063449,81.77962630726819
10-204-01036,BIHAR,Purbi Champaran,Narkatia,0.0,0.0,,213,10,1036,,105607.09704406632,168338010.30978012,69.46988168339074,84.06522090759323
10-204-01037,BIHAR,Purbi Champaran,Bankatwa,0.0,0.0,,213,10,1037,,99233.37216886049,115311013.90225838,72.22967737421618,85.05394296109075
10-204-01039,BIHAR,Purbi Champaran,Dhaka,0.0,0.0,,213,10,1039,,97673.73467814895,202386545.86227983,68.87897505835976,84.15173038539837
10-204-01048,BIHAR,Purbi Champaran,Kalyanpur,0.0,0.0,,213,10,1048,,109413.20044555076,313300912.50613195,61.010275389416094,83.7869107445809
10-204-01040,BIHAR,Purbi Champaran,Chiraia,0.0,0.0,,213,10,1040,,110764.71696779084,272984575.32652414,65.62098916669126,84.7395873306373
10-204-01041,BIHAR,Purbi Champaran,Motihari,0.0,0.0,,213,10,1041,,181544.26702654368,319814691.13850176,64.80956533785017,84.70647868877234
10-204-01049,BIHAR,Purbi Champaran,Kotwa,0.0,0.0,,213,10,1049,,78879.98205471091,178282937.71225017,63.964568617273365,83.9152919139717
10-204-01042,BIHAR,Purbi Champaran,Turkaulia,0.0,0.0,,213,10,1042,,99475.78497366334,174748315.94966665,66.81962198501074,83.17239949075702
10-204-01050,BIHAR,Purbi Champaran,Piprakothi,0.0,0.0,,213,10,1050,,58369.33889310607,62223774.49301849,64.49705787261558,83.63829615260265
10-204-01043,BIHAR,Purbi Champaran,Harsidhi,0.0,0.0,,213,10,1043,,133904.34238337883,240218359.62130272,68.1702651959634,83.53486773728501
10-204-01044,BIHAR,Purbi Champaran,Paharpur,0.0,0.0,,213,10,1044,,108730.62076802726,192061375.0173064,70.17126411474224,84.00302477484561
10-204-01045,BIHAR,Purbi Champaran,Areraj,0.0,0.0,,213,10,1045,,93331.67353690567,242725576.26244012,66.07209428574981,79.78807255427688
10-204-01046,BIHAR,Purbi Champaran,Sangrampur,0.0,0.0,,213,10,1046,,78133.67961210197,187659878.02718252,63.34407680438882,79.50949875707184
10-204-01051,BIHAR,Purbi Champaran,Chakia(Pipra),0.0,0.0,,213,10,1051,,129110.66914194856,212940547.80779588,61.55182345275642,84.18370507469452
10-204-01052,BIHAR,Purbi Champaran,Pakri Dayal,0.0,0.0,,213,10,1052,,90143.40730437863,148110040.62869397,61.829638082817084,83.12974812520378
10-204-01053,BIHAR,Purbi Champaran,Patahi,0.0,0.0,,213,10,1053,,85994.51677214028,144960443.14880535,64.35118452480143,84.02841193134478
10-204-01055,BIHAR,Purbi Champaran,Madhuban,0.0,0.0,,213,10,1055,,112681.00006095257,152424272.44650427,60.506763128911636,83.8402899143315
10-204-01056,BIHAR,Purbi Champaran,Tetaria,0.0,0.0,,213,10,1056,,82320.72754353678,104458405.63845472,59.078501149336844,82.4704490588903
10-205-01058,BIHAR,Sheohar,Purnahiya,0.0,0.0,,220,10,1058,,57294.126150412616,80859097.14068061,66.13743167017395,83.49577880436813
10-204-01057,BIHAR,Purbi Champaran,Mehsi,0.0,0.0,,213,10,1057,,125063.78039343117,149773808.08158112,58.8490015690587,83.37477704614642
10-205-01059,BIHAR,Sheohar,Piprarhi,0.0,0.0,,220,10,1059,,105870.45511307275,104265216.9562483,63.77861836709093,83.3012612056238
10-205-01060,BIHAR,Sheohar,Sheohar,0.0,0.0,,220,10,1060,,81007.5322908237,115638983.35873616,62.79428596277614,83.12602191685511
10-205-01061,BIHAR,Sheohar,Dumri Katsari,0.0,0.0,,220,10,1061,,65038.65439014734,84655470.24819931,61.06738144427822,83.2057419676569
10-205-01062,BIHAR,Sheohar,Tariani Chowk,0.0,0.0,,220,10,1062,,97491.22869259815,171878914.60720828,59.3791547055969,81.4037920732456
10-206-01063,BIHAR,Sitamarhi,Bairgania,0.0,0.0,,221,10,1063,,59598.621146511534,94417571.99630062,70.50744723982673,84.32521925612957
10-206-01065,BIHAR,Sitamarhi,Majorganj,0.0,0.0,,221,10,1065,,62808.55729710282,95411217.42446172,71.63134988961306,84.21013658402612
10-206-01066,BIHAR,Sitamarhi,Sonbarsa,0.0,0.0,,221,10,1066,,92820.94699371175,224104085.6083578,74.16667641487787,83.43655039300289
10-206-01067,BIHAR,Sitamarhi,Parihar,0.0,0.0,,221,10,1067,,86838.20299610356,272812569.4060281,71.10079529545614,82.43790378882744
10-207-01095,BIHAR,Madhubani,Rajnagar,0.0,0.0,,206,10,1095,,78809.12744912357,223111125.2667772,56.760603399752334,86.75956321062704
10-206-01068,BIHAR,Sitamarhi,Sursand,0.0,0.0,,221,10,1068,,91215.71647520129,181412871.1123928,60.53131502577448,82.42109234977832
10-206-01069,BIHAR,Sitamarhi,Bathnaha,0.0,0.0,,221,10,1069,,120764.04051803834,251403523.12922087,66.26737905778461,82.9664799544839
10-206-01070,BIHAR,Sitamarhi,Riga,0.0,0.0,,221,10,1070,,129433.73210860479,163724219.02092636,64.5804145071349,83.42222919010642
10-210-01123,BIHAR,Kishanganj,Thakurganj,0.0,0.0,,203,10,1123,,224971.2940646554,491161543.46963537,65.19672181447753,83.85452105680879
10-210-01124,BIHAR,Kishanganj,Pothia,0.0,0.0,,203,10,1124,,167388.9118766352,443844792.4531903,61.58837300303771,86.09011804781174
10-210-01125,BIHAR,Kishanganj,Bahadurganj,0.0,0.0,,203,10,1125,,155296.13881782343,347494200.8377232,54.433513257493715,81.70599294743499
10-210-01126,BIHAR,Kishanganj,Kochadhamin,0.0,0.0,,203,10,1126,,139640.52665725534,360840233.8364798,48.05710299826868,81.8617556087272
10-211-01128,BIHAR,Purnia,Banmankhi,0.0,0.0,,214,10,1128,,142815.61519736593,459936087.34673214,44.48924816560762,79.21482567561982
10-206-01075,BIHAR,Sitamarhi,Bajpatti,0.0,0.0,,221,10,1075,,90407.29439213518,174303329.1783474,58.964263862111956,82.48021842278432
10-206-01076,BIHAR,Sitamarhi,Charaut,0.0,0.0,,221,10,1076,,85128.15752493152,91349700.81924292,56.78990032490776,82.18530205407787
10-206-01077,BIHAR,Sitamarhi,Pupri,0.0,0.0,,221,10,1077,,73992.24203369493,115338203.66308306,56.62421770130572,82.36759758032181
10-206-01078,BIHAR,Sitamarhi,Nanpur,0.0,0.0,,221,10,1078,,73315.01223618646,135892566.9983101,55.766869804455226,82.16405348637694
10-220-01283,BIHAR,Vaishali,Mahnar,0.0,0.0,,224,10,1283,,81638.1139853176,126474580.44313861,44.94361439316806,81.51628663209654
10-206-01079,BIHAR,Sitamarhi,Bokhara,0.0,0.0,,221,10,1079,,81978.13188098712,108574895.39827529,53.03308629638882,82.24323424098593
10-207-01080,BIHAR,Madhubani,Madhwapur,0.0,0.0,,206,10,1080,,88808.76172423853,137557654.90878707,57.2163638357767,82.93507110737396
10-207-01081,BIHAR,Madhubani,Harlakhi,0.0,0.0,,206,10,1081,,90217.76640094945,187441757.00046396,62.07672568367029,84.11078304003779
10-207-01082,BIHAR,Madhubani,Basopatti,0.0,0.0,,206,10,1082,,97634.90682970545,164238774.4639331,63.869290296491,86.35906108119038
10-207-01089,BIHAR,Madhubani,Khajauli,0.0,0.0,,206,10,1089,,91171.28062794723,150968724.81279027,62.446852438926925,86.89845352585449
10-207-01083,BIHAR,Madhubani,Jainagar,0.0,0.0,,206,10,1083,,81489.61423509955,161880108.8306139,66.89803772834102,86.57661315393511
10-207-01090,BIHAR,Madhubani,Kaluahi,0.0,0.0,,206,10,1090,,62305.281593423286,101560283.08963235,58.95652690343271,86.61435443639387
10-207-01084,BIHAR,Madhubani,Ladania,0.0,0.0,,206,10,1084,,97928.14946240213,232665607.5684243,70.88848673542194,84.00422909774923
10-207-01085,BIHAR,Madhubani,Laukaha,0.0,0.0,,206,10,1085,,102032.19667129294,266340932.00179368,71.84467811969039,83.46194449688502
10-207-01086,BIHAR,Madhubani,Laukahi,0.0,0.0,,206,10,1086,,109679.24973352649,329223432.564553,61.267103969915816,82.78862319681087
10-207-01087,BIHAR,Madhubani,Phulparas,0.0,0.0,,206,10,1087,,117974.41186319289,199352334.8677591,58.751339040526446,83.58917279291354
10-207-01088,BIHAR,Madhubani,Babubarhi,0.0,0.0,,206,10,1088,,118996.04641992833,237192379.86086744,63.001742123355896,85.74113149004532
10-207-01091,BIHAR,Madhubani,Benipatti,0.0,0.0,,206,10,1091,,128414.2409747215,328987645.9449377,55.566927714340714,85.13012763122917
10-207-01092,BIHAR,Madhubani,Bisfi,0.0,0.0,,206,10,1092,,99754.46134559005,226192948.413646,52.360986915423105,86.58559586550459
10-207-01093,BIHAR,Madhubani,Madhubani,0.0,0.0,,206,10,1093,,109764.71764889831,200359220.56727448,53.12067237335365,86.72004490507788
10-207-01094,BIHAR,Madhubani,Pandaul,0.0,0.0,,206,10,1094,,102372.75527307783,208327489.63825428,52.45411100459107,87.01397553678876
10-207-01096,BIHAR,Madhubani,Andhratharhi,0.0,0.0,,206,10,1096,,97300.5167595078,186769445.10608673,56.60577884853243,86.78202136012132
10-207-01097,BIHAR,Madhubani,Jhanjharpur,0.0,0.0,,206,10,1097,,125261.96837896874,181284371.95402232,52.13763931412879,86.88522121394996
10-207-01098,BIHAR,Madhubani,Ghoghardiha,0.0,0.0,,206,10,1098,,114215.40677637524,211228851.4219488,52.16102508531288,83.77409910552181
10-207-01099,BIHAR,Madhubani,Lakhnaur,0.0,0.0,,206,10,1099,,72956.74167609161,146945623.14022,49.238899017418795,86.79143877474377
10-207-01100,BIHAR,Madhubani,Madhepur,0.0,0.0,,206,10,1100,,144505.38034518834,300452948.5687113,47.07846258053968,83.90775349769935
10-208-01101,BIHAR,Supaul,Nirmali,0.0,0.0,,223,10,1101,,123310.21889922836,162734364.67066902,60.59199017290017,75.97662360108889
10-208-01102,BIHAR,Supaul,Basantpur,0.0,0.0,,223,10,1102,,136288.63693043106,319456339.75100917,71.24278890028762,83.14381919225613
10-208-01103,BIHAR,Supaul,Chhatapur,0.0,0.0,,223,10,1103,,142271.17176584958,398825687.2446475,60.20852025270913,82.1935574772363
10-208-01104,BIHAR,Supaul,Pratapganj,0.0,0.0,,223,10,1104,,71155.69013184242,133032565.19323792,61.92994423609487,81.70518325120922
10-208-01105,BIHAR,Supaul,Raghopur,0.0,0.0,,223,10,1105,,111831.20983491397,255841046.48838165,62.16461265532643,81.46464876406083
10-221-01285,BIHAR,Samastipur,Warisnagar,0.0,0.0,,217,10,1285,,90241.30323013186,163846086.5162723,45.81802692007035,84.85564661911276
10-208-01106,BIHAR,Supaul,Saraigarh Bhaptiyahi,0.0,0.0,,223,10,1106,,105489.5116383213,257042943.27229512,60.01302009070702,78.61299508963276
10-208-01107,BIHAR,Supaul,Kishanpur,0.0,0.0,,223,10,1107,,125516.73810076228,248613546.3002807,53.85177278633748,77.7574273008289
10-208-01108,BIHAR,Supaul,Marauna,0.0,0.0,,223,10,1108,,114969.59778192453,206419565.01179272,51.41753301352619,79.4793656348269
10-208-01109,BIHAR,Supaul,Supaul,0.0,0.0,,223,10,1109,,122628.008173687,390920691.5720901,47.603002245532004,81.75566766126303
10-208-01110,BIHAR,Supaul,Pipra,0.0,0.0,,223,10,1110,,113516.78657800167,247320462.25611627,53.14839530999141,81.58888636621637
10-221-01287,BIHAR,Samastipur,Khanpur,0.0,0.0,,217,10,1287,,89337.20668890505,173313349.37261373,44.92870000692345,85.09456855369135
10-208-01111,BIHAR,Supaul,Tribeniganj,0.0,0.0,,223,10,1111,,136684.8917573132,402291551.99740016,54.12795157363265,81.78672660983031
10-209-01112,BIHAR,Araria,Narpatganj,0.0,0.0,,188,10,1112,,196352.82868709194,482872068.7863751,63.480983041964585,83.44022261320954
10-209-01113,BIHAR,Araria,Forbesganj,0.0,0.0,,188,10,1113,,165874.55860340688,546946456.996027,55.99623155221887,82.7766378253818
10-209-01114,BIHAR,Araria,Bhargama,0.0,0.0,,188,10,1114,,140909.75235341018,280499778.1128878,51.35598784107673,80.60079511642776
10-209-01115,BIHAR,Araria,Raniganj,0.0,0.0,,188,10,1115,,160625.61646677545,576910744.770993,47.82153215078375,80.98622134077087
10-209-01116,BIHAR,Araria,Araria,0.0,0.0,,188,10,1116,,192057.15187743204,506918787.2643526,49.09673502001551,81.6872043163874
10-209-01117,BIHAR,Araria,Kursakatta,0.0,0.0,,188,10,1117,,96566.38525637137,201032230.408231,58.38689307535133,83.57568354740245
10-209-01118,BIHAR,Araria,Sikti,0.0,0.0,,188,10,1118,,116798.35346995249,237753016.2819182,60.40584761228835,82.79843860894252
10-209-01119,BIHAR,Araria,Palasi,0.0,0.0,,188,10,1119,,132578.70192307016,306240761.34804773,51.69565060683111,81.83475320454009
10-209-01120,BIHAR,Araria,Jokihat,0.0,0.0,,188,10,1120,,155370.9524619173,341005127.7602247,45.422700650344865,81.43519620548899
10-210-01121,BIHAR,Kishanganj,Terhagachh,0.0,0.0,,203,10,1121,,121953.02658094271,245208326.38245347,59.760727728469796,81.70724574761321
10-210-01122,BIHAR,Kishanganj,Dighalbank,0.0,0.0,,203,10,1122,,147432.83262190674,314385668.4331173,65.29883551487882,81.57142218018203
10-211-01129,BIHAR,Purnia,Barhara,0.0,0.0,,214,10,1129,,111073.17449432175,288009141.38478667,40.25796769548396,78.62543069796492
10-211-01130,BIHAR,Purnia,Bhawanipur,0.0,0.0,,214,10,1130,,116656.34435182877,201938838.4795833,35.33660048339981,77.51874039255229
10-211-01131,BIHAR,Purnia,Rupauli,0.0,0.0,,214,10,1131,,113946.660566684,308195114.8462847,32.7956445062857,76.36029575938001
10-211-01132,BIHAR,Purnia,Dhamdaha,0.0,0.0,,214,10,1132,,135370.01293426772,446856166.039676,38.091251020248436,77.76006440143561
10-211-01133,BIHAR,Purnia,Krityanand Nagar,0.0,0.0,,214,10,1133,,149407.41850079046,364443041.21247435,38.38740530251082,79.096126522977
10-211-01134,BIHAR,Purnia,Purnia East,0.0,0.0,,214,10,1134,,127662.13358515713,309272824.56310594,35.46146664513003,80.79312550476499
10-211-01135,BIHAR,Purnia,Kasba,0.0,0.0,,214,10,1135,,130095.64608516233,215123054.3424731,39.59617021078721,80.51431520895044
10-211-01136,BIHAR,Purnia,Srinagar,0.0,0.0,,214,10,1136,,106220.57404900706,172405807.6412187,41.59600116076611,80.3448229831689
10-211-01137,BIHAR,Purnia,Jalalgarh,0.0,0.0,,214,10,1137,,87146.39992638786,142107808.6772385,41.79885887366604,80.86926355087522
10-211-01138,BIHAR,Purnia,Amour,0.0,0.0,,214,10,1138,,141371.93624621196,307011870.96961224,40.5190554919666,81.69489038241423
10-211-01139,BIHAR,Purnia,Baisa,0.0,0.0,,214,10,1139,,132173.35304950457,275191667.549805,42.44320436237091,82.25664602694448
10-211-01140,BIHAR,Purnia,Baisi,0.0,0.0,,214,10,1140,,118169.54825440844,253873549.02719215,36.63525968757139,82.94270566641195
10-211-01141,BIHAR,Purnia,Dagarua,0.0,0.0,,214,10,1141,,129309.28146976323,257465778.6329552,36.68711075217047,81.2592060509109
10-212-01142,BIHAR,Katihar,Falka,0.0,0.0,,201,10,1142,,100518.70580952488,208374539.8829749,34.28118516814956,78.43849209201151
10-212-01143,BIHAR,Katihar,Korha,0.0,0.0,,201,10,1143,,137118.64195203967,368801327.90483874,32.34809456932639,79.48400888650761
10-212-01144,BIHAR,Katihar,Hasanganj,0.0,0.0,,201,10,1144,,78227.29832785497,86155111.41022065,32.51367013200746,83.18745291656526
10-212-01145,BIHAR,Katihar,Kadwa,0.0,0.0,,201,10,1145,,157692.68144088247,420129854.10490626,33.64538739072772,84.1636077558956
10-212-01146,BIHAR,Katihar,Balrampur,0.0,0.0,,201,10,1146,,141815.18317465586,216253207.31133217,34.639441411540645,85.69915546084472
10-212-01147,BIHAR,Katihar,Barsoi,0.0,0.0,,201,10,1147,,172308.8160052511,357713388.6445612,31.779939058759187,85.77484108957582
10-212-01148,BIHAR,Katihar,Azamnagar,0.0,0.0,,201,10,1148,,141791.77759222616,349759708.1212404,30.420903576144585,84.49088923049719
10-221-01290,BIHAR,Samastipur,Tajpur,0.0,0.0,,217,10,1290,,57166.77792153786,83856612.1105223,48.57217656810944,85.4483976002767
10-212-01149,BIHAR,Katihar,Pranpur,0.0,0.0,,201,10,1149,,111803.70370561493,191475637.62126103,27.905753410392585,82.760736228262
10-212-01150,BIHAR,Katihar,Dandkhora,0.0,0.0,,201,10,1150,,70987.07501110679,111201189.06340708,30.666738463195305,84.84638235241326
10-212-01151,BIHAR,Katihar,Katihar,0.0,0.0,,201,10,1151,,76845.81968857624,136830037.77828172,29.986136217855268,83.8076491340603
10-212-01152,BIHAR,Katihar,Mansahi,0.0,0.0,,201,10,1152,,73279.06289841712,97405011.1871763,27.888800171974328,82.92993069844097
10-212-01155,BIHAR,Katihar,Kursela,0.0,0.0,,201,10,1155,,80348.39413748268,153683091.52761996,29.005971988068993,66.13840617299961
10-212-01153,BIHAR,Katihar,Barari,0.0,0.0,,201,10,1153,,107333.93297446336,407446973.1478653,28.785467889908258,74.12024464831805
10-212-01154,BIHAR,Katihar,Sameli,0.0,0.0,,201,10,1154,,75105.36277909,118027198.2496544,32.11385473444036,78.72521232095323
10-212-01156,BIHAR,Katihar,Manihari,0.0,0.0,,201,10,1156,,130162.81635074862,303859830.4099729,26.61142034800624,74.11797332913733
10-212-01157,BIHAR,Katihar,Amdabad,0.0,0.0,,201,10,1157,,103742.71814675455,228302986.79665467,25.81286034523363,71.05670449292175
10-213-01158,BIHAR,Madhepura,Gamharia,0.0,0.0,,205,10,1158,,80141.00377515821,125479849.27382244,47.86019171063028,82.44893968537748
10-213-01160,BIHAR,Madhepura,Ghailarh,0.0,0.0,,205,10,1160,,78865.70647224285,116219722.2388165,44.52465722750448,84.39930412015984
10-213-01159,BIHAR,Madhepura,Singheshwar,0.0,0.0,,205,10,1159,,111627.30849980874,111167268.35246354,47.30385620326155,82.30284710334264
10-216-01210,BIHAR,Muzaffarpur,Bandra,0.0,0.0,,208,10,1210,,74293.85759884378,142020443.31484023,50.31888555810263,82.9430929289367
10-213-01161,BIHAR,Madhepura,Madhepura,0.0,0.0,,205,10,1161,,115084.47931226583,237801277.85767865,44.28834807638895,82.7909572184862
10-213-01162,BIHAR,Madhepura,Shankarpur,0.0,0.0,,205,10,1162,,63984.56408470212,128790837.874554,49.438561151079135,82.73159634454599
10-213-01163,BIHAR,Madhepura,Kumarkhand,0.0,0.0,,205,10,1163,,118191.24796123093,316976886.68211347,49.03987540121819,80.50471352389617
10-213-01164,BIHAR,Madhepura,Murliganj,0.0,0.0,,205,10,1164,,94211.11378994165,247086114.21145928,44.01687060071158,80.07803057593996
10-221-01293,BIHAR,Samastipur,Mohanpur,0.0,0.0,,217,10,1293,,74468.46489139357,163000016.77407515,43.403885217816935,75.02975403817915
10-213-01165,BIHAR,Madhepura,Gwalpara,0.0,0.0,,205,10,1165,,78037.2495556277,147267353.58482873,40.39260269511053,80.67148421066916
10-214-01172,BIHAR,Saharsa,Satar Kataiya,0.0,0.0,,216,10,1172,,77878.75925155886,177382280.64763528,43.939900577238845,85.35381976380042
10-213-01166,BIHAR,Madhepura,Bihariganj,0.0,0.0,,205,10,1166,,79669.40805645821,133818744.70956944,40.10405094666428,79.05123036492863
10-216-01211,BIHAR,Muzaffarpur,Dholi (Moraul),0.0,0.0,,208,10,1211,,63030.361633940505,73298422.6275262,51.20883879781421,82.40754098360655
10-213-01167,BIHAR,Madhepura,Kishanganj,0.0,0.0,,205,10,1167,,99817.47531025465,188055937.5971522,37.29776286234674,81.58253726350222
10-216-01212,BIHAR,Muzaffarpur,Musahri,0.0,0.0,,208,10,1212,,211487.75457487197,365415439.5943066,53.784654171559,81.23160025897354
10-213-01168,BIHAR,Madhepura,Puraini,0.0,0.0,,205,10,1168,,63416.842365887525,103114850.3546553,35.24965881703882,80.2018690051008
10-214-01174,BIHAR,Saharsa,Kahara,0.0,0.0,,216,10,1174,,81070.16203244023,176788302.3737116,41.679605828845546,85.16191677603294
10-213-01169,BIHAR,Madhepura,Alamnagar,0.0,0.0,,205,10,1169,,94357.42058114092,211989804.11375904,33.897851157232054,81.78793881420768
10-213-01170,BIHAR,Madhepura,Chausa,0.0,0.0,,205,10,1170,,87285.75133964,172516848.53860697,33.0388414038616,79.24201182406075
10-214-01171,BIHAR,Saharsa,Nauhatta,0.0,0.0,,216,10,1171,,93228.84620468391,212763144.21707585,43.5460334643353,80.02827759866331
10-217-01227,BIHAR,Gopalganj,Sidhwalia,0.0,0.0,,197,10,1227,,69457.48217743407,152022198.31601515,62.0377552975691,80.43382250913488
10-214-01173,BIHAR,Saharsa,Mahishi,0.0,0.0,,216,10,1173,,106372.46434789852,273075178.2794974,40.9845604961154,79.54786246204226
10-214-01175,BIHAR,Saharsa,Saur Bazar,0.0,0.0,,216,10,1175,,88121.22998090234,233228921.9025612,40.844123713108395,86.14352298503111
10-214-01176,BIHAR,Saharsa,Patarghat,0.0,0.0,,216,10,1176,,67497.21582029684,149681422.04156074,40.6728278368214,82.79998129605012
10-214-01177,BIHAR,Saharsa,Sonbarsa,0.0,0.0,,216,10,1177,,90185.02153799882,263952116.041209,37.78610999689702,84.55888474317155
10-216-01199,BIHAR,Muzaffarpur,Sahebganj,0.0,0.0,,208,10,1199,,80060.99972290538,253055918.70266867,58.845750229036696,80.95977282732417
10-214-01178,BIHAR,Saharsa,Simri Bakhtiarpur,0.0,0.0,,216,10,1178,,119116.35548129058,266466354.66217396,39.08681827555822,83.59283826093477
10-214-01179,BIHAR,Saharsa,Salkhua,0.0,0.0,,216,10,1179,,82412.26684571667,221182533.93573853,37.32857755604217,80.90286926879924
10-214-01180,BIHAR,Saharsa,Banma Itahri,0.0,0.0,,216,10,1180,,54286.501575749484,92822449.4552088,36.74112395805324,85.38867975262167
10-215-01181,BIHAR,Darbhanga,Jale,0.0,0.0,,195,10,1181,,112473.57051363293,234172285.01568127,52.49736859036222,84.10199661155075
10-215-01182,BIHAR,Darbhanga,Singhwara,0.0,0.0,,195,10,1182,,121368.62688362494,223279889.67870736,49.980572927898784,85.74791531881245
10-215-01183,BIHAR,Darbhanga,Keotiranway,0.0,0.0,,195,10,1183,,89515.08566239705,180205403.4644349,49.753164169297676,86.86288135687597
10-215-01184,BIHAR,Darbhanga,Darbhanga,0.0,0.0,,195,10,1184,,131883.04966973627,240721362.1475316,48.39481239192483,86.3738327881831
10-215-01185,BIHAR,Darbhanga,Manigachhi,0.0,0.0,,195,10,1185,,96856.01003306538,158887287.31255177,48.594605856282435,86.60424005959821
10-215-01186,BIHAR,Darbhanga,Tardih,0.0,0.0,,195,10,1186,,96398.42232606321,109520018.96976715,47.332689526389984,86.43615326876957
10-215-01187,BIHAR,Darbhanga,Alinagar,0.0,0.0,,195,10,1187,,105560.56246873255,146523357.5416611,44.431844450371706,86.39733409931814
10-215-01188,BIHAR,Darbhanga,Benipur,0.0,0.0,,195,10,1188,,118482.30854716274,204643530.87647069,45.48594607562338,86.39032749242347
10-215-01189,BIHAR,Darbhanga,Bahadurpur,0.0,0.0,,195,10,1189,,155637.00049509996,221161760.4253616,47.35767571291311,86.74932470404815
10-215-01190,BIHAR,Darbhanga,Hanumannagar,0.0,0.0,,195,10,1190,,114393.83215098479,181536916.32106537,47.525969223296684,85.65957411577692
10-215-01191,BIHAR,Darbhanga,Hayaghat,0.0,0.0,,195,10,1191,,66118.49929402806,108810529.75916524,46.92459378596087,86.26342922899885
10-215-01192,BIHAR,Darbhanga,Baheri,0.0,0.0,,195,10,1192,,128629.1579498372,271307286.95794886,44.44467410521498,86.51184249864356
10-215-01193,BIHAR,Darbhanga,Biraul,0.0,0.0,,195,10,1193,,135706.32971678255,230203939.26841983,42.28597822873737,84.52255377606204
10-215-01194,BIHAR,Darbhanga,Ghanshyampur,0.0,0.0,,195,10,1194,,76766.91373126305,103945643.9979024,44.03184087273288,85.99380336526416
10-215-01195,BIHAR,Darbhanga,Kiratpur,0.0,0.0,,195,10,1195,,78793.19278562842,78915927.53877336,43.141691620565396,84.11758361670812
10-215-01196,BIHAR,Darbhanga,Gora Bauram,0.0,0.0,,195,10,1196,,99804.03366816713,145653476.81698695,41.80560939067805,83.6857792805795
10-215-01197,BIHAR,Darbhanga,Kusheshwar Asthan,0.0,0.0,,195,10,1197,,87220.16498537568,144130520.9401011,39.868624988726005,79.73014562534256
10-215-01198,BIHAR,Darbhanga,Kusheshwar Asthan Purbi,0.0,0.0,,195,10,1198,,91858.86035222423,150084285.43545517,40.088152637187,81.20237746403836
10-216-01200,BIHAR,Muzaffarpur,Baruraj (Motipur),0.0,0.0,,208,10,1200,,125110.13599018812,365259305.4740948,57.18058940046209,82.587576271233
10-216-01201,BIHAR,Muzaffarpur,Paroo,0.0,0.0,,208,10,1201,,136934.87791145188,413033977.3448192,55.7378678237067,80.13661711390341
10-216-01202,BIHAR,Muzaffarpur,Saraiya,0.0,0.0,,208,10,1202,,155820.80051537574,301402655.1404849,54.20189917172979,79.3326774532353
10-216-01203,BIHAR,Muzaffarpur,Marwan,0.0,0.0,,208,10,1203,,84959.92762229654,138736310.53842777,53.34687847658677,79.56787742187161
10-216-01204,BIHAR,Muzaffarpur,Kanti,0.0,0.0,,208,10,1204,,97122.90469976026,124757584.36625764,55.27723345255797,82.37689185387615
10-216-01205,BIHAR,Muzaffarpur,Minapur,0.0,0.0,,208,10,1205,,166218.11946715685,316124209.98756105,56.28032273121291,81.51696371020236
10-216-01206,BIHAR,Muzaffarpur,Bochaha,0.0,0.0,,208,10,1206,,126044.68100944142,233148755.94160384,53.00879562326345,80.79841033625517
10-216-01207,BIHAR,Muzaffarpur,Aurai,0.0,0.0,,208,10,1207,,101267.16719990574,247748190.77792475,53.848005803068496,80.7705842782231
10-216-01208,BIHAR,Muzaffarpur,Katra,0.0,0.0,,208,10,1208,,118891.9342746819,235108975.17115793,51.97278888338825,82.19017053893033
10-216-01209,BIHAR,Muzaffarpur,Gaighat,0.0,0.0,,208,10,1209,,111008.49869520529,259762671.68662548,50.60881294964029,83.35389971284775
10-216-01213,BIHAR,Muzaffarpur,Kurhani,0.0,0.0,,208,10,1213,,108106.10574110712,256354911.2077163,51.09365234375,82.2315390625
10-216-01214,BIHAR,Muzaffarpur,Sakra,0.0,0.0,,208,10,1214,,105121.4777371614,236360031.18726787,49.7569250317662,83.91833121558662
10-217-01215,BIHAR,Gopalganj,Katiya,0.0,0.0,,197,10,1215,,94755.55253264701,158441587.458013,70.83223999644375,82.75097320742495
10-217-01216,BIHAR,Gopalganj,Bijaipur,0.0,0.0,,197,10,1216,,81309.59717969262,163112176.36717936,69.17006312103952,85.39308873930517
10-217-01217,BIHAR,Gopalganj,Bhorey,0.0,0.0,,197,10,1217,,78790.65552761848,196013266.46535653,70.31344906279648,83.4201800046155
10-217-01218,BIHAR,Gopalganj,Pach Deuri,0.0,0.0,,197,10,1218,,53698.212932643866,118295317.11973979,72.92152260434739,82.85702622716603
10-217-01219,BIHAR,Gopalganj,Kuchaikote,0.0,0.0,,197,10,1219,,101077.28158428885,316078491.04748106,70.45060276248898,82.73667858291128
10-217-01220,BIHAR,Gopalganj,Phulwaria,0.0,0.0,,197,10,1220,,81339.22200232239,118763292.85091434,69.71464851686306,83.50917648652309
10-217-01221,BIHAR,Gopalganj,Hathua,0.0,0.0,,197,10,1221,,91546.96202775641,183613061.83342972,66.40891264037107,82.46476022732867
10-217-01222,BIHAR,Gopalganj,Uchkagaon,0.0,0.0,,197,10,1222,,80102.93001981139,142235093.67043933,66.10986572438162,82.62668551236749
10-217-01223,BIHAR,Gopalganj,Thawe,0.0,0.0,,197,10,1223,,57244.55575246375,89300191.60424533,65.43654571026723,81.40777496483825
10-217-01224,BIHAR,Gopalganj,Gopalganj,0.0,0.0,,197,10,1224,,110313.13172782106,244420793.60160467,68.50998147767031,76.63152912121836
10-218-01232,BIHAR,Siwan,Goriakothi,0.0,0.0,,222,10,1232,,73201.39147651673,174963939.23516312,61.74701517358443,80.3488376093863
10-217-01225,BIHAR,Gopalganj,Manjha,0.0,0.0,,197,10,1225,,80242.78538873792,179389027.9828925,66.04610765361282,80.11928275738445
10-217-01226,BIHAR,Gopalganj,Barauli,0.0,0.0,,197,10,1226,,105754.79057670098,232227972.12586737,64.07694570625135,79.49915639195328
10-217-01228,BIHAR,Gopalganj,Baikunthpur,0.0,0.0,,197,10,1228,,97825.58906166903,256614409.24172768,59.84713106739156,79.81517581257089
10-218-01229,BIHAR,Siwan,Nautan,0.0,0.0,,222,10,1229,,58324.35348563096,81827813.66620097,65.88252978783454,82.97899206066779
10-218-01230,BIHAR,Siwan,Siwan,0.0,0.0,,222,10,1230,,92599.06904644772,168879532.28230655,62.96916357153469,81.52093893923637
10-218-01235,BIHAR,Siwan,Bhagwanpur Hat,0.0,0.0,,222,10,1235,,86430.4184146014,189582799.91524476,58.10368800025376,79.72951140340675
10-218-01231,BIHAR,Siwan,Barharia,0.0,0.0,,222,10,1231,,90315.6629531122,219606934.01516393,63.43017743093178,81.02396071923303
10-218-01233,BIHAR,Siwan,Lakri Nabiganj,0.0,0.0,,222,10,1233,,79648.98713303795,120773104.6039552,59.9793995979599,82.08717791105278
10-218-01234,BIHAR,Siwan,Basantpur,0.0,0.0,,222,10,1234,,57871.378293950496,76675463.02480637,59.683663858510805,81.73756606143058
10-218-01236,BIHAR,Siwan,Maharajganj,0.0,0.0,,222,10,1236,,119387.58843212528,142817377.5161484,59.587905376947916,80.96011512003369
10-218-01237,BIHAR,Siwan,Pachrukhi,0.0,0.0,,222,10,1237,,99183.2392802834,160709761.40986398,61.2247662326313,80.5674398571803
10-218-01238,BIHAR,Siwan,Hussainganj,0.0,0.0,,222,10,1238,,68784.84800107122,105975934.30464326,60.89301836972261,82.26025193303238
10-218-01239,BIHAR,Siwan,Ziradei,0.0,0.0,,222,10,1239,,98825.50869312549,152221780.48504183,61.86382956290239,83.20713537307827
10-218-01240,BIHAR,Siwan,Mairwa,0.0,0.0,,222,10,1240,,65279.2242200428,88898123.37504825,64.35478154874099,85.12416338416045
10-218-01242,BIHAR,Siwan,Darauli,0.0,0.0,,222,10,1242,,90305.00161970501,214758375.6239279,60.78526359020311,82.2505973715651
10-218-01241,BIHAR,Siwan,Guthani,0.0,0.0,,222,10,1241,,78778.78773845347,115110806.99004474,63.155443439466026,86.8224150851327
10-219-01248,BIHAR,Saran,Mashrakh,0.0,0.0,,218,10,1248,,82075.7710341599,165898243.02109933,56.61141962812789,81.09246647772937
10-218-01243,BIHAR,Siwan,Andar,0.0,0.0,,222,10,1243,,83358.60866933218,125625010.62434034,59.723894228851755,81.77575080764169
10-219-01249,BIHAR,Saran,Panapur,0.0,0.0,,218,10,1249,,75875.09329534958,182360909.7404776,56.697692189286656,79.52598623449732
10-218-01244,BIHAR,Siwan,Raghunathpur,0.0,0.0,,222,10,1244,,87824.68008836384,193566358.3438411,58.39978168988583,84.48463293378789
10-219-01250,BIHAR,Saran,Taraiya,0.0,0.0,,218,10,1250,,53629.0613522338,97307015.09151264,54.91749191904634,80.76875604784748
10-218-01245,BIHAR,Siwan,Hasanpura,0.0,0.0,,222,10,1245,,82786.09108287447,121956119.03175904,58.77528422159427,82.55767398304528
10-219-01251,BIHAR,Saran,Ishupur,0.0,0.0,,218,10,1251,,62425.60798229613,109300191.56908256,54.56993218475073,80.18952529325513
10-218-01246,BIHAR,Siwan,Daraundha,0.0,0.0,,222,10,1246,,105400.53795370483,157911066.26165873,58.607062392506045,81.60686565080252
10-219-01256,BIHAR,Saran,Jalalpur,0.0,0.0,,218,10,1256,,65042.73641147566,147549697.72689733,53.60986574450773,80.63152969894223
10-218-01247,BIHAR,Siwan,Siswan,0.0,0.0,,222,10,1247,,98184.39847010886,155554872.77293277,56.10278972167151,81.61181415587426
10-219-01259,BIHAR,Saran,Nagra,0.0,0.0,,218,10,1259,,43289.948409307304,65110006.46242106,54.023783185840706,80.99683505408063
10-219-01252,BIHAR,Saran,Baniapur,0.0,0.0,,218,10,1252,,89199.8841803021,219417775.87250236,56.03198853706061,80.91742759228077
10-219-01253,BIHAR,Saran,Lahladpur,0.0,0.0,,218,10,1253,,49287.19248841685,70233795.44130237,56.72884088574364,82.64147214929802
10-219-01254,BIHAR,Saran,Ekma,0.0,0.0,,218,10,1254,,99716.17236158185,176114988.01319405,56.53283119688486,83.10593184208282
10-219-01255,BIHAR,Saran,Manjhi,0.0,0.0,,218,10,1255,,127085.43562979231,244607530.98349065,54.58177995394061,79.64922054919478
10-219-01257,BIHAR,Saran,Revelganj,0.0,0.0,,218,10,1257,,84877.1419542779,179359801.45379385,51.332477141917906,73.65757729402654
10-219-01258,BIHAR,Saran,Chapra,0.0,0.0,,218,10,1258,,119729.94798472138,239470568.44351175,51.65294488333563,75.32541242555891
10-219-01260,BIHAR,Saran,Marhaura,0.0,0.0,,218,10,1260,,87240.95030017926,190752130.05196184,53.66973949998688,80.82168472415331
10-219-01261,BIHAR,Saran,Amnour,0.0,0.0,,218,10,1261,,94922.90618840617,160109081.4065653,52.93171179841638,80.61458131526814
10-219-01263,BIHAR,Saran,Parsa,0.0,0.0,,218,10,1263,,85595.91054800974,122749042.93573296,51.89914350210661,78.66635699092976
10-219-01266,BIHAR,Saran,Dighwara,0.0,0.0,,218,10,1266,,81943.45164265168,101347015.6655549,50.38040874271687,74.98000157739591
10-219-01264,BIHAR,Saran,Dariapur,0.0,0.0,,218,10,1264,,115477.27251924115,281302380.67878103,50.3903770687596,78.44521697093784
10-219-01265,BIHAR,Saran,Garkha,0.0,0.0,,218,10,1265,,90147.74693968748,213336409.9887166,51.583431736392264,79.43358262108262
10-220-01269,BIHAR,Vaishali,Paterhi Belsar,0.0,0.0,,224,10,1269,,56227.36197278124,93522597.26160131,52.556439353388285,78.67983620597366
10-219-01267,BIHAR,Saran,Sonepur,0.0,0.0,,218,10,1267,,70412.64000247594,214865144.18564072,48.92950517879391,72.78735797831787
10-220-01268,BIHAR,Vaishali,Vaishali,0.0,0.0,,224,10,1268,,72706.90824879723,158663399.21103516,53.252551889470695,79.8086051353227
10-220-01270,BIHAR,Vaishali,Lalganj,0.0,0.0,,224,10,1270,,89595.71916906572,184177988.41986412,51.13339560344078,79.6321357198714
10-221-01294,BIHAR,Samastipur,Mohiuddinagar,0.0,0.0,,217,10,1294,,80607.53716768604,178536106.2701614,43.76660948091356,81.66877713762021
10-220-01271,BIHAR,Vaishali,Bhagwanpur,0.0,0.0,,224,10,1271,,98965.72708266653,142473218.81446454,50.65112231003552,80.3286213624942
10-220-01272,BIHAR,Vaishali,Goraul,0.0,0.0,,224,10,1272,,101989.77906286377,122446101.92943335,51.39278594771242,79.40141339869281
10-220-01273,BIHAR,Vaishali,Chehra Kalan,0.0,0.0,,224,10,1273,,63204.34388206024,89818122.94593617,50.42054596100279,80.02580501392758
10-220-01277,BIHAR,Vaishali,Raja Pakar,0.0,0.0,,224,10,1277,,58946.08844196175,93673217.82917874,48.37624543961085,80.92412152503681
10-220-01274,BIHAR,Vaishali,Patepur,0.0,0.0,,224,10,1274,,118180.33822078991,317029999.71255994,46.67535138408741,80.32660425446012
10-220-01275,BIHAR,Vaishali,Mahua,0.0,0.0,,224,10,1275,,86273.82517515696,171155586.12447235,48.64273407430337,80.63820765461374
10-220-01276,BIHAR,Vaishali,Jandaha,0.0,0.0,,224,10,1276,,99044.76663725945,179891527.10359335,45.91782776984889,81.00411499780644
10-220-01278,BIHAR,Vaishali,Hajipur,0.0,0.0,,224,10,1278,,80048.24731377292,194916759.16986817,49.940313883877316,80.65540942266689
10-220-01280,BIHAR,Vaishali,Bidupur,0.0,0.0,,224,10,1280,,88122.3198685409,139375575.9420912,47.47867288394181,76.96876320633761
10-220-01279,BIHAR,Vaishali,Raghopur,0.0,0.0,,224,10,1279,,128641.49950069311,338499790.0832371,45.7892897141173,71.18999115826702
10-220-01281,BIHAR,Vaishali,Desri,0.0,0.0,,224,10,1281,,50183.809114488824,56627949.53624974,45.92569937774331,80.90132912619647
10-221-01284,BIHAR,Samastipur,Kalyanpur,0.0,0.0,,217,10,1284,,147387.26660455638,294821482.9966942,47.77200071991551,85.16245980188741
10-221-01286,BIHAR,Samastipur,Shivaji Nagar,0.0,0.0,,217,10,1286,,96209.25031894707,172333979.18990555,43.29308663191018,85.90207610046097
10-221-01288,BIHAR,Samastipur,Samastipur,0.0,0.0,,217,10,1288,,112474.97484539819,170577777.20953664,47.41560779392881,85.56953378326874
10-221-01289,BIHAR,Samastipur,Pusa,0.0,0.0,,217,10,1289,,64081.7615729533,95008289.7510354,50.40452113091476,85.49654489529347
10-221-01291,BIHAR,Samastipur,Morwa,0.0,0.0,,217,10,1291,,104551.97847793197,152111293.7773472,45.31882696791567,84.97875275032018
10-221-01292,BIHAR,Samastipur,Patori,0.0,0.0,,217,10,1292,,69422.25062895294,130638318.44440164,44.50491630440595,84.41925724457755
10-221-01295,BIHAR,Samastipur,Sarairanjan,0.0,0.0,,217,10,1295,,96463.23467310029,185572344.2706523,46.06653458096889,84.45735929104437
10-221-01296,BIHAR,Samastipur,Vidyapati Nagar,0.0,0.0,,217,10,1296,,62930.2690484309,106322816.42401849,44.229975591438226,84.85789523094255
10-221-01297,BIHAR,Samastipur,Dalsinghsarai,0.0,0.0,,217,10,1297,,80515.23552986495,118201268.21451648,45.06632541009917,83.44824556957748
10-221-01298,BIHAR,Samastipur,Ujiarpur,0.0,0.0,,217,10,1298,,81756.09445970641,209497824.1015558,45.53143604029919,84.72181727980461
10-221-01300,BIHAR,Samastipur,Rosera,0.0,0.0,,217,10,1300,,84599.34785899956,138535375.895554,43.49841620307235,86.07375659314097
10-221-01299,BIHAR,Samastipur,Bibhutpur,0.0,0.0,,217,10,1299,,96600.53522783429,258332531.194082,43.77433412732785,85.33803285281198
10-221-01301,BIHAR,Samastipur,Singhia,0.0,0.0,,217,10,1301,,76055.88015393679,178639507.67998633,41.18241208280619,84.94775350717109
10-222-01307,BIHAR,Begusarai,Cheria Bariarpur,0.0,0.0,,191,10,1307,,80422.0696045629,127840547.1243011,40.77711426474951,84.4528671568857
10-221-01302,BIHAR,Samastipur,Hasanpur,0.0,0.0,,217,10,1302,,122795.93417076243,188091095.39019313,40.76055066336665,84.76327529981623
10-221-01303,BIHAR,Samastipur,Bithan,0.0,0.0,,217,10,1303,,72838.55780104545,149849875.79630712,39.05321155961468,84.49102363254558
10-222-01304,BIHAR,Begusarai,Khudabandpur,0.0,0.0,,191,10,1304,,49522.71992212785,59617610.47663844,42.71125923196731,85.82210982900973
10-222-01305,BIHAR,Begusarai,Chhorahi,0.0,0.0,,191,10,1305,,96201.09768359947,128309829.49376953,39.84249933842873,83.72604722840553
10-222-01306,BIHAR,Begusarai,Garhpura,0.0,0.0,,191,10,1306,,69581.28073662621,88651595.91159394,39.8469395799313,83.3086153499634
10-222-01308,BIHAR,Begusarai,Bhagwanpur,0.0,0.0,,191,10,1308,,102620.52088176137,147276258.21886113,42.22637597897076,84.94554348120647
10-223-01324,BIHAR,Khagaria,Mansi,0.0,0.0,,202,10,1324,,70720.37786012898,86151878.56106131,36.021969372518605,83.70285208292339
10-222-01309,BIHAR,Begusarai,Mansurchak,0.0,0.0,,191,10,1309,,55538.61039021854,42158333.283958256,43.984864992894366,85.96289673140691
10-224-01333,BIHAR,Bhagalpur,Rangra Chowk,0.0,0.0,,192,10,1333,,56200.86409227388,97946271.45940188,30.700286865234375,73.66225687662761
10-222-01310,BIHAR,Begusarai,Bachhwara,0.0,0.0,,191,10,1310,,112893.55520851951,186501763.14040864,43.598864949291794,85.58076404638624
10-222-01311,BIHAR,Begusarai,Teghra,0.0,0.0,,191,10,1311,,93442.93751421869,180050069.66821858,42.020094130675524,75.84213178294574
10-222-01312,BIHAR,Begusarai,Barauni,0.0,0.0,,191,10,1312,,90573.71511882372,141812926.41245717,42.033795749704844,81.61409315792433
10-222-01313,BIHAR,Begusarai,Birpur,0.0,0.0,,191,10,1313,,69057.86510087451,64693086.30641256,41.60879283501102,84.46923895114921
10-222-01314,BIHAR,Begusarai,Begusarai,0.0,0.0,,191,10,1314,,114572.02827886646,273941103.5239774,40.63777026707462,84.00276497360542
10-222-01315,BIHAR,Begusarai,Naokothi,0.0,0.0,,191,10,1315,,61794.845266753924,91575422.87048158,40.27579107891727,84.46508360111105
10-222-01316,BIHAR,Begusarai,Bakhri,0.0,0.0,,191,10,1316,,74902.13049058078,94921186.04856166,38.88404212827682,84.29225440938426
10-222-01317,BIHAR,Begusarai,Dandari,0.0,0.0,,191,10,1317,,77075.31892237118,85364223.36403492,39.063266450211394,83.83913596972741
10-222-01318,BIHAR,Begusarai,Sahebpur Kamal,0.0,0.0,,191,10,1318,,97820.3506924087,179327758.1582562,37.99591505538296,80.23528169444614
10-222-01319,BIHAR,Begusarai,Balia,0.0,0.0,,191,10,1319,,95726.56851828664,181873531.04775092,39.19524844873571,81.86850536438965
10-222-01320,BIHAR,Begusarai,Matihani,0.0,0.0,,191,10,1320,,104199.58891726227,214311339.790948,39.432924335378324,73.04847090537275
10-222-01321,BIHAR,Begusarai,Shamho Akha Kurha,0.0,0.0,,191,10,1321,,47884.70174269599,82130306.58899558,39.831955689145296,81.45328331798129
10-223-01322,BIHAR,Khagaria,Alauli,0.0,0.0,,202,10,1322,,117176.16085281859,337532903.06560946,37.557406963779236,83.89170740652015
10-223-01323,BIHAR,Khagaria,Khagaria,0.0,0.0,,202,10,1323,,164255.4907534744,325761754.1557925,37.253351620932364,82.33873491043465
10-223-01325,BIHAR,Khagaria,Chautham,0.0,0.0,,202,10,1325,,88833.5659059585,205164632.7891582,35.05186539405933,78.13237903990431
10-228-01376,BIHAR,Sheikhpura,Chewara,0.0,0.0,,219,10,1376,,77279.14911837938,141385828.1075451,50.752355259552765,82.65481484603873
10-223-01326,BIHAR,Khagaria,Beldaur,0.0,0.0,,202,10,1326,,101449.44415348554,276820454.1841197,34.53614156000043,81.15034441989309
10-223-01327,BIHAR,Khagaria,Gogri,0.0,0.0,,202,10,1327,,109725.85953588395,321971045.3784509,34.353282217799226,80.3690099950783
10-223-01328,BIHAR,Khagaria,Parbatta,0.0,0.0,,202,10,1328,,89952.53209418767,286770838.53234714,34.46890083407991,80.31701981373836
10-224-01329,BIHAR,Bhagalpur,Narayanpur,0.0,0.0,,192,10,1329,,96964.50839109154,173637043.38008544,32.47970151650721,72.52127928051942
10-224-01330,BIHAR,Bhagalpur,Bihpur,0.0,0.0,,192,10,1330,,98960.16392998041,189427956.2070791,32.67248816412415,74.72739610731195
10-234-01472,BIHAR,Rohtas,Akorhi Gola,0.0,0.0,,215,10,1472,,71741.57946050014,124356844.03544964,101.00571725156705,83.26373617598914
10-224-01331,BIHAR,Bhagalpur,Kharik,0.0,0.0,,192,10,1331,,103106.05203500649,169292223.68779984,32.46684242427809,74.25777521464595
10-224-01332,BIHAR,Bhagalpur,Naugachhia,0.0,0.0,,192,10,1332,,91833.23423872421,134223697.96961665,32.6826439776971,78.8574663489023
10-224-01335,BIHAR,Bhagalpur,Pirpainti,0.0,0.0,,192,10,1335,,138631.2255747686,411429376.6216011,37.56844568336793,80.26043526866734
10-224-01336,BIHAR,Bhagalpur,Kahalgaon,0.0,0.0,,192,10,1336,,128722.99744742387,352186242.20537144,37.7275175104752,79.68879809906451
10-224-01337,BIHAR,Bhagalpur,Ismailpur,0.0,0.0,,192,10,1337,,66332.03197363381,102752037.41138108,31.079192290930223,68.19315771633335
10-224-01338,BIHAR,Bhagalpur,Sabour,0.0,0.0,,192,10,1338,,85492.0541239663,141198925.34276122,32.88824528394957,77.23982975005109
10-226-01359,BIHAR,Munger,Dharhara,0.0,0.0,,207,10,1359,,105188.90103685112,355220468.750446,137.47761403037075,87.24631568334202
10-224-01339,BIHAR,Bhagalpur,Nathnagar,0.0,0.0,,192,10,1339,,105259.93673308079,163498377.60317266,34.36635874592279,79.31266126284018
10-226-01360,BIHAR,Munger,Kharagpur,0.0,0.0,,207,10,1360,,169586.30903503796,398589433.5102216,91.4213953325985,85.63109672463928
10-224-01340,BIHAR,Bhagalpur,Sultanganj,0.0,0.0,,192,10,1340,,139861.1879796442,266407467.3450057,36.08608465470186,80.86049559253438
10-224-01341,BIHAR,Bhagalpur,Shahkund,0.0,0.0,,192,10,1341,,93276.90256650816,208798734.37786233,39.47172695582605,81.29242623388004
10-224-01342,BIHAR,Bhagalpur,Goradih,0.0,0.0,,192,10,1342,,106918.08891287447,178026414.43832883,35.7337808480814,81.08235648905692
10-224-01343,BIHAR,Bhagalpur,Jagdishpur,0.0,0.0,,192,10,1343,,107045.71303668506,127447147.46016994,40.43081785547058,81.33998751365694
10-224-01344,BIHAR,Bhagalpur,Sonhaula,0.0,0.0,,192,10,1344,,84463.86530366821,214425428.57327408,37.971272813243154,83.81127299866957
10-225-01345,BIHAR,Banka,Shambhuganj,0.0,0.0,,190,10,1345,,85765.27415008907,217970788.89652416,54.88677551094824,81.1354628160951
10-225-01346,BIHAR,Banka,Amarpur,0.0,0.0,,190,10,1346,,98000.87839154692,234663534.19316816,59.23462951674625,81.69676419790714
10-225-01347,BIHAR,Banka,Rajaun,0.0,0.0,,190,10,1347,,86718.04358754268,242814641.5593075,54.4707249032617,81.60170815710464
10-226-01363,BIHAR,Munger,Tetiha Bambor,0.0,0.0,,207,10,1363,,73286.15332623897,95190725.80042528,61.52898331437635,82.8315315503334
10-225-01348,BIHAR,Banka,Dhuraiya,0.0,0.0,,190,10,1348,,106681.6377356153,285703540.38620996,56.553397923298256,83.75664780862095
10-225-01349,BIHAR,Banka,Barahat,0.0,0.0,,190,10,1349,,122910.23058217819,181202001.14064544,81.64122710000986,83.92310640487949
10-225-01350,BIHAR,Banka,Banka,0.0,0.0,,190,10,1350,,137083.07375503817,365153241.48788345,104.54611320139634,84.71419296124748
10-225-01351,BIHAR,Banka,Phulidumar,0.0,0.0,,190,10,1351,,117105.67306472127,248400685.45023423,104.32779160988399,83.59900568692726
10-225-01352,BIHAR,Banka,Belhar,0.0,0.0,,190,10,1352,,118426.40149548957,290570448.277483,105.32707985396026,84.0437162949074
10-225-01353,BIHAR,Banka,Chanan,0.0,0.0,,190,10,1353,,169565.08902723462,550876204.0147796,201.46299947116404,85.50939853005191
10-225-01354,BIHAR,Banka,Katoria,0.0,0.0,,190,10,1354,,180268.89530762268,687665367.2781417,178.5890130724039,86.5044962500036
10-225-01355,BIHAR,Banka,Bausi,0.0,0.0,,190,10,1355,,109314.78149810205,385846183.7170387,135.024971110141,86.93680182840708
10-226-01356,BIHAR,Munger,Munger,0.0,0.0,,207,10,1356,,162390.1628928388,306519605.49277806,36.1832545138381,69.94496611574277
10-226-01357,BIHAR,Munger,Bariarpur,0.0,0.0,,207,10,1357,,122433.4478606843,198040113.63802013,34.659604519774014,74.16620423427227
10-226-01358,BIHAR,Munger,Jamalpur,0.0,0.0,,207,10,1358,,72817.19566814511,112971204.64248075,45.19239310514999,85.05727202227784
10-226-01361,BIHAR,Munger,Asarganj,0.0,0.0,,207,10,1361,,61173.52838786665,72491453.98190036,39.770347401350094,82.52653531639318
10-226-01362,BIHAR,Munger,Tarapur,0.0,0.0,,207,10,1362,,54416.57713098438,86962445.68425661,49.70446491849752,82.93744998971216
10-226-01364,BIHAR,Munger,Sangrampur,0.0,0.0,,207,10,1364,,71205.18318302365,105786037.21986651,72.5080708735313,81.99828259319044
10-227-01366,BIHAR,Lakhisarai,Pipariya,0.0,0.0,,204,10,1366,,87968.2901826016,106258171.87143916,40.57524983375636,82.36905152148056
10-227-01365,BIHAR,Lakhisarai,Barahiya,0.0,0.0,,204,10,1365,,95965.48426593257,248505135.43154767,40.963972225336775,81.90434239400298
10-227-01367,BIHAR,Lakhisarai,Surajgarha,0.0,0.0,,204,10,1367,,140312.1609931406,462726462.37366486,99.12571653330066,86.13413976241293
10-227-01368,BIHAR,Lakhisarai,Lakhisarai,0.0,0.0,,204,10,1368,,117670.76745524361,181316338.94823277,44.50204303257334,83.80133496410296
10-227-01369,BIHAR,Lakhisarai,Chanan*,0.0,0.0,,204,10,1369,,86014.87070350182,177670731.10250506,91.47465040832307,85.93912630048104
10-228-01375,BIHAR,Sheikhpura,Ghat Kusumbha,0.0,0.0,,219,10,1375,,80592.24583619394,99088070.68237934,40.90632153901763,82.00384051568336
10-227-01370,BIHAR,Lakhisarai,Ramgarh Chowk,0.0,0.0,,204,10,1370,,98990.57354622113,128567389.13844268,50.36704224045996,83.55594967620284
10-227-01371,BIHAR,Lakhisarai,Halsi,0.0,0.0,,204,10,1371,,82594.8188222393,191441208.6304817,53.75304843245711,84.04011477672502
10-228-01372,BIHAR,Sheikhpura,Barbigha,0.0,0.0,,219,10,1372,,83879.7675047183,115941853.486741,46.353011304183745,83.76015060809304
10-228-01373,BIHAR,Sheikhpura,Shekhopur Sarai,0.0,0.0,,219,10,1373,,59774.96229914819,65955650.61796794,53.876243593608685,83.30148477539946
10-228-01374,BIHAR,Sheikhpura,Sheikhpura,0.0,0.0,,219,10,1374,,119718.3677454689,225551054.81458032,46.4715837455145,82.80247925869106
10-228-01377,BIHAR,Sheikhpura,Ariari,0.0,0.0,,219,10,1377,,87552.5859976097,183445963.63454768,56.25583813526277,82.14646787400892
10-229-01378,BIHAR,Nalanda,Karai Parsurai,0.0,0.0,,209,10,1378,,58523.47447411047,82148146.79064696,50.68378670094716,81.99790800053361
10-229-01379,BIHAR,Nalanda,Nagar Nausa,0.0,0.0,,209,10,1379,,82570.35159490984,108015836.82811198,47.575814022113,82.49643591564232
10-229-01380,BIHAR,Nalanda,Harnaut,0.0,0.0,,209,10,1380,,124869.90123154312,224385440.0517296,44.65923742208173,83.56922516826795
10-229-01381,BIHAR,Nalanda,Chandi,0.0,0.0,,209,10,1381,,70527.81459673235,147156102.481168,46.89524144603747,83.29843636880315
10-229-01382,BIHAR,Nalanda,Rahui,0.0,0.0,,209,10,1382,,77076.6108369453,152249665.90613127,47.620753446596545,84.34333265785052
10-229-01383,BIHAR,Nalanda,Bind,0.0,0.0,,209,10,1383,,70364.80140905235,88091657.81671415,44.03635028248588,84.9440395480226
10-229-01384,BIHAR,Nalanda,Sarmera,0.0,0.0,,209,10,1384,,91044.34634338948,167201876.42476654,41.30534887320087,83.25309825116966
10-229-01385,BIHAR,Nalanda,Asthawan,0.0,0.0,,209,10,1385,,92263.18064708126,171325630.7179731,49.463395801402626,84.51003785239887
10-229-01387,BIHAR,Nalanda,Noorsarai,0.0,0.0,,209,10,1387,,78528.62700534344,151514769.88009417,51.553094526709785,82.7707784745707
10-229-01386,BIHAR,Nalanda,Bihar,0.0,0.0,,209,10,1386,,98561.8371020671,215840179.0991975,54.99850705692076,83.6930435303496
10-229-01390,BIHAR,Nalanda,Hilsa,0.0,0.0,,209,10,1390,,93433.88804652911,175765721.10991755,52.27616937859765,82.25474210216198
10-229-01391,BIHAR,Nalanda,Ekangarsarai,0.0,0.0,,209,10,1391,,87121.32234693572,166605847.460251,58.353030737264454,82.81736762914666
10-229-01392,BIHAR,Nalanda,Islampur,0.0,0.0,,209,10,1392,,109868.69145522316,273834151.4326934,64.96257041640048,82.35709826354608
10-229-01393,BIHAR,Nalanda,Ben,0.0,0.0,,209,10,1393,,66947.54721379357,127526149.56798536,57.635225323561514,81.78888195852176
10-230-01398,BIHAR,Patna,Maner,0.0,0.0,,212,10,1398,,96133.56350709034,213315300.3597084,50.754839917618426,72.42629189290395
10-229-01394,BIHAR,Nalanda,Rajgir,0.0,0.0,,209,10,1394,,88740.45664753366,198129288.77271983,91.8591252036596,83.14482516606091
10-229-01395,BIHAR,Nalanda,Silao,0.0,0.0,,209,10,1395,,79220.42929786978,154752836.13944647,61.42353749446203,82.45522431184708
10-229-01396,BIHAR,Nalanda,Giriak,0.0,0.0,,209,10,1396,,88347.46773236175,99576022.5731765,76.98838694229387,84.1985992497406
10-229-01397,BIHAR,Nalanda,Katrisarai,0.0,0.0,,209,10,1397,,38918.76300208476,48673462.28309288,62.12114470004695,83.05009593598824
10-230-01399,BIHAR,Patna,Dinapur-Cum-Khagaul,0.0,0.0,,212,10,1399,,78598.21354533077,184765788.04152673,50.29543587748309,74.37848280483324
10-234-01474,BIHAR,Rohtas,Tilouthu,0.0,0.0,,215,10,1474,,73885.57639601533,193504401.97342023,157.34943963595555,79.32259238191871
10-230-01400,BIHAR,Patna,Patna Rural,0.0,0.0,,212,10,1400,,87518.10425735511,179850223.48881748,50.666097021012156,79.04762274661681
10-230-01401,BIHAR,Patna,Sampatchak,0.0,0.0,,212,10,1401,,53219.7118618291,78902366.60372826,49.034840650797065,78.5066874834077
10-230-01406,BIHAR,Patna,Dulhin Bazar,0.0,0.0,,212,10,1406,,77792.54009458271,136539622.4680228,61.7594007993232,80.87997753726772
10-230-01402,BIHAR,Patna,Phulwari,0.0,0.0,,212,10,1402,,70659.26045014715,135940825.49713776,51.99734397699092,79.03405872598941
10-230-01413,BIHAR,Patna,Khusrupur,0.0,0.0,,212,10,1413,,46143.60198551767,78201544.387751,46.71957125742398,82.87081007366623
10-230-01403,BIHAR,Patna,Bihta,0.0,0.0,,212,10,1403,,116564.9809665079,244879174.98088208,56.327952871390394,79.46747278534646
10-230-01415,BIHAR,Patna,Athmalgola,0.0,0.0,,212,10,1415,,47997.69261940102,62827293.65665197,44.80600828400489,84.27353879358228
10-230-01404,BIHAR,Patna,Naubatpur,0.0,0.0,,212,10,1404,,105087.74367689912,205320191.59612688,56.10791793128566,78.93130023066651
10-230-01405,BIHAR,Patna,Bikram,0.0,0.0,,212,10,1405,,86626.03512108007,186422313.04867813,61.58239930696669,79.58529764069218
10-234-01475,BIHAR,Rohtas,Rohtas,0.0,0.0,,215,10,1475,,88257.59288547112,389741138.17794544,321.7035097215551,87.01113830249525
10-230-01407,BIHAR,Patna,Paliganj,0.0,0.0,,212,10,1407,,129476.3041410336,293354152.7667747,66.11534624572452,81.84600819805635
10-230-01408,BIHAR,Patna,Masaurhi,0.0,0.0,,212,10,1408,,108866.13277400887,248716954.87290823,57.72906258006662,78.70591532154752
10-230-01409,BIHAR,Patna,Dhanarua,0.0,0.0,,212,10,1409,,95102.40821522896,225577653.19725513,54.152228815654695,80.65334145738406
10-230-01410,BIHAR,Patna,Punpun,0.0,0.0,,212,10,1410,,82554.93388622913,161116560.78819045,51.66740292523573,78.53601479941594
10-230-01411,BIHAR,Patna,Fatwah,0.0,0.0,,212,10,1411,,97950.27190535897,155697451.47083917,48.21541485526964,80.76881558644446
10-230-01412,BIHAR,Patna,Daniawan,0.0,0.0,,212,10,1412,,69689.77872311571,79566220.36857046,47.697965982816065,81.64953282733399
10-230-01414,BIHAR,Patna,Bakhtiarpur,0.0,0.0,,212,10,1414,,120205.01587822943,168153072.20481881,45.04887579157081,77.60203258781397
10-230-01416,BIHAR,Patna,Belchhi,0.0,0.0,,212,10,1416,,88573.78025963024,87443681.0926542,43.45770028017585,84.8137115327669
10-230-01417,BIHAR,Patna,Barh,0.0,0.0,,212,10,1417,,95365.9771693495,147280816.515725,43.10388845646215,78.22777082134759
10-230-01419,BIHAR,Patna,Ghoswari,0.0,0.0,,212,10,1419,,66454.95033385535,164897376.1169027,40.82603365921703,83.24423765556972
10-230-01418,BIHAR,Patna,Pandarak,0.0,0.0,,212,10,1418,,106894.44852036482,252509471.6555304,41.37827790734843,71.54404284118847
10-232-01438,BIHAR,Buxar,Chaugain,0.0,0.0,,194,10,1438,,52625.33924401454,66025696.44875917,68.1669058661792,86.16492680494916
10-232-01439,BIHAR,Buxar,Kesath,0.0,0.0,,194,10,1439,,34661.84662025829,38236018.49691825,73.66851692596357,85.263271049957
10-230-01420,BIHAR,Patna,Mokameh,0.0,0.0,,212,10,1420,,127700.39840194934,244519830.48183808,40.79030010674445,70.12579549065782
10-231-01421,BIHAR,Bhojpur,Shahpur,0.0,0.0,,193,10,1421,,110658.91431619873,211766871.4500774,55.53498668049695,83.29649449539122
10-234-01460,BIHAR,Rohtas,Suryapura,0.0,0.0,,215,10,1460,,56159.7630280001,69765063.31452103,82.83155416012559,84.1830241187384
10-231-01422,BIHAR,Bhojpur,Arrah,0.0,0.0,,193,10,1422,,120924.06747051864,221925641.7145924,55.49574133201421,83.794432702253
10-231-01423,BIHAR,Bhojpur,Barhara,0.0,0.0,,193,10,1423,,128817.96875565937,258494738.36324885,52.984080566779724,77.356825539082
10-231-01424,BIHAR,Bhojpur,Koilwar,0.0,0.0,,193,10,1424,,94779.33453556667,208456312.66749656,56.25324532347929,79.24573991460683
10-231-01425,BIHAR,Bhojpur,Sandesh,0.0,0.0,,193,10,1425,,60697.76797134289,164599530.19806212,63.84704058897607,80.46350988084859
10-231-01426,BIHAR,Bhojpur,Udwant Nagar,0.0,0.0,,193,10,1426,,92445.60417460876,217797556.82002312,59.451814980515344,83.9010976430668
10-234-01461,BIHAR,Rohtas,Bikramganj,0.0,0.0,,215,10,1461,,88556.32896667719,168723569.68103397,86.45307561677437,84.31590523137884
10-231-01427,BIHAR,Bhojpur,Behea,0.0,0.0,,193,10,1427,,114516.77527652554,206091349.70539597,59.86934167336386,84.95926488956883
10-231-01428,BIHAR,Bhojpur,Jagdishpur,0.0,0.0,,193,10,1428,,109726.00219208181,318463526.4488765,65.42651469142682,84.40070999693211
10-231-01429,BIHAR,Bhojpur,Piro,0.0,0.0,,193,10,1429,,100703.96274410955,268205354.86689487,76.30923991548427,84.1867069688339
10-234-01462,BIHAR,Rohtas,Karakat,0.0,0.0,,215,10,1462,,102232.22868007293,251121712.10833624,88.7311704507215,83.46128783230071
10-231-01430,BIHAR,Bhojpur,Charpokhari,0.0,0.0,,193,10,1430,,88834.1327790213,135855258.49695313,72.93722324858508,83.36369168059588
10-231-01431,BIHAR,Bhojpur,Garhani,0.0,0.0,,193,10,1431,,93054.52180151101,137128723.85739592,66.86536533627792,83.72164266930129
10-231-01432,BIHAR,Bhojpur,Agiaon,0.0,0.0,,193,10,1432,,87534.07309197474,191419206.17039648,69.42084176678408,80.70240021645134
10-231-01433,BIHAR,Bhojpur,Tarari,0.0,0.0,,193,10,1433,,95157.98131215997,247108515.4982669,80.39782106305711,82.84141107505495
10-231-01434,BIHAR,Bhojpur,Sahar,0.0,0.0,,193,10,1434,,61748.81499939302,157154129.14318892,75.31444692829415,79.65937343659957
10-232-01435,BIHAR,Buxar,Simri,0.0,0.0,,194,10,1435,,87047.69219699135,222195796.247413,59.12748481253819,81.77141521981379
10-232-01436,BIHAR,Buxar,Chakki,0.0,0.0,,194,10,1436,,73799.54032015939,80420668.23199363,57.02070892047924,82.92921348314607
10-232-01437,BIHAR,Buxar,Barhampur,0.0,0.0,,194,10,1437,,133928.15369382405,240152233.65370417,61.496034565131595,83.7687542842899
10-232-01440,BIHAR,Buxar,Dumraon,0.0,0.0,,194,10,1440,,115797.88145848007,238641355.07175583,67.505497260772,86.00256580624402
10-232-01441,BIHAR,Buxar,Buxar,0.0,0.0,,194,10,1441,,90996.21871903203,211591033.38394436,62.664595189709885,80.93445614299792
10-232-01442,BIHAR,Buxar,Chausa,0.0,0.0,,194,10,1442,,99103.08457070828,138502720.57991108,65.33256322782168,83.10186264772351
10-232-01443,BIHAR,Buxar,Rajpur,0.0,0.0,,194,10,1443,,121142.9666413415,336933113.12217736,72.14852889884665,83.50002660219084
10-232-01444,BIHAR,Buxar,Itarhi,0.0,0.0,,194,10,1444,,109439.3274763228,293713382.2816445,67.01311713472376,84.07337588089398
10-232-01445,BIHAR,Buxar,Nawanagar,0.0,0.0,,194,10,1445,,126567.10382889764,229774401.79100823,73.38331837164826,85.62650429985818
10-233-01446,BIHAR,Kaimur (Bhabua),Ramgarh,0.0,0.0,,200,10,1446,,124781.0721120257,206666195.02442607,68.72675250357653,83.82167887747286
10-233-01447,BIHAR,Kaimur (Bhabua),Nuaon,0.0,0.0,,200,10,1447,,121732.74643995032,235834986.4758632,68.43167673014399,83.42186378414897
10-233-01448,BIHAR,Kaimur (Bhabua),Kudra,0.0,0.0,,200,10,1448,,132624.50147962422,255577893.54332253,81.75176960174238,84.42245644057249
10-233-01449,BIHAR,Kaimur (Bhabua),Mohania,0.0,0.0,,200,10,1449,,142323.6809133636,349176573.6513165,73.98213446436151,82.94788174337093
10-233-01450,BIHAR,Kaimur (Bhabua),Durgawati,0.0,0.0,,200,10,1450,,108544.41183902678,212580801.4059764,71.95725967636996,82.4793038724203
10-233-01451,BIHAR,Kaimur (Bhabua),Chand,0.0,0.0,,200,10,1451,,97099.60209928264,257974481.1925409,79.56334441563645,80.36707207606338
10-233-01452,BIHAR,Kaimur (Bhabua),Chainpur,0.0,0.0,,200,10,1452,,170712.34536647963,555311526.8488017,188.30810209765707,85.61687993621578
10-233-01453,BIHAR,Kaimur (Bhabua),Bhabua,0.0,0.0,,200,10,1453,,143727.89821118704,407618990.38615096,80.8455076449021,81.52978488961698
10-233-01454,BIHAR,Kaimur (Bhabua),Rampur,0.0,0.0,,200,10,1454,,126612.15498309073,210660395.23746365,122.58421456732785,85.63610413712864
10-233-01455,BIHAR,Kaimur (Bhabua),Bhagwanpur,0.0,0.0,,200,10,1455,,134815.05705103654,292151198.96788174,144.91659532545182,85.91942519364044
10-233-01456,BIHAR,Kaimur (Bhabua),Adhaura,0.0,0.0,,200,10,1456,,271357.2345421078,1135984955.9859164,414.4240350490053,88.17536364738524
10-234-01457,BIHAR,Rohtas,Kochas,0.0,0.0,,215,10,1457,,90248.48407846906,187033418.62218276,78.05539780280552,83.94979740292888
10-234-01458,BIHAR,Rohtas,Dinara,0.0,0.0,,215,10,1458,,157118.7651045217,464648316.8452498,80.790205207499,84.11055762814226
10-234-01459,BIHAR,Rohtas,Dawath,0.0,0.0,,215,10,1459,,78120.6651060775,129910427.66035384,79.15610511230831,84.57505230325928
10-234-01466,BIHAR,Rohtas,Nokha,0.0,0.0,,215,10,1466,,82152.91978314315,208772248.59610957,95.74839465153585,82.97593762346546
10-235-01476,BIHAR,Aurangabad,Daudnagar,0.0,0.0,,189,10,1476,,91010.07504965532,238139281.75712803,89.04261043674133,81.68137488007342
10-234-01467,BIHAR,Rohtas,Kargahar,0.0,0.0,,215,10,1467,,128509.87472624176,406135690.59563094,88.78339296289589,84.01842235349972
10-234-01468,BIHAR,Rohtas,Chenari,0.0,0.0,,215,10,1468,,121720.69626398994,292642418.8385522,163.64370559201606,86.20471741606552
10-234-01469,BIHAR,Rohtas,Nauhatta,0.0,0.0,,215,10,1469,,175494.75594492842,478591449.404211,291.2549987177472,85.02069804187589
10-234-01470,BIHAR,Rohtas,Sheosagar,0.0,0.0,,215,10,1470,,135463.8765525897,406503956.12222886,171.51386342832734,85.36907548666626
10-234-01471,BIHAR,Rohtas,Sasaram,0.0,0.0,,215,10,1471,,135810.11950728856,394273130.8742507,167.01220964035548,85.46150225643014
10-234-01473,BIHAR,Rohtas,Dehri,0.0,0.0,,215,10,1473,,97323.52013589225,199371136.99043605,105.56105804409181,80.775374690765
10-235-01477,BIHAR,Aurangabad,Haspura,0.0,0.0,,189,10,1477,,88845.10694940752,164519986.5205008,82.76421620707973,82.97400033804993
10-235-01478,BIHAR,Aurangabad,Goh,0.0,0.0,,189,10,1478,,122286.20877621078,374665187.3660463,84.45856986118399,81.61620739185973
10-236-01491,BIHAR,Gaya,Neem Chak Bathani,0.0,0.0,,196,10,1491,,79540.44278654993,146770773.7769567,81.40060346927177,82.79872405488052
10-235-01479,BIHAR,Aurangabad,Rafiganj,0.0,0.0,,189,10,1479,,167069.30684925965,465687847.79432577,100.52132029308616,83.33297134084148
10-235-01480,BIHAR,Aurangabad,Obra,0.0,0.0,,189,10,1480,,130720.05569071589,327203821.09876627,92.76466091978428,81.24711998689662
10-236-01494,BIHAR,Gaya,Manpur,0.0,0.0,,196,10,1494,,77081.78707553667,161226183.41058797,105.73924997385919,86.65599301271367
10-235-01481,BIHAR,Aurangabad,Aurangabad,0.0,0.0,,189,10,1481,,125502.68609205673,344679798.38062614,103.49923061214511,81.19608029245367
10-237-01511,BIHAR,Nawada,Nardiganj,0.0,0.0,,210,10,1511,,60262.24041371029,129808165.4472442,77.66593504080025,83.08840691654112
10-235-01482,BIHAR,Aurangabad,Barun,0.0,0.0,,189,10,1482,,117269.30390529483,381782699.30215496,105.84469083908981,81.11911027747975
10-235-01483,BIHAR,Aurangabad,Nabinagar,0.0,0.0,,189,10,1483,,173491.30877801325,657546828.2218357,133.329229300236,82.15050731873352
10-235-01484,BIHAR,Aurangabad,Kutumba,0.0,0.0,,189,10,1484,,110495.73757590447,319048251.76106954,138.97145880658897,81.82548194490994
10-235-01485,BIHAR,Aurangabad,Deo,0.0,0.0,,189,10,1485,,158578.88849021672,336990745.1586724,153.65746276769215,83.37686528794258
10-235-01486,BIHAR,Aurangabad,Madanpur,0.0,0.0,,189,10,1486,,153529.37367368402,418713952.50229967,162.95839186140552,85.47582495022158
10-236-01487,BIHAR,Gaya,Konch,0.0,0.0,,196,10,1487,,154041.56172387034,319288521.7326548,93.34662861796807,83.45061285138316
10-236-01488,BIHAR,Gaya,Tikari,0.0,0.0,,196,10,1488,,122221.36853604284,290576655.12704176,87.38294332661496,85.49461278311071
10-236-01489,BIHAR,Gaya,Belaganj,0.0,0.0,,196,10,1489,,113473.13279109563,240372540.95814112,86.87186138245802,86.51734577972367
10-236-01490,BIHAR,Gaya,Khizirsarai,0.0,0.0,,196,10,1490,,103698.13096672995,223124430.97950032,83.83485805820058,84.69468719409095
10-236-01492,BIHAR,Gaya,Muhra,0.0,0.0,,196,10,1492,,93681.45756176667,181269438.2139707,112.27350698682547,84.59596280261192
10-236-01493,BIHAR,Gaya,Atri,0.0,0.0,,196,10,1493,,103075.15367958385,161340647.62451813,100.56303668528406,85.57535122899392
10-236-01495,BIHAR,Gaya,Gaya Town C.D.Block,0.0,0.0,,196,10,1495,,91678.58033080616,224144813.6021213,105.63649715114839,86.62658810206321
10-236-01496,BIHAR,Gaya,Paraiya,0.0,0.0,,196,10,1496,,75593.31264449215,167300846.5298876,109.43727001771715,85.99263464147947
10-236-01497,BIHAR,Gaya,Guraru,0.0,0.0,,196,10,1497,,81292.54933661391,199646285.7542363,114.87362113645165,85.96866467428538
10-237-01512,BIHAR,Nawada,Nawada,0.0,0.0,,210,10,1512,,86822.75137888109,219317998.1072041,80.3889276049633,82.07525499814464
10-236-01498,BIHAR,Gaya,Gurua,0.0,0.0,,196,10,1498,,117859.62964526065,238015237.1519128,130.54497907079315,86.42099744522207
10-236-01499,BIHAR,Gaya,Amas,0.0,0.0,,196,10,1499,,100546.69423332924,128484051.44985774,153.2184242760406,86.7977766992535
10-237-01517,BIHAR,Nawada,Roh,0.0,0.0,,210,10,1517,,77804.52626079548,192537548.9783989,103.12171637292833,82.058838681758
10-236-01500,BIHAR,Gaya,Banke Bazar,0.0,0.0,,196,10,1500,,85166.97220092022,256240042.68049288,194.40342363419464,87.76671569706166
10-236-01501,BIHAR,Gaya,Imamganj,0.0,0.0,,196,10,1501,,136271.57775821586,316917295.57645696,212.86540818904612,86.56318329127664
10-236-01502,BIHAR,Gaya,Dumaria,0.0,0.0,,196,10,1502,,119690.94596035974,390676703.928496,247.54272872674267,87.02550968760755
10-236-01503,BIHAR,Gaya,Sherghati,0.0,0.0,,196,10,1503,,100322.2973073121,167902109.12194017,144.25597472785887,86.5601008999664
10-238-01531,BIHAR,Jamui,Gidhaur,0.0,0.0,,198,10,1531,,55211.5633940527,100392309.18230554,97.49212372764107,84.62452811542643
10-236-01504,BIHAR,Gaya,Dobhi,0.0,0.0,,196,10,1504,,103572.88994215836,218837778.49499393,159.6550664098878,86.48154175821195
10-236-01505,BIHAR,Gaya,Bodh Gaya,0.0,0.0,,196,10,1505,,120948.91182130505,306843965.9119923,124.80281167280005,86.29682355219833
10-236-01506,BIHAR,Gaya,Tan Kuppa,0.0,0.0,,196,10,1506,,108147.94853451202,190099968.23000297,130.39103024998175,86.65855450311044
10-240-01542,BIHAR,Arwal,Arwal,0.0,0.0,,611,10,1542,,73924.8054791393,147787869.27798152,74.36716904167312,81.11411474074623
10-236-01507,BIHAR,Gaya,Wazirganj,0.0,0.0,,196,10,1507,,105472.06999302967,323030583.61833626,111.73975595983403,86.23342785593283
10-236-01508,BIHAR,Gaya,Fatehpur,0.0,0.0,,196,10,1508,,155359.44599717355,408449805.62920874,167.06804790378524,87.35075391987435
10-240-01543,BIHAR,Arwal,Kaler,0.0,0.0,,611,10,1543,,67777.19153730445,176075758.749563,80.86048205834848,80.93463749618803
10-236-01509,BIHAR,Gaya,Mohanpur,0.0,0.0,,196,10,1509,,119906.24818546322,418796109.2883684,162.90763259047858,86.71086782414353
10-240-01544,BIHAR,Arwal,Karpi,0.0,0.0,,611,10,1544,,158139.92638461498,234985661.7206014,72.71091623956221,81.86439028106365
10-236-01510,BIHAR,Gaya,Barachatti,0.0,0.0,,196,10,1510,,138753.78132836288,366328956.31361085,199.53675690701672,87.53698630876396
10-237-01513,BIHAR,Nawada,Warisaliganj,0.0,0.0,,210,10,1513,,109792.76918459819,202861050.3008767,70.6426525806657,81.77917843627765
10-237-01514,BIHAR,Nawada,Kashi Chak,0.0,0.0,,210,10,1514,,73948.94452619922,98983451.20841853,58.82731487986511,82.44194985848773
10-237-01515,BIHAR,Nawada,Pakribarawan,0.0,0.0,,210,10,1515,,104545.76938151139,251834567.85717744,72.89002309578049,81.96876157744968
10-237-01516,BIHAR,Nawada,Kawakol,0.0,0.0,,210,10,1516,,121170.20018263235,362955647.76482904,165.12161117319047,86.68639606140665
10-237-01518,BIHAR,Nawada,Gobindpur,0.0,0.0,,210,10,1518,,73133.35659787485,188189390.13263756,170.89536494293733,85.46445894490702
10-237-01519,BIHAR,Nawada,Akbarpur,0.0,0.0,,210,10,1519,,91268.2921062847,249541236.96202633,108.23365195143656,81.58710748792271
10-237-01520,BIHAR,Nawada,Hisua,0.0,0.0,,210,10,1520,,85113.4923130193,144090762.99664384,91.68621862392774,82.91138970355378
10-237-01521,BIHAR,Nawada,Narhat,0.0,0.0,,210,10,1521,,62856.50481924386,99624005.77002536,101.75612935323383,81.91444776119403
10-237-01522,BIHAR,Nawada,Meskaur,0.0,0.0,,210,10,1522,,75185.00287586387,145604023.18435815,109.63632094412948,83.73423218016865
10-237-01523,BIHAR,Nawada,Sirdala,0.0,0.0,,210,10,1523,,111278.51695598938,301894539.186342,157.62836561171468,85.01625728231774
10-237-01524,BIHAR,Nawada,Rajauli,0.0,0.0,,210,10,1524,,132370.86211000624,450216393.36794454,228.4727898037629,85.4225738637863
10-238-01525,BIHAR,Jamui,Islamnagar Aliganj,0.0,0.0,,198,10,1525,,96153.77396855215,213408239.47295904,83.47175463158923,84.22253024545213
10-238-01526,BIHAR,Jamui,Sikandra,0.0,0.0,,198,10,1526,,86788.2538333537,223096734.30010977,87.25121548706224,85.33787648961109
10-238-01527,BIHAR,Jamui,Jamui,0.0,0.0,,198,10,1527,,90084.78430112793,212157753.6648698,74.03998128436075,84.9569961398994
10-238-01528,BIHAR,Jamui,Barhat,0.0,0.0,,198,10,1528,,114104.37581341481,270298087.1382075,177.24502987586632,86.96722841624836
10-238-01529,BIHAR,Jamui,Lakshmipur,0.0,0.0,,198,10,1529,,112147.89260238525,307635253.00857943,129.67530430741826,86.01642550115527
10-238-01530,BIHAR,Jamui,Jhajha,0.0,0.0,,198,10,1530,,147664.43327942316,507112726.974952,172.87144418313227,86.34653904727274
10-238-01532,BIHAR,Jamui,Khaira,0.0,0.0,,198,10,1532,,142747.05687020053,513762691.7981683,154.85294395797186,86.29994460838903
10-238-01533,BIHAR,Jamui,Sono,0.0,0.0,,198,10,1533,,117724.39892386932,474283005.7300444,166.12978862488174,86.5379215859086
10-238-01534,BIHAR,Jamui,Chakai,0.0,0.0,,198,10,1534,,243956.2217086091,956725034.6798706,290.8250019393776,87.04478772865262
10-239-01535,BIHAR,Jehanabad,Ratni Faridpur,0.0,0.0,,199,10,1535,,82762.53932271499,155018952.20303965,69.4512187299551,83.13482360487492
10-239-01536,BIHAR,Jehanabad,Jehanabad,0.0,0.0,,199,10,1536,,97254.09844747804,201426556.69272655,64.16587471721971,81.54323451253124
10-239-01537,BIHAR,Jehanabad,Kako,0.0,0.0,,199,10,1537,,83599.3529020472,162373941.78194478,63.60984588621552,82.4167320037242
10-239-01538,BIHAR,Jehanabad,Modanganj,0.0,0.0,,199,10,1538,,66522.90037500951,97205276.85869928,59.11600331759863,82.73357839874669
10-239-01539,BIHAR,Jehanabad,Ghoshi,0.0,0.0,,199,10,1539,,82931.95174196921,112225161.55433495,68.9915033490449,83.19719495339689
10-239-01540,BIHAR,Jehanabad,Makhdumpur,0.0,0.0,,199,10,1540,,128831.72570768485,301471679.33572614,76.57419169828236,86.07353081748154
10-239-01541,BIHAR,Jehanabad,Hulasganj,0.0,0.0,,199,10,1541,,87179.53907708311,119677697.18988888,72.13113882845327,84.04424440716812
10-240-01545,BIHAR,Arwal,Sonbhadra Banshi Suryapur,0.0,0.0,,611,10,1545,,62692.97791397586,116643000.97724338,73.9086447104938,81.9234800391973
10-240-01546,BIHAR,Arwal,Kurtha,0.0,0.0,,611,10,1546,,71585.17106640573,106433073.5354984,72.56741410386918,82.77092185996993
10-224-01334,BIHAR,Bhagalpur,Gopalpur,0.0,0.0,,192,10,1334,,95407.9186210158,208941966.91883087,30.228261801961512,65.62145083350013
10-210-01127,BIHAR,Kishanganj,Kishanganj,0.0,0.0,,203,10,1127,,125268.33771117091,207105687.55921903,49.11009129900181,84.50509744691975
