{
  "tenderid": 0,
  "tenderrefno": null,
  "publisheDateFrom": null,
  "publishDateTo": null,
  "closeDateFrom": null,
  "closeDateTo": null,
  "valueCriteriaFrom": null,
  "valueCriteriaTo": null,
  "bidPartList": null,
  "procurementCategoryList": null,
  "stateList": null,
  "tenderTypeList": null,
  "tenderCategoryList": null,
  "corrigendumFlag": null,
  "orgId": 0,
  "deptId": 0,
  "valueCriteriaId": 0,
  "dateCriteriaId": 0,
  "valueTypeId": 0,
  "dateCriteriaFrom": null,
  "dateCriteriaTo": null,
  "itemTitle": null,
  "isRollBack": "N",
  "currenttenderid": 10549,
  "currentOrgTenderId": 10500,
  "currenttenderrefno": "NIT-50/PR/BSPTCL/2021",
  "currentgroupid": 0,
  "currentorgid": 538,
  "currentdeptid": 795,
  "currenttendertypeid": 101,
  "currenttendercatid": 102,
  "currentproccatid": 1522,
  "currentpacamt": null,
  "currentstatus": 7,
  "currentauctionflag": null,
  "currentauctiontype": null,
  "currentinitiateauction": null,
  "currentdescription": "Supply of 11492 KGs SF6 Gas (in 124 Cylinders of 52Kg and 194 Cylinders of 26KG)conforming to IEC:376  in non-returnable cylinders.",
  "currentownerdegitalcertid": null,
  "currenttendercurrency": null,
  "currentbidcurrency": null,
  "currentminbidno": 0,
  "currenttendercallno": 0,
  "currentqueryString": null,
  "currentindentNo": null,
  "currentBidPartNo": 2,
  "currentbidEndDate": 1644316246000,
  "currentbidStartDate": 1641461446000,
  "currentbidOpenDate": 1644490800000,
  "currentDocSubmissionEndDate": 1644316260000,
  "currentTenderPublishDate": 1641291032000,
  "currentTenderCancelDate": null,
  "currentTenderCancelReason": null,
  "currentTenderCancelAttachment": null,
  "currentTenderCancelAttachmentPath": null,
  "startDate": null,
  "endDate": null,
  "dateParam": 0,
  "procatId": 0,
  "typeId": 0,
  "textFilter": null
}