{
  "tenderid": 0,
  "tenderrefno": null,
  "publisheDateFrom": null,
  "publishDateTo": null,
  "closeDateFrom": null,
  "closeDateTo": null,
  "valueCriteriaFrom": null,
  "valueCriteriaTo": null,
  "bidPartList": null,
  "procurementCategoryList": null,
  "stateList": null,
  "tenderTypeList": null,
  "tenderCategoryList": null,
  "corrigendumFlag": null,
  "orgId": 0,
  "deptId": 0,
  "valueCriteriaId": 0,
  "dateCriteriaId": 0,
  "valueTypeId": 0,
  "dateCriteriaFrom": null,
  "dateCriteriaTo": null,
  "itemTitle": null,
  "isRollBack": "N",
  "currenttenderid": 17682,
  "currentOrgTenderId": 17584,
  "currenttenderrefno": "BCECEB (E-Ten) - 2021/01 dated 27.12.2021",
  "currentgroupid": 0,
  "currentorgid": 538,
  "currentdeptid": 1555,
  "currenttendertypeid": 101,
  "currenttendercatid": 102,
  "currentproccatid": 1558,
  "currentpacamt": null,
  "currentstatus": 7,
  "currentauctionflag": null,
  "currentauctiontype": null,
  "currentinitiateauction": null,
  "currentdescription": "\"SELECTION OF SYSTEM INTEGRATOR TO DESIGN, DEVELOP & MAINTAIN THE WEB-BASED APPLICATION FOR RECEIVING ONLINE APPLICATION FROM CANDIDATE FOR DIFFERENT EXAMINATIONS/COUNSELLING\"",
  "currentownerdegitalcertid": null,
  "currenttendercurrency": null,
  "currentbidcurrency": null,
  "currentminbidno": 0,
  "currenttendercallno": 0,
  "currentqueryString": null,
  "currentindentNo": null,
  "currentBidPartNo": 2,
  "currentbidEndDate": 1644309000000,
  "currentbidStartDate": 1641285000000,
  "currentbidOpenDate": 1644316200000,
  "currentDocSubmissionEndDate": null,
  "currentTenderPublishDate": 1641281994000,
  "currentTenderCancelDate": null,
  "currentTenderCancelReason": null,
  "currentTenderCancelAttachment": null,
  "currentTenderCancelAttachmentPath": null,
  "startDate": null,
  "endDate": null,
  "dateParam": 0,
  "procatId": 0,
  "typeId": 0,
  "textFilter": null
}