{
  "tenderid": 0,
  "tenderrefno": null,
  "publisheDateFrom": null,
  "publishDateTo": null,
  "closeDateFrom": null,
  "closeDateTo": null,
  "valueCriteriaFrom": null,
  "valueCriteriaTo": null,
  "bidPartList": null,
  "procurementCategoryList": null,
  "stateList": null,
  "tenderTypeList": null,
  "tenderCategoryList": null,
  "corrigendumFlag": null,
  "orgId": 0,
  "deptId": 0,
  "valueCriteriaId": 0,
  "dateCriteriaId": 0,
  "valueTypeId": 0,
  "dateCriteriaFrom": null,
  "dateCriteriaTo": null,
  "itemTitle": null,
  "isRollBack": "N",
  "currenttenderid": 17729,
  "currentOrgTenderId": 17631,
  "currenttenderrefno": "Nit No. 01/2021-22 LKR",
  "currentgroupid": 0,
  "currentorgid": 538,
  "currentdeptid": 800,
  "currenttendertypeid": 101,
  "currenttendercatid": 102,
  "currentproccatid": 999,
  "currentpacamt": null,
  "currentstatus": 7,
  "currentauctionflag": null,
  "currentauctiontype": null,
  "currentinitiateauction": null,
  "currentdescription": "Daily regular cleaning of all roads, paths, ghats, important public places, under Nagar Parishad, Lakhisarai area, morning and night cleaning in all commercial areas, sprinkling of water on roads as per requirement, removal of all big and small drains and disposal of silt, Door to door garbage collection work (wet and dry) from all wards, segregation of waste at source, transporting it to composting peat and MRF center and disposal of unusable waste at landfill site, compost machine and MRF center Operation, sprinkling of picking and bleaching powder, sanitization, execution of dead animals and birds.",
  "currentownerdegitalcertid": null,
  "currenttendercurrency": null,
  "currentbidcurrency": null,
  "currentminbidno": 0,
  "currenttendercallno": 0,
  "currentqueryString": null,
  "currentindentNo": null,
  "currentBidPartNo": 1,
  "currentbidEndDate": 1641893400000,
  "currentbidStartDate": 1641616200000,
  "currentbidOpenDate": 1642068000000,
  "currentDocSubmissionEndDate": 1641979800000,
  "currentTenderPublishDate": 1641460589000,
  "currentTenderCancelDate": null,
  "currentTenderCancelReason": null,
  "currentTenderCancelAttachment": null,
  "currentTenderCancelAttachmentPath": null,
  "startDate": null,
  "endDate": null,
  "dateParam": 0,
  "procatId": 0,
  "typeId": 0,
  "textFilter": null
}