{
  "tenderid": 0,
  "tenderrefno": null,
  "publisheDateFrom": null,
  "publishDateTo": null,
  "closeDateFrom": null,
  "closeDateTo": null,
  "valueCriteriaFrom": null,
  "valueCriteriaTo": null,
  "bidPartList": null,
  "procurementCategoryList": null,
  "stateList": null,
  "tenderTypeList": null,
  "tenderCategoryList": null,
  "corrigendumFlag": null,
  "orgId": 0,
  "deptId": 0,
  "valueCriteriaId": 0,
  "dateCriteriaId": 0,
  "valueTypeId": 0,
  "dateCriteriaFrom": null,
  "dateCriteriaTo": null,
  "itemTitle": null,
  "isRollBack": "N",
  "currenttenderid": 17730,
  "currentOrgTenderId": 17632,
  "currenttenderrefno": "NIT-52/PR/BSPTCL/2021",
  "currentgroupid": 0,
  "currentorgid": 538,
  "currentdeptid": 795,
  "currenttendertypeid": 101,
  "currenttendercatid": 102,
  "currentproccatid": 1522,
  "currentpacamt": null,
  "currentstatus": 7,
  "currentauctionflag": null,
  "currentauctiontype": null,
  "currentinitiateauction": null,
  "currentdescription": "Design, Manufacture, Supply and Delivery of 4 nos. of 630kVA and 30 nos. of 315  kVA,  33/0.433  KV,  3  phase,  50  Hz, outdoor  type  station  service  transformer  with 10 % extra oil and  accessories/fittings as  per tender specification",
  "currentownerdegitalcertid": null,
  "currenttendercurrency": null,
  "currentbidcurrency": null,
  "currentminbidno": 0,
  "currenttendercallno": 0,
  "currentqueryString": null,
  "currentindentNo": null,
  "currentBidPartNo": 2,
  "currentbidEndDate": 1645525844000,
  "currentbidStartDate": 1641893444000,
  "currentbidOpenDate": 1645700400000,
  "currentDocSubmissionEndDate": 1645526100000,
  "currentTenderPublishDate": 1641813937000,
  "currentTenderCancelDate": null,
  "currentTenderCancelReason": null,
  "currentTenderCancelAttachment": null,
  "currentTenderCancelAttachmentPath": null,
  "startDate": null,
  "endDate": null,
  "dateParam": 0,
  "procatId": 0,
  "typeId": 0,
  "textFilter": null
}