{
  "tenderid": 0,
  "tenderrefno": null,
  "publisheDateFrom": null,
  "publishDateTo": null,
  "closeDateFrom": null,
  "closeDateTo": null,
  "valueCriteriaFrom": null,
  "valueCriteriaTo": null,
  "bidPartList": null,
  "procurementCategoryList": null,
  "stateList": null,
  "tenderTypeList": null,
  "tenderCategoryList": null,
  "corrigendumFlag": null,
  "orgId": 0,
  "deptId": 0,
  "valueCriteriaId": 0,
  "dateCriteriaId": 0,
  "valueTypeId": 0,
  "dateCriteriaFrom": null,
  "dateCriteriaTo": null,
  "itemTitle": null,
  "isRollBack": "N",
  "currenttenderid": 17809,
  "currentOrgTenderId": 17711,
  "currenttenderrefno": "NPM-NIT-02/2021/22",
  "currentgroupid": 0,
  "currentorgid": 538,
  "currentdeptid": 800,
  "currenttendertypeid": 101,
  "currenttendercatid": 102,
  "currentproccatid": 1554,
  "currentpacamt": null,
  "currentstatus": 7,
  "currentauctionflag": null,
  "currentauctiontype": null,
  "currentinitiateauction": null,
  "currentdescription": "Every day cleaning and sanitation work of all principal main roads, main roads, other roads/Streets, Cleaning work of all drains/nalas, Lifting of all waste dumped in the dustbins, Disposal related work of municipal solid waste at identified dumping site after proper execution of deposited garbage at secondary garbage collection center and garbage generated from day to day cleaning work and collection and transportation work of segregated wet and dry waste from all the household with compartmentalized close body garbage vehicles and operational work of compost pit and material recovery facility center (MRF Center) under solid waste processing in all sixteen wards including extended areas (full part of Sherpur Chhatwara Gram Panchayat and partial part of Mangurahi Gram Panchayat) under upgraded Municipal Council, Mahua (Vaishali),",
  "currentownerdegitalcertid": null,
  "currenttendercurrency": null,
  "currentbidcurrency": null,
  "currentminbidno": 0,
  "currenttendercallno": 0,
  "currentqueryString": null,
  "currentindentNo": null,
  "currentBidPartNo": 2,
  "currentbidEndDate": 1642498215000,
  "currentbidStartDate": 1641875415000,
  "currentbidOpenDate": 1642836615000,
  "currentDocSubmissionEndDate": 1642671015000,
  "currentTenderPublishDate": 1641642046000,
  "currentTenderCancelDate": null,
  "currentTenderCancelReason": null,
  "currentTenderCancelAttachment": null,
  "currentTenderCancelAttachmentPath": null,
  "startDate": null,
  "endDate": null,
  "dateParam": 0,
  "procatId": 0,
  "typeId": 0,
  "textFilter": null
}