{
  "tenderid": 0,
  "tenderrefno": null,
  "publisheDateFrom": null,
  "publishDateTo": null,
  "closeDateFrom": null,
  "closeDateTo": null,
  "valueCriteriaFrom": null,
  "valueCriteriaTo": null,
  "bidPartList": null,
  "procurementCategoryList": null,
  "stateList": null,
  "tenderTypeList": null,
  "tenderCategoryList": null,
  "corrigendumFlag": null,
  "orgId": 0,
  "deptId": 0,
  "valueCriteriaId": 0,
  "dateCriteriaId": 0,
  "valueTypeId": 0,
  "dateCriteriaFrom": null,
  "dateCriteriaTo": null,
  "itemTitle": null,
  "isRollBack": "N",
  "currenttenderid": 17819,
  "currentOrgTenderId": 17721,
  "currenttenderrefno": "08/BCD/ARARIA/2021-22",
  "currentgroupid": 0,
  "currentorgid": 538,
  "currentdeptid": 1026,
  "currenttendertypeid": 101,
  "currenttendercatid": 101,
  "currentproccatid": 1557,
  "currentpacamt": null,
  "currentstatus": 4,
  "currentauctionflag": null,
  "currentauctiontype": null,
  "currentinitiateauction": null,
  "currentdescription": "FIRE FIGHTING WORKS FOR NEWLY CONSTRUCCTED GIRL'S  I.T.I FORBESGANJ AT ARARIA",
  "currentownerdegitalcertid": null,
  "currenttendercurrency": null,
  "currentbidcurrency": null,
  "currentminbidno": 0,
  "currenttendercallno": 0,
  "currentqueryString": null,
  "currentindentNo": null,
  "currentBidPartNo": 2,
  "currentbidEndDate": 1643103000000,
  "currentbidStartDate": 1641789000000,
  "currentbidOpenDate": 1643275800000,
  "currentDocSubmissionEndDate": 1643104800000,
  "currentTenderPublishDate": 1641710546000,
  "currentTenderCancelDate": null,
  "currentTenderCancelReason": null,
  "currentTenderCancelAttachment": null,
  "currentTenderCancelAttachmentPath": null,
  "startDate": null,
  "endDate": null,
  "dateParam": 0,
  "procatId": 0,
  "typeId": 0,
  "textFilter": null
}