{
  "tenderid": 0,
  "tenderrefno": null,
  "publisheDateFrom": null,
  "publishDateTo": null,
  "closeDateFrom": null,
  "closeDateTo": null,
  "valueCriteriaFrom": null,
  "valueCriteriaTo": null,
  "bidPartList": null,
  "procurementCategoryList": null,
  "stateList": null,
  "tenderTypeList": null,
  "tenderCategoryList": null,
  "corrigendumFlag": null,
  "orgId": 0,
  "deptId": 0,
  "valueCriteriaId": 0,
  "dateCriteriaId": 0,
  "valueTypeId": 0,
  "dateCriteriaFrom": null,
  "dateCriteriaTo": null,
  "itemTitle": null,
  "isRollBack": "N",
  "currenttenderid": 17841,
  "currentOrgTenderId": 17743,
  "currenttenderrefno": "27/E/NCD/2021-22_GR12",
  "currentgroupid": 0,
  "currentorgid": 538,
  "currentdeptid": 1517,
  "currenttendertypeid": 101,
  "currenttendercatid": 101,
  "currentproccatid": 1557,
  "currentpacamt": null,
  "currentstatus": 7,
  "currentauctionflag": null,
  "currentauctiontype": null,
  "currentinitiateauction": null,
  "currentdescription": "Construction of soak pit (1.40x1.40X 1.20) outer with 0.60X0.60X0.60 ( inner) silt Devi asthan kanulal road mithapur & durga mandir gaya line gumati mithapur,Mithapur chaurha madan chat dukan, Mithapur B-area nahar road, Yarpur khagaul road vinay singh house & shivmandir ambekar colony road no-01 in ward no-19.",
  "currentownerdegitalcertid": null,
  "currenttendercurrency": null,
  "currentbidcurrency": null,
  "currentminbidno": 0,
  "currenttendercallno": 0,
  "currentqueryString": null,
  "currentindentNo": null,
  "currentBidPartNo": 1,
  "currentbidEndDate": 1642671010000,
  "currentbidStartDate": 1641918610000,
  "currentbidOpenDate": 1642843800000,
  "currentDocSubmissionEndDate": 1642757410000,
  "currentTenderPublishDate": 1641821769000,
  "currentTenderCancelDate": null,
  "currentTenderCancelReason": null,
  "currentTenderCancelAttachment": null,
  "currentTenderCancelAttachmentPath": null,
  "startDate": null,
  "endDate": null,
  "dateParam": 0,
  "procatId": 0,
  "typeId": 0,
  "textFilter": null
}