{
  "tenderid": 0,
  "tenderrefno": null,
  "publisheDateFrom": null,
  "publishDateTo": null,
  "closeDateFrom": null,
  "closeDateTo": null,
  "valueCriteriaFrom": null,
  "valueCriteriaTo": null,
  "bidPartList": null,
  "procurementCategoryList": null,
  "stateList": null,
  "tenderTypeList": null,
  "tenderCategoryList": null,
  "corrigendumFlag": null,
  "orgId": 0,
  "deptId": 0,
  "valueCriteriaId": 0,
  "dateCriteriaId": 0,
  "valueTypeId": 0,
  "dateCriteriaFrom": null,
  "dateCriteriaTo": null,
  "itemTitle": null,
  "isRollBack": "N",
  "currenttenderid": 17885,
  "currentOrgTenderId": 17787,
  "currenttenderrefno": "NIT_05/2021-22",
  "currentgroupid": 0,
  "currentorgid": 538,
  "currentdeptid": 800,
  "currenttendertypeid": 101,
  "currenttendercatid": 102,
  "currentproccatid": 1557,
  "currentpacamt": null,
  "currentstatus": 7,
  "currentauctionflag": null,
  "currentauctiontype": null,
  "currentinitiateauction": null,
  "currentdescription": "UNDER THE AREA OF NAGAR PANCHAYAT JHANJHARPUR.\nA.  Door to door collection of wet and dry waste from all the houses and commercial area of the all wards of Nagar Panchayat  Jhanjharpur and segregation at source, secondary storage, transportation.\nB.  Cleaning work of all main/sub main and other roads, commercial areas and religious places in all wards, including garbage collection work, transportation work and sprinkling of lime and bleaching powder regular intervals and sanitization work.\nC.  Regular cleaning and Urahi of all small and big drains in all wards, transportation of garbage and sprinkling of lime and bleaching powder at regular intervals.",
  "currentownerdegitalcertid": null,
  "currenttendercurrency": null,
  "currentbidcurrency": null,
  "currentminbidno": 0,
  "currenttendercallno": 0,
  "currentqueryString": null,
  "currentindentNo": null,
  "currentBidPartNo": 2,
  "currentbidEndDate": 1642584635000,
  "currentbidStartDate": 1641992435000,
  "currentbidOpenDate": 1642759235000,
  "currentDocSubmissionEndDate": 1642757435000,
  "currentTenderPublishDate": 1641991403000,
  "currentTenderCancelDate": null,
  "currentTenderCancelReason": null,
  "currentTenderCancelAttachment": null,
  "currentTenderCancelAttachmentPath": null,
  "startDate": null,
  "endDate": null,
  "dateParam": 0,
  "procatId": 0,
  "typeId": 0,
  "textFilter": null
}