{
  "tenderid": 0,
  "tenderrefno": null,
  "publisheDateFrom": null,
  "publishDateTo": null,
  "closeDateFrom": null,
  "closeDateTo": null,
  "valueCriteriaFrom": null,
  "valueCriteriaTo": null,
  "bidPartList": null,
  "procurementCategoryList": null,
  "stateList": null,
  "tenderTypeList": null,
  "tenderCategoryList": null,
  "corrigendumFlag": null,
  "orgId": 0,
  "deptId": 0,
  "valueCriteriaId": 0,
  "dateCriteriaId": 0,
  "valueTypeId": 0,
  "dateCriteriaFrom": null,
  "dateCriteriaTo": null,
  "itemTitle": null,
  "isRollBack": "N",
  "currenttenderid": 18120,
  "currentOrgTenderId": 18022,
  "currenttenderrefno": "NIT NO- 04/2021-22/GR03/BAIRGANIA",
  "currentgroupid": 0,
  "currentorgid": 538,
  "currentdeptid": 800,
  "currenttendertypeid": 101,
  "currenttendercatid": 101,
  "currentproccatid": 1557,
  "currentpacamt": null,
  "currentstatus": 7,
  "currentauctionflag": null,
  "currentauctiontype": null,
  "currentinitiateauction": null,
  "currentdescription": "CONSTRUCTION OF PAVER BLOCK ROAD,& R.C.C DRAIN, SLAB FROM THE HOUSE OF LATE BINOD SHA TO THE HOUSE OF JAGARNATH SAH AND CONSTRUCTION OF R.C.C.DRAIN & R.C.C.SLAB FROM THE HOUSE OF LAKHICHAN PRASAD TO THE HOUSE OF BINOD CHAUDHARY IN WARD NO- 06 UNDER NAGAR PANCHAYAT BAIRGANIA",
  "currentownerdegitalcertid": null,
  "currenttendercurrency": null,
  "currentbidcurrency": null,
  "currentminbidno": 0,
  "currenttendercallno": 0,
  "currentqueryString": null,
  "currentindentNo": null,
  "currentBidPartNo": 1,
  "currentbidEndDate": 1643103006000,
  "currentbidStartDate": 1642482000000,
  "currentbidOpenDate": 1643277600000,
  "currentDocSubmissionEndDate": 1643275834000,
  "currentTenderPublishDate": 1642416567000,
  "currentTenderCancelDate": null,
  "currentTenderCancelReason": null,
  "currentTenderCancelAttachment": null,
  "currentTenderCancelAttachmentPath": null,
  "startDate": null,
  "endDate": null,
  "dateParam": 0,
  "procatId": 0,
  "typeId": 0,
  "textFilter": null
}