{
  "tenderid": 0,
  "tenderrefno": null,
  "publisheDateFrom": null,
  "publishDateTo": null,
  "closeDateFrom": null,
  "closeDateTo": null,
  "valueCriteriaFrom": null,
  "valueCriteriaTo": null,
  "bidPartList": null,
  "procurementCategoryList": null,
  "stateList": null,
  "tenderTypeList": null,
  "tenderCategoryList": null,
  "corrigendumFlag": null,
  "orgId": 0,
  "deptId": 0,
  "valueCriteriaId": 0,
  "dateCriteriaId": 0,
  "valueTypeId": 0,
  "dateCriteriaFrom": null,
  "dateCriteriaTo": null,
  "itemTitle": null,
  "isRollBack": "N",
  "currenttenderid": 18293,
  "currentOrgTenderId": 18195,
  "currenttenderrefno": "BSMCL-07/2021-22/PATNA/CLUSTER- 40",
  "currentgroupid": 0,
  "currentorgid": 538,
  "currentdeptid": 2005,
  "currenttendertypeid": 121,
  "currenttendercatid": 102,
  "currentproccatid": 1559,
  "currentpacamt": null,
  "currentstatus": 7,
  "currentauctionflag": null,
  "currentauctiontype": null,
  "currentinitiateauction": null,
  "currentdescription": "EC approved Sandghat of Patna(Cluster-40)Sundarpur Ghat, Sundarpur Ghat-1, Deodar Bakhtiyarpur Ghat, Damariyahi Bakhtiyarpur (Minable Quantity-34502580 CFT)",
  "currentownerdegitalcertid": null,
  "currenttendercurrency": null,
  "currentbidcurrency": null,
  "currentminbidno": 0,
  "currenttendercallno": 0,
  "currentqueryString": null,
  "currentindentNo": null,
  "currentBidPartNo": 1,
  "currentbidEndDate": 1643268640000,
  "currentbidStartDate": 1642703380000,
  "currentbidOpenDate": 1643275840000,
  "currentDocSubmissionEndDate": 1643275720000,
  "currentTenderPublishDate": 1642681831000,
  "currentTenderCancelDate": null,
  "currentTenderCancelReason": null,
  "currentTenderCancelAttachment": null,
  "currentTenderCancelAttachmentPath": null,
  "startDate": null,
  "endDate": null,
  "dateParam": 0,
  "procatId": 0,
  "typeId": 0,
  "textFilter": null
}