{
  "tenderid": 0,
  "tenderrefno": null,
  "publisheDateFrom": null,
  "publishDateTo": null,
  "closeDateFrom": null,
  "closeDateTo": null,
  "valueCriteriaFrom": null,
  "valueCriteriaTo": null,
  "bidPartList": null,
  "procurementCategoryList": null,
  "stateList": null,
  "tenderTypeList": null,
  "tenderCategoryList": null,
  "corrigendumFlag": null,
  "orgId": 0,
  "deptId": 0,
  "valueCriteriaId": 0,
  "dateCriteriaId": 0,
  "valueTypeId": 0,
  "dateCriteriaFrom": null,
  "dateCriteriaTo": null,
  "itemTitle": null,
  "isRollBack": "N",
  "currenttenderid": 18317,
  "currentOrgTenderId": 18219,
  "currenttenderrefno": "BSMCL/07/2021-22 /AURANGABAD/CLUSTER-28",
  "currentgroupid": 0,
  "currentorgid": 538,
  "currentdeptid": 2005,
  "currenttendertypeid": 121,
  "currenttendercatid": 102,
  "currentproccatid": 1559,
  "currentpacamt": null,
  "currentstatus": 4,
  "currentauctionflag": null,
  "currentauctiontype": null,
  "currentinitiateauction": null,
  "currentdescription": "EC approved Sandghat of AURANGABAD (Cluster-28) (DUMRA GHAT & DHONGRA GHAT) (Minable Quantity- 1890000 CFT)",
  "currentownerdegitalcertid": null,
  "currenttendercurrency": null,
  "currentbidcurrency": null,
  "currentminbidno": 0,
  "currenttendercallno": 0,
  "currentqueryString": null,
  "currentindentNo": null,
  "currentBidPartNo": 1,
  "currentbidEndDate": 1643268654000,
  "currentbidStartDate": 1642703394000,
  "currentbidOpenDate": 1643275854000,
  "currentDocSubmissionEndDate": 1643275794000,
  "currentTenderPublishDate": 1642678093000,
  "currentTenderCancelDate": null,
  "currentTenderCancelReason": null,
  "currentTenderCancelAttachment": null,
  "currentTenderCancelAttachmentPath": null,
  "startDate": null,
  "endDate": null,
  "dateParam": 0,
  "procatId": 0,
  "typeId": 0,
  "textFilter": null
}