{
  "tenderid": 0,
  "tenderrefno": null,
  "publisheDateFrom": null,
  "publishDateTo": null,
  "closeDateFrom": null,
  "closeDateTo": null,
  "valueCriteriaFrom": null,
  "valueCriteriaTo": null,
  "bidPartList": null,
  "procurementCategoryList": null,
  "stateList": null,
  "tenderTypeList": null,
  "tenderCategoryList": null,
  "corrigendumFlag": null,
  "orgId": 0,
  "deptId": 0,
  "valueCriteriaId": 0,
  "dateCriteriaId": 0,
  "valueTypeId": 0,
  "dateCriteriaFrom": null,
  "dateCriteriaTo": null,
  "itemTitle": null,
  "isRollBack": "N",
  "currenttenderid": 18399,
  "currentOrgTenderId": 18301,
  "currenttenderrefno": "BSMCL-08/2021-22/VAISHALI/CLUSTER-04",
  "currentgroupid": 0,
  "currentorgid": 538,
  "currentdeptid": 2005,
  "currenttendertypeid": 121,
  "currenttendercatid": 102,
  "currentproccatid": 1559,
  "currentpacamt": null,
  "currentstatus": 4,
  "currentauctionflag": null,
  "currentauctiontype": null,
  "currentinitiateauction": null,
  "currentdescription": "EC Approved Sand Ghat of VAISHALI (Cluster-04) \nHARAULI SAND GHAT, CHANDRALAY SAND GHAT, RAMBAG SAND GHAT :( MINEABLE QUANTITY- 2340900 CFT).",
  "currentownerdegitalcertid": null,
  "currenttendercurrency": null,
  "currentbidcurrency": null,
  "currentminbidno": 0,
  "currenttendercallno": 0,
  "currentqueryString": null,
  "currentindentNo": null,
  "currentBidPartNo": 1,
  "currentbidEndDate": 1643527850000,
  "currentbidStartDate": 1642876310000,
  "currentbidOpenDate": 1643535050000,
  "currentDocSubmissionEndDate": 1643534990000,
  "currentTenderPublishDate": 1642841618000,
  "currentTenderCancelDate": null,
  "currentTenderCancelReason": null,
  "currentTenderCancelAttachment": null,
  "currentTenderCancelAttachmentPath": null,
  "startDate": null,
  "endDate": null,
  "dateParam": 0,
  "procatId": 0,
  "typeId": 0,
  "textFilter": null
}