{
  "tenderid": 0,
  "tenderrefno": null,
  "publisheDateFrom": null,
  "publishDateTo": null,
  "closeDateFrom": null,
  "closeDateTo": null,
  "valueCriteriaFrom": null,
  "valueCriteriaTo": null,
  "bidPartList": null,
  "procurementCategoryList": null,
  "stateList": null,
  "tenderTypeList": null,
  "tenderCategoryList": null,
  "corrigendumFlag": null,
  "orgId": 0,
  "deptId": 0,
  "valueCriteriaId": 0,
  "dateCriteriaId": 0,
  "valueTypeId": 0,
  "dateCriteriaFrom": null,
  "dateCriteriaTo": null,
  "itemTitle": null,
  "isRollBack": "N",
  "currenttenderid": 18405,
  "currentOrgTenderId": 18307,
  "currenttenderrefno": "BSMCL-08/2021-22/BETTIHA/CLUSTER-02",
  "currentgroupid": 0,
  "currentorgid": 538,
  "currentdeptid": 2005,
  "currenttendertypeid": 121,
  "currenttendercatid": 102,
  "currentproccatid": 1559,
  "currentpacamt": null,
  "currentstatus": 4,
  "currentauctionflag": null,
  "currentauctiontype": null,
  "currentinitiateauction": null,
  "currentdescription": "EC APPROVED SANDGHATS OF BETTIHA (CLUSTER-02)\nBAIRIA GHAT & BELWA BAHUWARI GHAT (MINEABLE QUANTITY -171816.3 CFT).",
  "currentownerdegitalcertid": null,
  "currenttendercurrency": null,
  "currentbidcurrency": null,
  "currentminbidno": 0,
  "currenttendercallno": 0,
  "currentqueryString": null,
  "currentindentNo": null,
  "currentBidPartNo": 1,
  "currentbidEndDate": 1643527854000,
  "currentbidStartDate": 1642876314000,
  "currentbidOpenDate": 1643535054000,
  "currentDocSubmissionEndDate": 1643534994000,
  "currentTenderPublishDate": 1642847876000,
  "currentTenderCancelDate": null,
  "currentTenderCancelReason": null,
  "currentTenderCancelAttachment": null,
  "currentTenderCancelAttachmentPath": null,
  "startDate": null,
  "endDate": null,
  "dateParam": 0,
  "procatId": 0,
  "typeId": 0,
  "textFilter": null
}