{
  "tenderid": 0,
  "tenderrefno": null,
  "publisheDateFrom": null,
  "publishDateTo": null,
  "closeDateFrom": null,
  "closeDateTo": null,
  "valueCriteriaFrom": null,
  "valueCriteriaTo": null,
  "bidPartList": null,
  "procurementCategoryList": null,
  "stateList": null,
  "tenderTypeList": null,
  "tenderCategoryList": null,
  "corrigendumFlag": null,
  "orgId": 0,
  "deptId": 0,
  "valueCriteriaId": 0,
  "dateCriteriaId": 0,
  "valueTypeId": 0,
  "dateCriteriaFrom": null,
  "dateCriteriaTo": null,
  "itemTitle": null,
  "isRollBack": "Y",
  "currenttenderid": 18414,
  "currentOrgTenderId": 18316,
  "currenttenderrefno": "NIT NO- 05/2021-22/MDB",
  "currentgroupid": 0,
  "currentorgid": 538,
  "currentdeptid": 790,
  "currenttendertypeid": 101,
  "currenttendercatid": 102,
  "currentproccatid": 1557,
  "currentpacamt": null,
  "currentstatus": 7,
  "currentauctionflag": null,
  "currentauctiontype": null,
  "currentinitiateauction": null,
  "currentdescription": "Construction, Supply, Testing & commissioning of remaining works for smooth running of Water Supply Schemes with Electric Driven Pumps  on turn-key basis with 3 months Trial Run after Commissioning and Comprehensive Operation and Maintenance of 60 months after successful completion of Trial Run Period under Mukhya mantri Nishchay Yojna (Non-Quality ) Yojna  under P.H.Division, Madhubani . in block-Pandaul,Panchayat-Sakari West, ward-3,9,10,12,13 &14.",
  "currentownerdegitalcertid": null,
  "currenttendercurrency": null,
  "currentbidcurrency": null,
  "currentminbidno": 0,
  "currenttendercallno": 0,
  "currentqueryString": null,
  "currentindentNo": null,
  "currentBidPartNo": 2,
  "currentbidEndDate": 1643448600000,
  "currentbidStartDate": 1643031000000,
  "currentbidOpenDate": 1643621400000,
  "currentDocSubmissionEndDate": 1643455800000,
  "currentTenderPublishDate": 1643030982000,
  "currentTenderCancelDate": null,
  "currentTenderCancelReason": null,
  "currentTenderCancelAttachment": null,
  "currentTenderCancelAttachmentPath": null,
  "startDate": null,
  "endDate": null,
  "dateParam": 0,
  "procatId": 0,
  "typeId": 0,
  "textFilter": null
}