{
  "tenderid": 0,
  "tenderrefno": null,
  "publisheDateFrom": null,
  "publishDateTo": null,
  "closeDateFrom": null,
  "closeDateTo": null,
  "valueCriteriaFrom": null,
  "valueCriteriaTo": null,
  "bidPartList": null,
  "procurementCategoryList": null,
  "stateList": null,
  "tenderTypeList": null,
  "tenderCategoryList": null,
  "corrigendumFlag": null,
  "orgId": 0,
  "deptId": 0,
  "valueCriteriaId": 0,
  "dateCriteriaId": 0,
  "valueTypeId": 0,
  "dateCriteriaFrom": null,
  "dateCriteriaTo": null,
  "itemTitle": null,
  "isRollBack": "N",
  "currenttenderid": 18423,
  "currentOrgTenderId": 18325,
  "currenttenderrefno": "NIT No. 01/PR/SBPDCL/2022",
  "currentgroupid": 0,
  "currentorgid": 538,
  "currentdeptid": 1395,
  "currenttendertypeid": 101,
  "currenttendercatid": 102,
  "currentproccatid": 1522,
  "currentpacamt": null,
  "currentstatus": 7,
  "currentauctionflag": null,
  "currentauctiontype": null,
  "currentinitiateauction": null,
  "currentdescription": "Expression of Interest (EOI) for Empanelment of Vendors for NBPDCL & SBPDCL for Supply of AC Single Phase Meters 5-30 Amp, accuracy class 1 with pilfer proof meter box",
  "currentownerdegitalcertid": null,
  "currenttendercurrency": null,
  "currentbidcurrency": null,
  "currentminbidno": 0,
  "currenttendercallno": 0,
  "currentqueryString": null,
  "currentindentNo": null,
  "currentBidPartNo": 1,
  "currentbidEndDate": 1648125038000,
  "currentbidStartDate": 1643862638000,
  "currentbidOpenDate": 1648207838000,
  "currentDocSubmissionEndDate": 1648200600000,
  "currentTenderPublishDate": 1643284057000,
  "currentTenderCancelDate": null,
  "currentTenderCancelReason": null,
  "currentTenderCancelAttachment": null,
  "currentTenderCancelAttachmentPath": null,
  "startDate": null,
  "endDate": null,
  "dateParam": 0,
  "procatId": 0,
  "typeId": 0,
  "textFilter": null
}