{
  "tenderid": 0,
  "tenderrefno": null,
  "publisheDateFrom": null,
  "publishDateTo": null,
  "closeDateFrom": null,
  "closeDateTo": null,
  "valueCriteriaFrom": null,
  "valueCriteriaTo": null,
  "bidPartList": null,
  "procurementCategoryList": null,
  "stateList": null,
  "tenderTypeList": null,
  "tenderCategoryList": null,
  "corrigendumFlag": null,
  "orgId": 0,
  "deptId": 0,
  "valueCriteriaId": 0,
  "dateCriteriaId": 0,
  "valueTypeId": 0,
  "dateCriteriaFrom": null,
  "dateCriteriaTo": null,
  "itemTitle": null,
  "isRollBack": "N",
  "currenttenderid": 18421,
  "currentOrgTenderId": 18323,
  "currenttenderrefno": "RCD/01/SITAMARHI/2021-22",
  "currentgroupid": 0,
  "currentorgid": 538,
  "currentdeptid": 945,
  "currenttendertypeid": 101,
  "currenttendercatid": 101,
  "currentproccatid": 1557,
  "currentpacamt": null,
  "currentstatus": 7,
  "currentauctionflag": null,
  "currentauctiontype": null,
  "currentinitiateauction": null,
  "currentdescription": "Widening & Strengthening work for Runnisaidpur-Belsand-Parsauni Road (Single Lane to Intermediate Lane) from Ch-13+040 km. to 21+800 km. (Total Length-8.760 km.) & Construction of HL RCC Bridge 4 x 14m at Ch-14+040, 1 x 12m at Ch.-14+190 & 2 x 12m at Ch.-15+300 in RCD Road Division, Sitamarhi for the year 2021-22",
  "currentownerdegitalcertid": null,
  "currenttendercurrency": null,
  "currentbidcurrency": null,
  "currentminbidno": 0,
  "currenttendercallno": 0,
  "currentqueryString": null,
  "currentindentNo": null,
  "currentBidPartNo": 2,
  "currentbidEndDate": 1643707800000,
  "currentbidStartDate": 1643020920000,
  "currentbidOpenDate": 1643796000000,
  "currentDocSubmissionEndDate": 1643794200000,
  "currentTenderPublishDate": 1643020249000,
  "currentTenderCancelDate": null,
  "currentTenderCancelReason": null,
  "currentTenderCancelAttachment": null,
  "currentTenderCancelAttachmentPath": null,
  "startDate": null,
  "endDate": null,
  "dateParam": 0,
  "procatId": 0,
  "typeId": 0,
  "textFilter": null
}