{
  "tenderid": 0,
  "tenderrefno": null,
  "publisheDateFrom": null,
  "publishDateTo": null,
  "closeDateFrom": null,
  "closeDateTo": null,
  "valueCriteriaFrom": null,
  "valueCriteriaTo": null,
  "bidPartList": null,
  "procurementCategoryList": null,
  "stateList": null,
  "tenderTypeList": null,
  "tenderCategoryList": null,
  "corrigendumFlag": null,
  "orgId": 0,
  "deptId": 0,
  "valueCriteriaId": 0,
  "dateCriteriaId": 0,
  "valueTypeId": 0,
  "dateCriteriaFrom": null,
  "dateCriteriaTo": null,
  "itemTitle": null,
  "isRollBack": "N",
  "currenttenderid": 18432,
  "currentOrgTenderId": 18334,
  "currenttenderrefno": "NIT09/2021-22/GR-07",
  "currentgroupid": 0,
  "currentorgid": 538,
  "currentdeptid": 800,
  "currenttendertypeid": 101,
  "currenttendercatid": 101,
  "currentproccatid": 1557,
  "currentpacamt": null,
  "currentstatus": 7,
  "currentauctionflag": null,
  "currentauctiontype": null,
  "currentinitiateauction": null,
  "currentdescription": "Extension work of water pipeline from house of Rambabu Chaudhari to house of Nageshwar Singh via Ram Janki Mandir kabristan boundary 280 metre in ward number 5 under Nagar Parishad phulwari Sharif",
  "currentownerdegitalcertid": null,
  "currenttendercurrency": null,
  "currentbidcurrency": null,
  "currentminbidno": 0,
  "currenttendercallno": 0,
  "currentqueryString": null,
  "currentindentNo": null,
  "currentBidPartNo": 1,
  "currentbidEndDate": 1643535000000,
  "currentbidStartDate": 1643025625000,
  "currentbidOpenDate": 1643623200000,
  "currentDocSubmissionEndDate": 1643621400000,
  "currentTenderPublishDate": 1643022830000,
  "currentTenderCancelDate": null,
  "currentTenderCancelReason": null,
  "currentTenderCancelAttachment": null,
  "currentTenderCancelAttachmentPath": null,
  "startDate": null,
  "endDate": null,
  "dateParam": 0,
  "procatId": 0,
  "typeId": 0,
  "textFilter": null
}