Tender ID :,Tender Ref No :,Tender Title :,Work Description,Tender Value in ₹,Tender Currency,Bid Currency,Publish Date,Contract Date :,Update Date,Issuing Authority Name,Issuing Authority Designation,Issuing Organisation Name,Issuing Address,Approving Authority Name,Approving Authority Designation,Approving Organisation Name,EMD Amount,Tender Fee Amount,Tender Processing Fee Amount,is_flood_tender,positive_keywords_dict,negative_keywords_dict,Season,Scheme,Erosion,Roads_Bridges_Embkt,Response Type
118452,12/2025-26/NPD/GR 03 (Retender),"Construction work of PCC road and RCC drain cover from Pirahibag Muharram Chowk to Bulu Prasad's house from Lallu Prasad's garden to Sushila Devi's house, from Chintawan Tanti's house to Chamaru Tanti's house to Ramnath Tanti's house, from Govardhan mountain to Krishna Tanti's house to Gali Mandir, from Arvind Prajapati's house to Sushila Devi's house to Krishna Choudhary's house, from Lallu Prasad's garden to Mitraj Tanti's house in ward number 14","Construction work of PCC road and RCC drain cover from Pirahibag Muharram Chowk to Bulu Prasad's house from Lallu Prasad's garden to Sushila Devi's house, from Chintawan Tanti's house to Chamaru Tanti's house to Ramnath Tanti's house, from Govardhan mountain to Krishna Tanti's house to Gali Mandir, from Arvind Prajapati's house to Sushila Devi's house to Krishna Choudhary's house, from Lallu Prasad's garden to Mitraj Tanti's house in ward number 14",2494600.0,INR,INR,2025-11-03 04:21:59+00:00,2025-11-03T03:45:11.428000+00:00,2025-11-12T09:32:38+00:00,RISHIKESH AWASTHI,"Executive Officer, Nagar Parishad Daudnagar (Aurangabad)",Nagar Parishad Daudnagar (Aurangabad),Nagar Parishad Daudnagar,"EXECUTIVE OFFICER, DAUDNAGAR",EO,NAGAR PARISHAD DAUDNAGAR,49900.0,5000.0,590.0,True,"{'Flood': 0, 'Embankment': 0, 'embkt': 0, 'Relief': 0, 'Erosion': 0, 'SDRF': 0, 'Inundation': 0, 'Hydrology': 0, 'Silt': 0, 'Siltation': 0, 'Bund': 0, 'Trench': 0, 'Breach': 0, 'Culvert': 0, 'Sluice': 0, 'Dyke': 0, 'Storm water drain': 0, 'Emergency': 0, 'Immediate': 0, 'IM': 0, 'AE': 0, 'A E': 0, 'AAPDA MITRA': 0, 'Bridge': 0, 'River': 0, 'Drain': 2, 'Restoration': 0, 'Protection': 0, 'irr': 0, 'irrigation': 0, 'dam': 0, 'Nallah': 0, 'Retrofitting': 0, 'Pond': 0, 'Pokhari': 0, 'D/C': 0, 'Recharge shaft': 0, 'LFB': 0, 'RFB': 0}","{'Floodlight': 0, 'Flood Light': 0, 'GAS': 0, 'FIFA': 0, 'pipe': 0, 'pipes': 0, 'covid': 0, 'supply': 0, 'Beautification': 0, 'Installation': 0}",,,False,True,Immediate Measures
118458,12/2025-26/NPD/GR 09 (Retender),"Construction of PCC path and RCC drain  the house of Samsuddin Ansari, east through the house of Mohammad Zilaani Akhtar Ansari to the house of Sheikh Kallu in ward no. 16","Construction of PCC path and RCC drain  the house of Samsuddin Ansari, east through the house of Mohammad Zilaani Akhtar Ansari to the house of Sheikh Kallu in ward no. 16",1632400.0,INR,INR,2025-11-03 05:25:52+00:00,2025-11-03T03:47:15.722000+00:00,2025-11-12T09:34:07+00:00,RISHIKESH AWASTHI,"Executive Officer, Nagar Parishad Daudnagar (Aurangabad)",Nagar Parishad Daudnagar (Aurangabad),Nagar Parishad Daudnagar,"EXECUTIVE OFFICER, DAUDNAGAR",EO,NAGAR PARISHAD DAUDNAGAR,32700.0,5000.0,590.0,True,"{'Flood': 0, 'Embankment': 0, 'embkt': 0, 'Relief': 0, 'Erosion': 0, 'SDRF': 0, 'Inundation': 0, 'Hydrology': 0, 'Silt': 0, 'Siltation': 0, 'Bund': 0, 'Trench': 0, 'Breach': 0, 'Culvert': 0, 'Sluice': 0, 'Dyke': 0, 'Storm water drain': 0, 'Emergency': 0, 'Immediate': 0, 'IM': 0, 'AE': 0, 'A E': 0, 'AAPDA MITRA': 0, 'Bridge': 0, 'River': 0, 'Drain': 2, 'Restoration': 0, 'Protection': 0, 'irr': 0, 'irrigation': 0, 'dam': 0, 'Nallah': 0, 'Retrofitting': 0, 'Pond': 0, 'Pokhari': 0, 'D/C': 0, 'Recharge shaft': 0, 'LFB': 0, 'RFB': 0}","{'Floodlight': 0, 'Flood Light': 0, 'GAS': 0, 'FIFA': 0, 'pipe': 0, 'pipes': 0, 'covid': 0, 'supply': 0, 'Beautification': 0, 'Installation': 0}",,,False,True,Immediate Measures
118456,12/2025-26/NPD/GR 07 (Retender),Construction of RCC drain and PCC road from Master Mahfooz's house to Rauf's house via Rizwan Qureshi's house in ward number 16,Construction of RCC drain and PCC road from Master Mahfooz's house to Rauf's house via Rizwan Qureshi's house in ward number 16,1320800.0,INR,INR,2025-11-03 05:10:09+00:00,2025-11-03T03:46:41.803000+00:00,2025-11-12T09:33:30+00:00,RISHIKESH AWASTHI,"Executive Officer, Nagar Parishad Daudnagar (Aurangabad)",Nagar Parishad Daudnagar (Aurangabad),Nagar Parishad Daudnagar,"EXECUTIVE OFFICER, DAUDNAGAR",EO,NAGAR PARISHAD DAUDNAGAR,26500.0,2500.0,590.0,True,"{'Flood': 0, 'Embankment': 0, 'embkt': 0, 'Relief': 0, 'Erosion': 0, 'SDRF': 0, 'Inundation': 0, 'Hydrology': 0, 'Silt': 0, 'Siltation': 0, 'Bund': 0, 'Trench': 0, 'Breach': 0, 'Culvert': 0, 'Sluice': 0, 'Dyke': 0, 'Storm water drain': 0, 'Emergency': 0, 'Immediate': 0, 'IM': 0, 'AE': 0, 'A E': 0, 'AAPDA MITRA': 0, 'Bridge': 0, 'River': 0, 'Drain': 2, 'Restoration': 0, 'Protection': 0, 'irr': 0, 'irrigation': 0, 'dam': 0, 'Nallah': 0, 'Retrofitting': 0, 'Pond': 0, 'Pokhari': 0, 'D/C': 0, 'Recharge shaft': 0, 'LFB': 0, 'RFB': 0}","{'Floodlight': 0, 'Flood Light': 0, 'GAS': 0, 'FIFA': 0, 'pipe': 0, 'pipes': 0, 'covid': 0, 'supply': 0, 'Beautification': 0, 'Installation': 0}",,,False,True,Immediate Measures
118455,12/2025-26/NPD/GR 06 (Retender),Construction of RCC drain and culvert  from Chandrika Sonar's shop via Laxmi Bhawan to the house of late Chunnu Prasad in ward number 13,Construction of RCC drain and culvert  from Chandrika Sonar's shop via Laxmi Bhawan to the house of late Chunnu Prasad in ward number 13,1169400.0,INR,INR,2025-11-03 05:03:54+00:00,2025-11-03T03:46:06.907000+00:00,2025-11-12T09:33:17+00:00,RISHIKESH AWASTHI,"Executive Officer, Nagar Parishad Daudnagar (Aurangabad)",Nagar Parishad Daudnagar (Aurangabad),Nagar Parishad Daudnagar,"EXECUTIVE OFFICER, DAUDNAGAR",EO,NAGAR PARISHAD DAUDNAGAR,23500.0,2500.0,590.0,True,"{'Flood': 0, 'Embankment': 0, 'embkt': 0, 'Relief': 0, 'Erosion': 0, 'SDRF': 0, 'Inundation': 0, 'Hydrology': 0, 'Silt': 0, 'Siltation': 0, 'Bund': 0, 'Trench': 0, 'Breach': 0, 'Culvert': 2, 'Sluice': 0, 'Dyke': 0, 'Storm water drain': 0, 'Emergency': 0, 'Immediate': 0, 'IM': 0, 'AE': 0, 'A E': 0, 'AAPDA MITRA': 0, 'Bridge': 0, 'River': 0, 'Drain': 2, 'Restoration': 0, 'Protection': 0, 'irr': 0, 'irrigation': 0, 'dam': 0, 'Nallah': 0, 'Retrofitting': 0, 'Pond': 0, 'Pokhari': 0, 'D/C': 0, 'Recharge shaft': 0, 'LFB': 0, 'RFB': 0}","{'Floodlight': 0, 'Flood Light': 0, 'GAS': 0, 'FIFA': 0, 'pipe': 0, 'pipes': 0, 'covid': 0, 'supply': 0, 'Beautification': 0, 'Installation': 0}",,,False,True,Immediate Measures
118451,12/2025-26/NPD/GR 02 (Retender),"Construction work of PCC road and RCC drain cover from Alamgir's house to Dord Hospital, from Siddhnath Chaudhary's house to Barun Road via Devi Mandir, as well as from Dr. Pramod Singh's house to Rizwan's house, In ward no. 07.","Construction work of PCC road and RCC drain cover from Alamgir's house to Dord Hospital, from Siddhnath Chaudhary's house to Barun Road via Devi Mandir, as well as from Dr. Pramod Singh's house to Rizwan's house, In ward no. 07.",2499700.0,INR,INR,2025-11-03 04:10:58+00:00,2025-11-03T03:44:44.080000+00:00,2025-11-12T09:32:27+00:00,RISHIKESH AWASTHI,"Executive Officer, Nagar Parishad Daudnagar (Aurangabad)",Nagar Parishad Daudnagar (Aurangabad),Nagar Parishad Daudnagar,"EXECUTIVE OFFICER, DAUDNAGAR",EO,NAGAR PARISHAD DAUDNAGAR,50000.0,5000.0,590.0,True,"{'Flood': 0, 'Embankment': 0, 'embkt': 0, 'Relief': 0, 'Erosion': 0, 'SDRF': 0, 'Inundation': 0, 'Hydrology': 0, 'Silt': 0, 'Siltation': 0, 'Bund': 0, 'Trench': 0, 'Breach': 0, 'Culvert': 0, 'Sluice': 0, 'Dyke': 0, 'Storm water drain': 0, 'Emergency': 0, 'Immediate': 0, 'IM': 0, 'AE': 0, 'A E': 0, 'AAPDA MITRA': 0, 'Bridge': 0, 'River': 0, 'Drain': 2, 'Restoration': 0, 'Protection': 0, 'irr': 0, 'irrigation': 0, 'dam': 0, 'Nallah': 0, 'Retrofitting': 0, 'Pond': 0, 'Pokhari': 0, 'D/C': 0, 'Recharge shaft': 0, 'LFB': 0, 'RFB': 0}","{'Floodlight': 0, 'Flood Light': 0, 'GAS': 0, 'FIFA': 0, 'pipe': 0, 'pipes': 0, 'covid': 0, 'supply': 0, 'Beautification': 0, 'Installation': 0}",,,False,True,Immediate Measures
118453,12/2025-26/NPD/GR 04 (Retender),"Construction of PCC road and RCC drain from Krishna Tanti's house to Salam Qureshi, Badru Qureshi's house and up to Mohiuddin Qureshi's house in ward number 06","Construction of PCC road and RCC drain from Krishna Tanti's house to Salam Qureshi, Badru Qureshi's house and up to Mohiuddin Qureshi's house in ward number 06",1207100.0,INR,INR,2025-11-03 04:28:44+00:00,2025-11-03T03:45:22.746000+00:00,2025-11-12T09:32:49+00:00,RISHIKESH AWASTHI,"Executive Officer, Nagar Parishad Daudnagar (Aurangabad)",Nagar Parishad Daudnagar (Aurangabad),Nagar Parishad Daudnagar,"EXECUTIVE OFFICER, DAUDNAGAR",EO,NAGAR PARISHAD DAUDNAGAR,24200.0,2500.0,590.0,True,"{'Flood': 0, 'Embankment': 0, 'embkt': 0, 'Relief': 0, 'Erosion': 0, 'SDRF': 0, 'Inundation': 0, 'Hydrology': 0, 'Silt': 0, 'Siltation': 0, 'Bund': 0, 'Trench': 0, 'Breach': 0, 'Culvert': 0, 'Sluice': 0, 'Dyke': 0, 'Storm water drain': 0, 'Emergency': 0, 'Immediate': 0, 'IM': 0, 'AE': 0, 'A E': 0, 'AAPDA MITRA': 0, 'Bridge': 0, 'River': 0, 'Drain': 2, 'Restoration': 0, 'Protection': 0, 'irr': 0, 'irrigation': 0, 'dam': 0, 'Nallah': 0, 'Retrofitting': 0, 'Pond': 0, 'Pokhari': 0, 'D/C': 0, 'Recharge shaft': 0, 'LFB': 0, 'RFB': 0}","{'Floodlight': 0, 'Flood Light': 0, 'GAS': 0, 'FIFA': 0, 'pipe': 0, 'pipes': 0, 'covid': 0, 'supply': 0, 'Beautification': 0, 'Installation': 0}",,,False,True,Immediate Measures
118450,12/2025-26/NPD/GR 01 (Retender),"construction of PCC path and RCC drain cover from the house of Mohd. Mahmood Hasmi to the house of Mohd. Abdullah Ansari, Kila Road, from the house of Kaleem Ansari to the house of Aashiq Ansari, from the house of Mo. Sakuddin Khan to the house of Mohd. Moied Khan, from the house of Abdul Baqi to the house of Dinu Mansoori, from the house of Mohd. Nasir to the house of Qadri Islam, In Ward No. 03 under Municipal Council Daudnagar.","construction of PCC path and RCC drain cover from the house of Mohd. Mahmood Hasmi to the house of Mohd. Abdullah Ansari, Kila Road, from the house of Kaleem Ansari to the house of Aashiq Ansari, from the house of Mo. Sakuddin Khan to the house of Mohd. Moied Khan, from the house of Abdul Baqi to the house of Dinu Mansoori, from the house of Mohd. Nasir to the house of Qadri Islam, In Ward No. 03 under Municipal Council Daudnagar.",2499943.0,INR,INR,2025-11-03 04:03:48+00:00,2025-11-03T03:44:24.810000+00:00,2025-11-12T09:31:58+00:00,RISHIKESH AWASTHI,"Executive Officer, Nagar Parishad Daudnagar (Aurangabad)",Nagar Parishad Daudnagar (Aurangabad),Nagar Parishad Daudnagar,"EXECUTIVE OFFICER, DAUDNAGAR",EO,NAGAR PARISHAD DAUDNAGAR,50000.0,5000.0,590.0,True,"{'Flood': 0, 'Embankment': 0, 'embkt': 0, 'Relief': 0, 'Erosion': 0, 'SDRF': 0, 'Inundation': 0, 'Hydrology': 0, 'Silt': 0, 'Siltation': 0, 'Bund': 0, 'Trench': 0, 'Breach': 0, 'Culvert': 0, 'Sluice': 0, 'Dyke': 0, 'Storm water drain': 0, 'Emergency': 0, 'Immediate': 0, 'IM': 0, 'AE': 0, 'A E': 0, 'AAPDA MITRA': 0, 'Bridge': 0, 'River': 0, 'Drain': 2, 'Restoration': 0, 'Protection': 0, 'irr': 0, 'irrigation': 0, 'dam': 0, 'Nallah': 0, 'Retrofitting': 0, 'Pond': 0, 'Pokhari': 0, 'D/C': 0, 'Recharge shaft': 0, 'LFB': 0, 'RFB': 0}","{'Floodlight': 0, 'Flood Light': 0, 'GAS': 0, 'FIFA': 0, 'pipe': 0, 'pipes': 0, 'covid': 0, 'supply': 0, 'Beautification': 0, 'Installation': 0}",,,False,True,Immediate Measures
118457,12/2025-26/NPD/GR 08 (Retender),Construction of PCC road and RCC drain cover from Ramvilas Trigunayat's house to Brajesh Sao's house in ward no. 02,Construction of PCC road and RCC drain cover from Ramvilas Trigunayat's house to Brajesh Sao's house in ward no. 02,1481600.0,INR,INR,2025-11-03 05:18:54+00:00,2025-11-03T03:46:54.100000+00:00,2025-11-12T09:33:50+00:00,RISHIKESH AWASTHI,"Executive Officer, Nagar Parishad Daudnagar (Aurangabad)",Nagar Parishad Daudnagar (Aurangabad),Nagar Parishad Daudnagar,"EXECUTIVE OFFICER, DAUDNAGAR",EO,NAGAR PARISHAD DAUDNAGAR,29700.0,2500.0,590.0,True,"{'Flood': 0, 'Embankment': 0, 'embkt': 0, 'Relief': 0, 'Erosion': 0, 'SDRF': 0, 'Inundation': 0, 'Hydrology': 0, 'Silt': 0, 'Siltation': 0, 'Bund': 0, 'Trench': 0, 'Breach': 0, 'Culvert': 0, 'Sluice': 0, 'Dyke': 0, 'Storm water drain': 0, 'Emergency': 0, 'Immediate': 0, 'IM': 0, 'AE': 0, 'A E': 0, 'AAPDA MITRA': 0, 'Bridge': 0, 'River': 0, 'Drain': 2, 'Restoration': 0, 'Protection': 0, 'irr': 0, 'irrigation': 0, 'dam': 0, 'Nallah': 0, 'Retrofitting': 0, 'Pond': 0, 'Pokhari': 0, 'D/C': 0, 'Recharge shaft': 0, 'LFB': 0, 'RFB': 0}","{'Floodlight': 0, 'Flood Light': 0, 'GAS': 0, 'FIFA': 0, 'pipe': 0, 'pipes': 0, 'covid': 0, 'supply': 0, 'Beautification': 0, 'Installation': 0}",,,False,True,Immediate Measures
118454,12/2025-26/NPD/GR 05 (Retender),Construction of  PCC road and RCC drain cover from Sher Mohammad's house to Naseem Khan's land in ward no 16,Construction of  PCC road and RCC drain cover from Sher Mohammad's house to Naseem Khan's land in ward no 16,1115600.0,INR,INR,2025-11-03 04:40:05+00:00,2025-11-03T03:45:55.849000+00:00,2025-11-12T09:32:59+00:00,RISHIKESH AWASTHI,"Executive Officer, Nagar Parishad Daudnagar (Aurangabad)",Nagar Parishad Daudnagar (Aurangabad),Nagar Parishad Daudnagar,"EXECUTIVE OFFICER, DAUDNAGAR",EO,NAGAR PARISHAD DAUDNAGAR,22500.0,2500.0,590.0,True,"{'Flood': 0, 'Embankment': 0, 'embkt': 0, 'Relief': 0, 'Erosion': 0, 'SDRF': 0, 'Inundation': 0, 'Hydrology': 0, 'Silt': 0, 'Siltation': 0, 'Bund': 0, 'Trench': 0, 'Breach': 0, 'Culvert': 0, 'Sluice': 0, 'Dyke': 0, 'Storm water drain': 0, 'Emergency': 0, 'Immediate': 0, 'IM': 0, 'AE': 0, 'A E': 0, 'AAPDA MITRA': 0, 'Bridge': 0, 'River': 0, 'Drain': 2, 'Restoration': 0, 'Protection': 0, 'irr': 0, 'irrigation': 0, 'dam': 0, 'Nallah': 0, 'Retrofitting': 0, 'Pond': 0, 'Pokhari': 0, 'D/C': 0, 'Recharge shaft': 0, 'LFB': 0, 'RFB': 0}","{'Floodlight': 0, 'Flood Light': 0, 'GAS': 0, 'FIFA': 0, 'pipe': 0, 'pipes': 0, 'covid': 0, 'supply': 0, 'Beautification': 0, 'Installation': 0}",,,False,True,Immediate Measures
118459,12/2025-26/NPD/GR 10 (Retender),Construction of PCC path and RCC drain from Triloki Nath Sipahi's house to Ajit Mukhiya's house in ward number 22,Construction of PCC path and RCC drain from Triloki Nath Sipahi's house to Ajit Mukhiya's house in ward number 22,1793600.0,INR,INR,2025-11-03 05:32:46+00:00,2025-11-03T03:48:14.223000+00:00,2025-11-12T09:34:29+00:00,RISHIKESH AWASTHI,"Executive Officer, Nagar Parishad Daudnagar (Aurangabad)",Nagar Parishad Daudnagar (Aurangabad),Nagar Parishad Daudnagar,"EXECUTIVE OFFICER, DAUDNAGAR",EO,NAGAR PARISHAD DAUDNAGAR,36000.0,5000.0,590.0,True,"{'Flood': 0, 'Embankment': 0, 'embkt': 0, 'Relief': 0, 'Erosion': 0, 'SDRF': 0, 'Inundation': 0, 'Hydrology': 0, 'Silt': 0, 'Siltation': 0, 'Bund': 0, 'Trench': 0, 'Breach': 0, 'Culvert': 0, 'Sluice': 0, 'Dyke': 0, 'Storm water drain': 0, 'Emergency': 0, 'Immediate': 0, 'IM': 0, 'AE': 0, 'A E': 0, 'AAPDA MITRA': 0, 'Bridge': 0, 'River': 0, 'Drain': 2, 'Restoration': 0, 'Protection': 0, 'irr': 0, 'irrigation': 0, 'dam': 0, 'Nallah': 0, 'Retrofitting': 0, 'Pond': 0, 'Pokhari': 0, 'D/C': 0, 'Recharge shaft': 0, 'LFB': 0, 'RFB': 0}","{'Floodlight': 0, 'Flood Light': 0, 'GAS': 0, 'FIFA': 0, 'pipe': 0, 'pipes': 0, 'covid': 0, 'supply': 0, 'Beautification': 0, 'Installation': 0}",,,False,True,Immediate Measures
118461,12/2025-26/NPD/GR 12 (Retender),"Construction work of PCC path and RCC drain on both sides from MD Sharif's house to MD Parvez grocery shop in ward number 08, 09.","Construction work of PCC path and RCC drain on both sides from MD Sharif's house to MD Parvez grocery shop in ward number 08, 09.",1990100.0,INR,INR,2025-11-03 05:49:18+00:00,2025-11-03T03:48:43.412000+00:00,2025-11-12T09:34:44+00:00,RISHIKESH AWASTHI,"Executive Officer, Nagar Parishad Daudnagar (Aurangabad)",Nagar Parishad Daudnagar (Aurangabad),Nagar Parishad Daudnagar,"EXECUTIVE OFFICER, DAUDNAGAR",EO,NAGAR PARISHAD DAUDNAGAR,40000.0,5000.0,590.0,True,"{'Flood': 0, 'Embankment': 0, 'embkt': 0, 'Relief': 0, 'Erosion': 0, 'SDRF': 0, 'Inundation': 0, 'Hydrology': 0, 'Silt': 0, 'Siltation': 0, 'Bund': 0, 'Trench': 0, 'Breach': 0, 'Culvert': 0, 'Sluice': 0, 'Dyke': 0, 'Storm water drain': 0, 'Emergency': 0, 'Immediate': 0, 'IM': 0, 'AE': 0, 'A E': 0, 'AAPDA MITRA': 0, 'Bridge': 0, 'River': 0, 'Drain': 2, 'Restoration': 0, 'Protection': 0, 'irr': 0, 'irrigation': 0, 'dam': 0, 'Nallah': 0, 'Retrofitting': 0, 'Pond': 0, 'Pokhari': 0, 'D/C': 0, 'Recharge shaft': 0, 'LFB': 0, 'RFB': 0}","{'Floodlight': 0, 'Flood Light': 0, 'GAS': 0, 'FIFA': 0, 'pipe': 0, 'pipes': 0, 'covid': 0, 'supply': 0, 'Beautification': 0, 'Installation': 0}",,,False,True,Immediate Measures
118460,12/2025-26/NPD/GR 11 (Retender),"Construction of PCC road and RCC drain from the house of MD Suhail Ansari to the houses of MD Shakeel Ansari, Irshad Ansari and Luv Ram house to  Nil Kothi Mazar in ward number 06","Construction of PCC road and RCC drain from the house of MD Suhail Ansari to the houses of MD Shakeel Ansari, Irshad Ansari and Luv Ram house to  Nil Kothi Mazar in ward number 06",1950900.0,INR,INR,2025-11-03 05:39:17+00:00,2025-11-03T03:48:27.696000+00:00,2025-11-12T09:34:37+00:00,RISHIKESH AWASTHI,"Executive Officer, Nagar Parishad Daudnagar (Aurangabad)",Nagar Parishad Daudnagar (Aurangabad),Nagar Parishad Daudnagar,"EXECUTIVE OFFICER, DAUDNAGAR",EO,NAGAR PARISHAD DAUDNAGAR,39100.0,5000.0,590.0,True,"{'Flood': 0, 'Embankment': 0, 'embkt': 0, 'Relief': 0, 'Erosion': 0, 'SDRF': 0, 'Inundation': 0, 'Hydrology': 0, 'Silt': 0, 'Siltation': 0, 'Bund': 0, 'Trench': 0, 'Breach': 0, 'Culvert': 0, 'Sluice': 0, 'Dyke': 0, 'Storm water drain': 0, 'Emergency': 0, 'Immediate': 0, 'IM': 0, 'AE': 0, 'A E': 0, 'AAPDA MITRA': 0, 'Bridge': 0, 'River': 0, 'Drain': 2, 'Restoration': 0, 'Protection': 0, 'irr': 0, 'irrigation': 0, 'dam': 0, 'Nallah': 0, 'Retrofitting': 0, 'Pond': 0, 'Pokhari': 0, 'D/C': 0, 'Recharge shaft': 0, 'LFB': 0, 'RFB': 0}","{'Floodlight': 0, 'Flood Light': 0, 'GAS': 0, 'FIFA': 0, 'pipe': 0, 'pipes': 0, 'covid': 0, 'supply': 0, 'Beautification': 0, 'Installation': 0}",,,False,True,Immediate Measures
118463,12/2025-26/NPD/GR 14 (Retender),Construction of PCC path and RCC drain cover from Jahangir Qureshi's house to Alim Mian's land in ward no. 16.,Construction of PCC path and RCC drain cover from Jahangir Qureshi's house to Alim Mian's land in ward no. 16.,2213400.0,INR,INR,2025-11-03 06:03:41+00:00,2025-11-03T03:49:08.420000+00:00,2025-11-12T09:34:57+00:00,RISHIKESH AWASTHI,"Executive Officer, Nagar Parishad Daudnagar (Aurangabad)",Nagar Parishad Daudnagar (Aurangabad),Nagar Parishad Daudnagar,"EXECUTIVE OFFICER, DAUDNAGAR",EO,NAGAR PARISHAD DAUDNAGAR,44300.0,5000.0,590.0,True,"{'Flood': 0, 'Embankment': 0, 'embkt': 0, 'Relief': 0, 'Erosion': 0, 'SDRF': 0, 'Inundation': 0, 'Hydrology': 0, 'Silt': 0, 'Siltation': 0, 'Bund': 0, 'Trench': 0, 'Breach': 0, 'Culvert': 0, 'Sluice': 0, 'Dyke': 0, 'Storm water drain': 0, 'Emergency': 0, 'Immediate': 0, 'IM': 0, 'AE': 0, 'A E': 0, 'AAPDA MITRA': 0, 'Bridge': 0, 'River': 0, 'Drain': 2, 'Restoration': 0, 'Protection': 0, 'irr': 0, 'irrigation': 0, 'dam': 0, 'Nallah': 0, 'Retrofitting': 0, 'Pond': 0, 'Pokhari': 0, 'D/C': 0, 'Recharge shaft': 0, 'LFB': 0, 'RFB': 0}","{'Floodlight': 0, 'Flood Light': 0, 'GAS': 0, 'FIFA': 0, 'pipe': 0, 'pipes': 0, 'covid': 0, 'supply': 0, 'Beautification': 0, 'Installation': 0}",,,False,True,Immediate Measures
118464,12/2025-26/NPD/GR 15 (Retender),"Constrution of pcc road and rcc drain & culvert cover from anjan shahid majar to md saifullah house in ward no 08, 09","Constrution of pcc road and rcc drain & culvert cover from anjan shahid majar to md saifullah house in ward no 08, 09",2402200.0,INR,INR,2025-11-03 06:21:13+00:00,2025-11-03T03:49:21.012000+00:00,2025-11-12T09:35:04+00:00,RISHIKESH AWASTHI,"Executive Officer, Nagar Parishad Daudnagar (Aurangabad)",Nagar Parishad Daudnagar (Aurangabad),Nagar Parishad Daudnagar,"EXECUTIVE OFFICER, DAUDNAGAR",EO,NAGAR PARISHAD DAUDNAGAR,48100.0,5000.0,590.0,True,"{'Flood': 0, 'Embankment': 0, 'embkt': 0, 'Relief': 0, 'Erosion': 0, 'SDRF': 0, 'Inundation': 0, 'Hydrology': 0, 'Silt': 0, 'Siltation': 0, 'Bund': 0, 'Trench': 0, 'Breach': 0, 'Culvert': 2, 'Sluice': 0, 'Dyke': 0, 'Storm water drain': 0, 'Emergency': 0, 'Immediate': 0, 'IM': 0, 'AE': 0, 'A E': 0, 'AAPDA MITRA': 0, 'Bridge': 0, 'River': 0, 'Drain': 2, 'Restoration': 0, 'Protection': 0, 'irr': 0, 'irrigation': 0, 'dam': 0, 'Nallah': 0, 'Retrofitting': 0, 'Pond': 0, 'Pokhari': 0, 'D/C': 0, 'Recharge shaft': 0, 'LFB': 0, 'RFB': 0}","{'Floodlight': 0, 'Flood Light': 0, 'GAS': 0, 'FIFA': 0, 'pipe': 0, 'pipes': 0, 'covid': 0, 'supply': 0, 'Beautification': 0, 'Installation': 0}",,,False,True,Immediate Measures
118573,NIT No- 13/2025-26 (Group - 9,Restoration work of the pond located near Jyotiva Phule Park in Ward No. 61,Restoration work of the pond located near Jyotiva Phule Park in Ward No. 61,4449222.0,INR,INR,2025-11-20 10:54:58+00:00,2025-11-20T10:49:32.351000+00:00,2025-12-10T16:58:51+00:00,SATYENDRA PRASAD,Project Director,Bihar Urban Infrastructure Development Corporation Limited,Azimabad Anchal Buidco,SATYENDRA PRASAD,Project Director,Bihar Urban Infrastructure Development Corporation Limited,89000.0,11800.0,590.0,True,"{'Flood': 0, 'Embankment': 0, 'embkt': 0, 'Relief': 0, 'Erosion': 0, 'SDRF': 0, 'Inundation': 0, 'Hydrology': 0, 'Silt': 0, 'Siltation': 0, 'Bund': 0, 'Trench': 0, 'Breach': 0, 'Culvert': 0, 'Sluice': 0, 'Dyke': 0, 'Storm water drain': 0, 'Emergency': 0, 'Immediate': 0, 'IM': 0, 'AE': 0, 'A E': 0, 'AAPDA MITRA': 0, 'Bridge': 0, 'River': 0, 'Drain': 0, 'Restoration': 2, 'Protection': 0, 'irr': 0, 'irrigation': 0, 'dam': 0, 'Nallah': 0, 'Retrofitting': 0, 'Pond': 2, 'Pokhari': 0, 'D/C': 0, 'Recharge shaft': 0, 'LFB': 0, 'RFB': 0}","{'Floodlight': 0, 'Flood Light': 0, 'GAS': 0, 'FIFA': 0, 'pipe': 0, 'pipes': 0, 'covid': 0, 'supply': 0, 'Beautification': 0, 'Installation': 0}",,,False,False,Immediate Measures
118574,NIT No- 13/2025-26 (Group - 10,Construction of PCC road and RCC drain from Devi Dayal Ji to Ramdev Rajak Ji's house via Kamra School in front of Chailital School located on Sher Shah Road in Ward No. 58,Construction of PCC road and RCC drain from Devi Dayal Ji to Ramdev Rajak Ji's house via Kamra School in front of Chailital School located on Sher Shah Road in Ward No. 58,4237731.0,INR,INR,2025-11-20 11:02:10+00:00,2025-11-20T10:55:36.534000+00:00,2025-12-10T17:00:07+00:00,SATYENDRA PRASAD,Project Director,Bihar Urban Infrastructure Development Corporation Limited,Azimabad Anchal Buidco,SATYENDRA PRASAD,Project Director,Bihar Urban Infrastructure Development Corporation Limited,84800.0,11800.0,590.0,True,"{'Flood': 0, 'Embankment': 0, 'embkt': 0, 'Relief': 0, 'Erosion': 0, 'SDRF': 0, 'Inundation': 0, 'Hydrology': 0, 'Silt': 0, 'Siltation': 0, 'Bund': 0, 'Trench': 0, 'Breach': 0, 'Culvert': 0, 'Sluice': 0, 'Dyke': 0, 'Storm water drain': 0, 'Emergency': 0, 'Immediate': 0, 'IM': 0, 'AE': 0, 'A E': 0, 'AAPDA MITRA': 0, 'Bridge': 0, 'River': 0, 'Drain': 2, 'Restoration': 0, 'Protection': 0, 'irr': 0, 'irrigation': 0, 'dam': 0, 'Nallah': 0, 'Retrofitting': 0, 'Pond': 0, 'Pokhari': 0, 'D/C': 0, 'Recharge shaft': 0, 'LFB': 0, 'RFB': 0}","{'Floodlight': 0, 'Flood Light': 0, 'GAS': 0, 'FIFA': 0, 'pipe': 0, 'pipes': 0, 'covid': 0, 'supply': 0, 'Beautification': 0, 'Installation': 0}",,,False,True,Immediate Measures
118572,NIT No- 13/2025-26 (Group - 8,Construction of PCC road and RCC drain from Ward No. 56 Meena Bazaar Jalla Road to Sher Shah Path via Chaulital School,Construction of PCC road and RCC drain from Ward No. 56 Meena Bazaar Jalla Road to Sher Shah Path via Chaulital School,1091085.0,INR,INR,2025-11-20 10:49:03+00:00,2025-11-20T10:39:51.993000+00:00,2025-12-10T16:56:09+00:00,SATYENDRA PRASAD,Project Director,Bihar Urban Infrastructure Development Corporation Limited,Azimabad Anchal Buidco,SATYENDRA PRASAD,Project Director,Bihar Urban Infrastructure Development Corporation Limited,21900.0,11800.0,590.0,True,"{'Flood': 0, 'Embankment': 0, 'embkt': 0, 'Relief': 0, 'Erosion': 0, 'SDRF': 0, 'Inundation': 0, 'Hydrology': 0, 'Silt': 0, 'Siltation': 0, 'Bund': 0, 'Trench': 0, 'Breach': 0, 'Culvert': 0, 'Sluice': 0, 'Dyke': 0, 'Storm water drain': 0, 'Emergency': 0, 'Immediate': 0, 'IM': 0, 'AE': 0, 'A E': 0, 'AAPDA MITRA': 0, 'Bridge': 0, 'River': 0, 'Drain': 2, 'Restoration': 0, 'Protection': 0, 'irr': 0, 'irrigation': 0, 'dam': 0, 'Nallah': 0, 'Retrofitting': 0, 'Pond': 0, 'Pokhari': 0, 'D/C': 0, 'Recharge shaft': 0, 'LFB': 0, 'RFB': 0}","{'Floodlight': 0, 'Flood Light': 0, 'GAS': 0, 'FIFA': 0, 'pipe': 0, 'pipes': 0, 'covid': 0, 'supply': 0, 'Beautification': 0, 'Installation': 0}",,,False,True,Immediate Measures
118571,NIT No- 13/2025-26 (Group - 3,"Construction work of PCC road and drain from Ward No. 56 NH 30 to Zakariyarpur Shrikantnagar Sector B, Aditya Prakash's house via Sector E, Sukhit Narayan's house, Gaureya Sthan Temple, Anil Kumar's house, Main Road Zakariyarpur","Construction work of PCC road and drain from Ward No. 56 NH 30 to Zakariyarpur Shrikantnagar Sector B, Aditya Prakash's house via Sector E, Sukhit Narayan's house, Gaureya Sthan Temple, Anil Kumar's house, Main Road Zakariyarpur",12079310.0,INR,INR,2025-11-20 10:38:48+00:00,2025-11-20T10:31:37.904000+00:00,2025-12-10T16:55:42+00:00,SATYENDRA PRASAD,Project Director,Bihar Urban Infrastructure Development Corporation Limited,Azimabad Anchal Buidco,SATYENDRA PRASAD,Project Director,Bihar Urban Infrastructure Development Corporation Limited,241600.0,17700.0,3540.0,True,"{'Flood': 0, 'Embankment': 0, 'embkt': 0, 'Relief': 0, 'Erosion': 0, 'SDRF': 0, 'Inundation': 0, 'Hydrology': 0, 'Silt': 0, 'Siltation': 0, 'Bund': 0, 'Trench': 0, 'Breach': 0, 'Culvert': 0, 'Sluice': 0, 'Dyke': 0, 'Storm water drain': 0, 'Emergency': 0, 'Immediate': 0, 'IM': 0, 'AE': 0, 'A E': 0, 'AAPDA MITRA': 0, 'Bridge': 0, 'River': 0, 'Drain': 2, 'Restoration': 0, 'Protection': 0, 'irr': 0, 'irrigation': 0, 'dam': 0, 'Nallah': 0, 'Retrofitting': 0, 'Pond': 0, 'Pokhari': 0, 'D/C': 0, 'Recharge shaft': 0, 'LFB': 0, 'RFB': 0}","{'Floodlight': 0, 'Flood Light': 0, 'GAS': 0, 'FIFA': 0, 'pipe': 0, 'pipes': 0, 'covid': 0, 'supply': 0, 'Beautification': 0, 'Installation': 0}",,,False,True,Immediate Measures
118579,NIT No- 13/2025-26 (Group - 13,Construction work of PCC road and RCC drain from Indralok Nagar Iron Factory to the house of Paras Mahato via Bottle Factory and various link roads in Ward No. 56 under Patna Sahib Vidhan Sabha,Construction work of PCC road and RCC drain from Indralok Nagar Iron Factory to the house of Paras Mahato via Bottle Factory and various link roads in Ward No. 56 under Patna Sahib Vidhan Sabha,5907659.0,INR,INR,2025-11-20 11:26:52+00:00,2025-11-20T11:17:41.097000+00:00,2025-12-10T17:01:34+00:00,SATYENDRA PRASAD,Project Director,Bihar Urban Infrastructure Development Corporation Limited,Azimabad Anchal Buidco,SATYENDRA PRASAD,Project Director,Bihar Urban Infrastructure Development Corporation Limited,118200.0,11800.0,590.0,True,"{'Flood': 0, 'Embankment': 0, 'embkt': 0, 'Relief': 0, 'Erosion': 0, 'SDRF': 0, 'Inundation': 0, 'Hydrology': 0, 'Silt': 0, 'Siltation': 0, 'Bund': 0, 'Trench': 0, 'Breach': 0, 'Culvert': 0, 'Sluice': 0, 'Dyke': 0, 'Storm water drain': 0, 'Emergency': 0, 'Immediate': 0, 'IM': 0, 'AE': 0, 'A E': 0, 'AAPDA MITRA': 0, 'Bridge': 0, 'River': 0, 'Drain': 2, 'Restoration': 0, 'Protection': 0, 'irr': 0, 'irrigation': 0, 'dam': 0, 'Nallah': 0, 'Retrofitting': 0, 'Pond': 0, 'Pokhari': 0, 'D/C': 0, 'Recharge shaft': 0, 'LFB': 0, 'RFB': 0}","{'Floodlight': 0, 'Flood Light': 0, 'GAS': 0, 'FIFA': 0, 'pipe': 0, 'pipes': 0, 'covid': 0, 'supply': 0, 'Beautification': 0, 'Installation': 0}",,,False,True,Immediate Measures
118578,NIT No- 13/2025-26 (Group - 12,Construction work of PCC road and RCC drain from Niranjanpur Kharounia Raja Parikshit's house to Narayan Pandit in ward no. 56 under Patna Sahib Vidhan Sabha,Construction work of PCC road and RCC drain from Niranjanpur Kharounia Raja Parikshit's house to Narayan Pandit in ward no. 56 under Patna Sahib Vidhan Sabha,5646105.0,INR,INR,2025-11-20 11:16:57+00:00,2025-11-20T11:09:29.508000+00:00,2025-12-10T17:00:57+00:00,SATYENDRA PRASAD,Project Director,Bihar Urban Infrastructure Development Corporation Limited,Azimabad Anchal Buidco,SATYENDRA PRASAD,Project Director,Bihar Urban Infrastructure Development Corporation Limited,113000.0,11800.0,590.0,True,"{'Flood': 0, 'Embankment': 0, 'embkt': 0, 'Relief': 0, 'Erosion': 0, 'SDRF': 0, 'Inundation': 0, 'Hydrology': 0, 'Silt': 0, 'Siltation': 0, 'Bund': 0, 'Trench': 0, 'Breach': 0, 'Culvert': 0, 'Sluice': 0, 'Dyke': 0, 'Storm water drain': 0, 'Emergency': 0, 'Immediate': 0, 'IM': 0, 'AE': 0, 'A E': 0, 'AAPDA MITRA': 0, 'Bridge': 0, 'River': 0, 'Drain': 2, 'Restoration': 0, 'Protection': 0, 'irr': 0, 'irrigation': 0, 'dam': 0, 'Nallah': 0, 'Retrofitting': 0, 'Pond': 0, 'Pokhari': 0, 'D/C': 0, 'Recharge shaft': 0, 'LFB': 0, 'RFB': 0}","{'Floodlight': 0, 'Flood Light': 0, 'GAS': 0, 'FIFA': 0, 'pipe': 0, 'pipes': 0, 'covid': 0, 'supply': 0, 'Beautification': 0, 'Installation': 0}",,,False,True,Immediate Measures
118580,NIT No- 13/2025-26 (Group - 14,"Construction of RCC road and drain from Vriddha Ashram to Iron Warehouse in Ward No. 61 of Patna Municipal Corporation, about 700 meters","Construction of RCC road and drain from Vriddha Ashram to Iron Warehouse in Ward No. 61 of Patna Municipal Corporation, about 700 meters",7321561.0,INR,INR,2025-11-20 11:34:57+00:00,2025-11-20T11:27:32.217000+00:00,2025-12-10T17:01:51+00:00,SATYENDRA PRASAD,Project Director,Bihar Urban Infrastructure Development Corporation Limited,Azimabad Anchal Buidco,SATYENDRA PRASAD,Project Director,Bihar Urban Infrastructure Development Corporation Limited,146400.0,17700.0,3540.0,True,"{'Flood': 0, 'Embankment': 0, 'embkt': 0, 'Relief': 0, 'Erosion': 0, 'SDRF': 0, 'Inundation': 0, 'Hydrology': 0, 'Silt': 0, 'Siltation': 0, 'Bund': 0, 'Trench': 0, 'Breach': 0, 'Culvert': 0, 'Sluice': 0, 'Dyke': 0, 'Storm water drain': 0, 'Emergency': 0, 'Immediate': 0, 'IM': 0, 'AE': 0, 'A E': 0, 'AAPDA MITRA': 0, 'Bridge': 0, 'River': 0, 'Drain': 2, 'Restoration': 0, 'Protection': 0, 'irr': 0, 'irrigation': 0, 'dam': 0, 'Nallah': 0, 'Retrofitting': 0, 'Pond': 0, 'Pokhari': 0, 'D/C': 0, 'Recharge shaft': 0, 'LFB': 0, 'RFB': 0}","{'Floodlight': 0, 'Flood Light': 0, 'GAS': 0, 'FIFA': 0, 'pipe': 0, 'pipes': 0, 'covid': 0, 'supply': 0, 'Beautification': 0, 'Installation': 0}",,,False,True,Immediate Measures
118652,NIT-11/MMC/MUZAFFARPUR/2025-26-GR-04,"Construction of drain from Vighan Sah's house to Upendra Thakur's house and connecting Pappu Jha's house in Ward No.-07 under MMC, Muzaffarpur. GROUP-04","Construction of drain from Vighan Sah's house to Upendra Thakur's house and connecting Pappu Jha's house in Ward No.-07 under MMC, Muzaffarpur. GROUP-04",546500.0,INR,INR,2025-11-25 11:25:34+00:00,2025-11-25T08:09:51.648000+00:00,2025-12-04T06:36:10+00:00,Muzaffarpur Municipal Commissioner,Municipal Commissioner,Muzaffarpur Municipal Corporation,Opposite of Muzaffarpur Railway Station,"MUNICIPAL COMMISSIONER, MUZAFFARPUR",MUNICIPAL COMMISSIONER,MUZAFFARPUR MUNICIPAL CORPORATION,11000.0,1250.0,590.0,True,"{'Flood': 0, 'Embankment': 0, 'embkt': 0, 'Relief': 0, 'Erosion': 0, 'SDRF': 0, 'Inundation': 0, 'Hydrology': 0, 'Silt': 0, 'Siltation': 0, 'Bund': 0, 'Trench': 0, 'Breach': 0, 'Culvert': 0, 'Sluice': 0, 'Dyke': 0, 'Storm water drain': 0, 'Emergency': 0, 'Immediate': 0, 'IM': 0, 'AE': 0, 'A E': 0, 'AAPDA MITRA': 0, 'Bridge': 0, 'River': 0, 'Drain': 2, 'Restoration': 0, 'Protection': 0, 'irr': 0, 'irrigation': 0, 'dam': 0, 'Nallah': 0, 'Retrofitting': 0, 'Pond': 0, 'Pokhari': 0, 'D/C': 0, 'Recharge shaft': 0, 'LFB': 0, 'RFB': 0}","{'Floodlight': 0, 'Flood Light': 0, 'GAS': 0, 'FIFA': 0, 'pipe': 0, 'pipes': 0, 'covid': 0, 'supply': 0, 'Beautification': 0, 'Installation': 0}",,,False,True,Immediate Measures
118649,NIT-11/MMC/MUZAFFARPUR/2025-26-GR-01,"Construction of P.C.C. Road and R.C.C. Drain from House of Veda Shri to House of Dr. Anjana Verma in Ward No.-02 under MMC, Muzaffarpur. GROUP-01","Construction of P.C.C. Road and R.C.C. Drain from House of Veda Shri to House of Dr. Anjana Verma in Ward No.-02 under MMC, Muzaffarpur. GROUP-01",1568250.0,INR,INR,2025-11-25 11:22:09+00:00,2025-11-25T08:02:29.757000+00:00,2025-12-04T06:29:47+00:00,Muzaffarpur Municipal Commissioner,Municipal Commissioner,Muzaffarpur Municipal Corporation,Opposite of Muzaffarpur Railway Station,"MUNICIPAL COMMISSIONER, MUZAFFARPUR",MUNICIPAL COMMISSIONER,MUZAFFARPUR MUNICIPAL CORPORATION,31400.0,5000.0,590.0,True,"{'Flood': 0, 'Embankment': 0, 'embkt': 0, 'Relief': 0, 'Erosion': 0, 'SDRF': 0, 'Inundation': 0, 'Hydrology': 0, 'Silt': 0, 'Siltation': 0, 'Bund': 0, 'Trench': 0, 'Breach': 0, 'Culvert': 0, 'Sluice': 0, 'Dyke': 0, 'Storm water drain': 0, 'Emergency': 0, 'Immediate': 0, 'IM': 0, 'AE': 0, 'A E': 0, 'AAPDA MITRA': 0, 'Bridge': 0, 'River': 0, 'Drain': 2, 'Restoration': 0, 'Protection': 0, 'irr': 0, 'irrigation': 0, 'dam': 0, 'Nallah': 0, 'Retrofitting': 0, 'Pond': 0, 'Pokhari': 0, 'D/C': 0, 'Recharge shaft': 0, 'LFB': 0, 'RFB': 0}","{'Floodlight': 0, 'Flood Light': 0, 'GAS': 0, 'FIFA': 0, 'pipe': 0, 'pipes': 0, 'covid': 0, 'supply': 0, 'Beautification': 0, 'Installation': 0}",,,False,True,Immediate Measures
118654,NIT-11/MMC/MUZAFFARPUR/2025-26-GR-06,Construction of PCC Road and Rcc Drain  in Ward No. 14 Kali mata mandir to PWD road Under MMC. Muzaffapur.  GROUP-06,Construction of PCC Road and Rcc Drain  in Ward No. 14 Kali mata mandir to PWD road Under MMC. Muzaffapur.  GROUP-06,2280700.0,INR,INR,2025-11-25 11:27:09+00:00,2025-11-25T08:11:19.789000+00:00,2025-12-04T06:43:00+00:00,Muzaffarpur Municipal Commissioner,Municipal Commissioner,Muzaffarpur Municipal Corporation,Opposite of Muzaffarpur Railway Station,"MUNICIPAL COMMISSIONER, MUZAFFARPUR",MUNICIPAL COMMISSIONER,MUZAFFARPUR MUNICIPAL CORPORATION,45700.0,5000.0,590.0,True,"{'Flood': 0, 'Embankment': 0, 'embkt': 0, 'Relief': 0, 'Erosion': 0, 'SDRF': 0, 'Inundation': 0, 'Hydrology': 0, 'Silt': 0, 'Siltation': 0, 'Bund': 0, 'Trench': 0, 'Breach': 0, 'Culvert': 0, 'Sluice': 0, 'Dyke': 0, 'Storm water drain': 0, 'Emergency': 0, 'Immediate': 0, 'IM': 0, 'AE': 0, 'A E': 0, 'AAPDA MITRA': 0, 'Bridge': 0, 'River': 0, 'Drain': 2, 'Restoration': 0, 'Protection': 0, 'irr': 0, 'irrigation': 0, 'dam': 0, 'Nallah': 0, 'Retrofitting': 0, 'Pond': 0, 'Pokhari': 0, 'D/C': 0, 'Recharge shaft': 0, 'LFB': 0, 'RFB': 0}","{'Floodlight': 0, 'Flood Light': 0, 'GAS': 0, 'FIFA': 0, 'pipe': 0, 'pipes': 0, 'covid': 0, 'supply': 0, 'Beautification': 0, 'Installation': 0}",,,False,True,Immediate Measures
118650,NIT-11/MMC/MUZAFFARPUR/2025-26-GR-02,"Construction of R.C.C. Drain and P.C.C. Road from Devnath Singh House to Baleshwar Rasulpuri House in Ward No.-02 under MMC, Muzaffarpur. GROUP-02","Construction of R.C.C. Drain and P.C.C. Road from Devnath Singh House to Baleshwar Rasulpuri House in Ward No.-02 under MMC, Muzaffarpur. GROUP-02",2495300.0,INR,INR,2025-11-25 11:23:38+00:00,2025-11-25T08:09:12.682000+00:00,2025-12-04T06:31:53+00:00,Muzaffarpur Municipal Commissioner,Municipal Commissioner,Muzaffarpur Municipal Corporation,Opposite of Muzaffarpur Railway Station,"MUNICIPAL COMMISSIONER, MUZAFFARPUR",MUNICIPAL COMMISSIONER,MUZAFFARPUR MUNICIPAL CORPORATION,50000.0,5000.0,590.0,True,"{'Flood': 0, 'Embankment': 0, 'embkt': 0, 'Relief': 0, 'Erosion': 0, 'SDRF': 0, 'Inundation': 0, 'Hydrology': 0, 'Silt': 0, 'Siltation': 0, 'Bund': 0, 'Trench': 0, 'Breach': 0, 'Culvert': 0, 'Sluice': 0, 'Dyke': 0, 'Storm water drain': 0, 'Emergency': 0, 'Immediate': 0, 'IM': 0, 'AE': 0, 'A E': 0, 'AAPDA MITRA': 0, 'Bridge': 0, 'River': 0, 'Drain': 2, 'Restoration': 0, 'Protection': 0, 'irr': 0, 'irrigation': 0, 'dam': 0, 'Nallah': 0, 'Retrofitting': 0, 'Pond': 0, 'Pokhari': 0, 'D/C': 0, 'Recharge shaft': 0, 'LFB': 0, 'RFB': 0}","{'Floodlight': 0, 'Flood Light': 0, 'GAS': 0, 'FIFA': 0, 'pipe': 0, 'pipes': 0, 'covid': 0, 'supply': 0, 'Beautification': 0, 'Installation': 0}",,,False,True,Immediate Measures
118658,NIT-11/MMC/MUZAFFARPUR/2025-26-GR-10,"Repairing of P.C.C. Road and R.C.C. Drain in Ward No.-22 from The House of Anup Sah Ji near Sahu Pokhar to the House of Rajni Ranjan Sahu Ji (Ex. M.P.) under MMC, Muzaffarpur.  GROUP-10","Repairing of P.C.C. Road and R.C.C. Drain in Ward No.-22 from The House of Anup Sah Ji near Sahu Pokhar to the House of Rajni Ranjan Sahu Ji (Ex. M.P.) under MMC, Muzaffarpur.  GROUP-10",887700.0,INR,INR,2025-11-25 11:36:16+00:00,2025-11-25T08:11:58.129000+00:00,2025-12-04T06:51:33+00:00,Muzaffarpur Municipal Commissioner,Municipal Commissioner,Muzaffarpur Municipal Corporation,Opposite of Muzaffarpur Railway Station,"MUNICIPAL COMMISSIONER, MUZAFFARPUR",MUNICIPAL COMMISSIONER,MUZAFFARPUR MUNICIPAL CORPORATION,17800.0,2500.0,590.0,True,"{'Flood': 0, 'Embankment': 0, 'embkt': 0, 'Relief': 0, 'Erosion': 0, 'SDRF': 0, 'Inundation': 0, 'Hydrology': 0, 'Silt': 0, 'Siltation': 0, 'Bund': 0, 'Trench': 0, 'Breach': 0, 'Culvert': 0, 'Sluice': 0, 'Dyke': 0, 'Storm water drain': 0, 'Emergency': 0, 'Immediate': 0, 'IM': 0, 'AE': 0, 'A E': 0, 'AAPDA MITRA': 0, 'Bridge': 0, 'River': 0, 'Drain': 2, 'Restoration': 0, 'Protection': 0, 'irr': 0, 'irrigation': 0, 'dam': 0, 'Nallah': 0, 'Retrofitting': 0, 'Pond': 0, 'Pokhari': 0, 'D/C': 0, 'Recharge shaft': 0, 'LFB': 0, 'RFB': 0}","{'Floodlight': 0, 'Flood Light': 0, 'GAS': 0, 'FIFA': 0, 'pipe': 0, 'pipes': 0, 'covid': 0, 'supply': 0, 'Beautification': 0, 'Installation': 0}",,,False,True,Immediate Measures
118657,NIT-11/MMC/MUZAFFARPUR/2025-26-GR-09,Construction of P.C.C. Road And R.C.C. Drain In from house of the Nand Kishore Tiwari to near of house of Kanhaiya Singh in Ward No.-17 Under MMC. Muzaffarpur. GROUP-09,Construction of P.C.C. Road And R.C.C. Drain In from house of the Nand Kishore Tiwari to near of house of Kanhaiya Singh in Ward No.-17 Under MMC. Muzaffarpur. GROUP-09,906900.0,INR,INR,2025-11-25 11:35:12+00:00,2025-11-25T08:11:49.465000+00:00,2025-12-04T06:48:00+00:00,Muzaffarpur Municipal Commissioner,Municipal Commissioner,Muzaffarpur Municipal Corporation,Opposite of Muzaffarpur Railway Station,"MUNICIPAL COMMISSIONER, MUZAFFARPUR",MUNICIPAL COMMISSIONER,MUZAFFARPUR MUNICIPAL CORPORATION,18200.0,1250.0,590.0,True,"{'Flood': 0, 'Embankment': 0, 'embkt': 0, 'Relief': 0, 'Erosion': 0, 'SDRF': 0, 'Inundation': 0, 'Hydrology': 0, 'Silt': 0, 'Siltation': 0, 'Bund': 0, 'Trench': 0, 'Breach': 0, 'Culvert': 0, 'Sluice': 0, 'Dyke': 0, 'Storm water drain': 0, 'Emergency': 0, 'Immediate': 0, 'IM': 0, 'AE': 0, 'A E': 0, 'AAPDA MITRA': 0, 'Bridge': 0, 'River': 0, 'Drain': 2, 'Restoration': 0, 'Protection': 0, 'irr': 0, 'irrigation': 0, 'dam': 0, 'Nallah': 0, 'Retrofitting': 0, 'Pond': 0, 'Pokhari': 0, 'D/C': 0, 'Recharge shaft': 0, 'LFB': 0, 'RFB': 0}","{'Floodlight': 0, 'Flood Light': 0, 'GAS': 0, 'FIFA': 0, 'pipe': 0, 'pipes': 0, 'covid': 0, 'supply': 0, 'Beautification': 0, 'Installation': 0}",,,False,True,Immediate Measures
118661,NIT-11/MMC/MUZAFFARPUR/2025-26-GR-13,"Construction of R.C.C. Drain from Majhauliya Gumti to Shivpuri Colony under in Ward No.-27 under MMC, Muzaffarpur.  GROUP-13","Construction of R.C.C. Drain from Majhauliya Gumti to Shivpuri Colony under in Ward No.-27 under MMC, Muzaffarpur.  GROUP-13",2057300.0,INR,INR,2025-11-25 11:38:36+00:00,2025-11-25T08:12:31.006000+00:00,2025-12-04T06:57:08+00:00,Muzaffarpur Municipal Commissioner,Municipal Commissioner,Muzaffarpur Municipal Corporation,Opposite of Muzaffarpur Railway Station,"MUNICIPAL COMMISSIONER, MUZAFFARPUR",MUNICIPAL COMMISSIONER,MUZAFFARPUR MUNICIPAL CORPORATION,41200.0,5000.0,590.0,True,"{'Flood': 0, 'Embankment': 0, 'embkt': 0, 'Relief': 0, 'Erosion': 0, 'SDRF': 0, 'Inundation': 0, 'Hydrology': 0, 'Silt': 0, 'Siltation': 0, 'Bund': 0, 'Trench': 0, 'Breach': 0, 'Culvert': 0, 'Sluice': 0, 'Dyke': 0, 'Storm water drain': 0, 'Emergency': 0, 'Immediate': 0, 'IM': 0, 'AE': 0, 'A E': 0, 'AAPDA MITRA': 0, 'Bridge': 0, 'River': 0, 'Drain': 2, 'Restoration': 0, 'Protection': 0, 'irr': 0, 'irrigation': 0, 'dam': 0, 'Nallah': 0, 'Retrofitting': 0, 'Pond': 0, 'Pokhari': 0, 'D/C': 0, 'Recharge shaft': 0, 'LFB': 0, 'RFB': 0}","{'Floodlight': 0, 'Flood Light': 0, 'GAS': 0, 'FIFA': 0, 'pipe': 0, 'pipes': 0, 'covid': 0, 'supply': 0, 'Beautification': 0, 'Installation': 0}",,,False,True,Immediate Measures
118659,NIT-11/MMC/MUZAFFARPUR/2025-26-GR-11,"Construction of R.C.C. Drain from Thakur Nursing Home to Amarnath Temple Fardo drain via Ganga Babu's house in Ward No.-26 under MMC, Muzaffarpur. GROUP-11","Construction of R.C.C. Drain from Thakur Nursing Home to Amarnath Temple Fardo drain via Ganga Babu's house in Ward No.-26 under MMC, Muzaffarpur. GROUP-11",2092200.0,INR,INR,2025-11-25 11:36:59+00:00,2025-11-25T08:12:09.876000+00:00,2025-12-04T06:53:10+00:00,Muzaffarpur Municipal Commissioner,Municipal Commissioner,Muzaffarpur Municipal Corporation,Opposite of Muzaffarpur Railway Station,"MUNICIPAL COMMISSIONER, MUZAFFARPUR",MUNICIPAL COMMISSIONER,MUZAFFARPUR MUNICIPAL CORPORATION,41900.0,5000.0,590.0,True,"{'Flood': 0, 'Embankment': 0, 'embkt': 0, 'Relief': 0, 'Erosion': 0, 'SDRF': 0, 'Inundation': 0, 'Hydrology': 0, 'Silt': 0, 'Siltation': 0, 'Bund': 0, 'Trench': 0, 'Breach': 0, 'Culvert': 0, 'Sluice': 0, 'Dyke': 0, 'Storm water drain': 0, 'Emergency': 0, 'Immediate': 0, 'IM': 0, 'AE': 0, 'A E': 0, 'AAPDA MITRA': 0, 'Bridge': 0, 'River': 0, 'Drain': 4, 'Restoration': 0, 'Protection': 0, 'irr': 0, 'irrigation': 0, 'dam': 0, 'Nallah': 0, 'Retrofitting': 0, 'Pond': 0, 'Pokhari': 0, 'D/C': 0, 'Recharge shaft': 0, 'LFB': 0, 'RFB': 0}","{'Floodlight': 0, 'Flood Light': 0, 'GAS': 0, 'FIFA': 0, 'pipe': 0, 'pipes': 0, 'covid': 0, 'supply': 0, 'Beautification': 0, 'Installation': 0}",,,False,True,Immediate Measures
118655,NIT-11/MMC/MUZAFFARPUR/2025-26-GR-07,Construction of PCC Road and RCC Drain in Ward No. 14 from Lalan jee house to house of Ranjan Sharma Under MMC. Muzaffarpur.  GROUP-07,Construction of PCC Road and RCC Drain in Ward No. 14 from Lalan jee house to house of Ranjan Sharma Under MMC. Muzaffarpur.  GROUP-07,2391200.0,INR,INR,2025-11-25 11:33:22+00:00,2025-11-25T08:11:31.170000+00:00,2025-12-04T06:44:17+00:00,Muzaffarpur Municipal Commissioner,Municipal Commissioner,Muzaffarpur Municipal Corporation,Opposite of Muzaffarpur Railway Station,"MUNICIPAL COMMISSIONER, MUZAFFARPUR",MUNICIPAL COMMISSIONER,MUZAFFARPUR MUNICIPAL CORPORATION,47900.0,5000.0,590.0,True,"{'Flood': 0, 'Embankment': 0, 'embkt': 0, 'Relief': 0, 'Erosion': 0, 'SDRF': 0, 'Inundation': 0, 'Hydrology': 0, 'Silt': 0, 'Siltation': 0, 'Bund': 0, 'Trench': 0, 'Breach': 0, 'Culvert': 0, 'Sluice': 0, 'Dyke': 0, 'Storm water drain': 0, 'Emergency': 0, 'Immediate': 0, 'IM': 0, 'AE': 0, 'A E': 0, 'AAPDA MITRA': 0, 'Bridge': 0, 'River': 0, 'Drain': 2, 'Restoration': 0, 'Protection': 0, 'irr': 0, 'irrigation': 0, 'dam': 0, 'Nallah': 0, 'Retrofitting': 0, 'Pond': 0, 'Pokhari': 0, 'D/C': 0, 'Recharge shaft': 0, 'LFB': 0, 'RFB': 0}","{'Floodlight': 0, 'Flood Light': 0, 'GAS': 0, 'FIFA': 0, 'pipe': 0, 'pipes': 0, 'covid': 0, 'supply': 0, 'Beautification': 0, 'Installation': 0}",,,False,True,Immediate Measures
118656,NIT-11/MMC/MUZAFFARPUR/2025-26-GR-08,"Construction of P.C.C. Road and R.C.C. Drain in Ward No.-17 from House of Alok Srivastava to the House of Rana Mani Singh under MMC, Muzaffarpur. GROUP-08","Construction of P.C.C. Road and R.C.C. Drain in Ward No.-17 from House of Alok Srivastava to the House of Rana Mani Singh under MMC, Muzaffarpur. GROUP-08",2216500.0,INR,INR,2025-11-25 11:34:12+00:00,2025-11-25T08:11:39.989000+00:00,2025-12-04T06:45:44+00:00,Muzaffarpur Municipal Commissioner,Municipal Commissioner,Muzaffarpur Municipal Corporation,Opposite of Muzaffarpur Railway Station,"MUNICIPAL COMMISSIONER, MUZAFFARPUR",MUNICIPAL COMMISSIONER,MUZAFFARPUR MUNICIPAL CORPORATION,44400.0,5000.0,590.0,True,"{'Flood': 0, 'Embankment': 0, 'embkt': 0, 'Relief': 0, 'Erosion': 0, 'SDRF': 0, 'Inundation': 0, 'Hydrology': 0, 'Silt': 0, 'Siltation': 0, 'Bund': 0, 'Trench': 0, 'Breach': 0, 'Culvert': 0, 'Sluice': 0, 'Dyke': 0, 'Storm water drain': 0, 'Emergency': 0, 'Immediate': 0, 'IM': 0, 'AE': 0, 'A E': 0, 'AAPDA MITRA': 0, 'Bridge': 0, 'River': 0, 'Drain': 2, 'Restoration': 0, 'Protection': 0, 'irr': 0, 'irrigation': 0, 'dam': 0, 'Nallah': 0, 'Retrofitting': 0, 'Pond': 0, 'Pokhari': 0, 'D/C': 0, 'Recharge shaft': 0, 'LFB': 0, 'RFB': 0}","{'Floodlight': 0, 'Flood Light': 0, 'GAS': 0, 'FIFA': 0, 'pipe': 0, 'pipes': 0, 'covid': 0, 'supply': 0, 'Beautification': 0, 'Installation': 0}",,,False,True,Immediate Measures
118665,NIT-11/MMC/MUZAFFARPUR/2025-26-GR-17,"Construction of road and drain from Zenith Petrol Pump to Ajay Kumar's house under in Ward No.-30 under MMC, Muzaffarpur. GROUP-17","Construction of road and drain from Zenith Petrol Pump to Ajay Kumar's house under in Ward No.-30 under MMC, Muzaffarpur. GROUP-17",1114500.0,INR,INR,2025-11-25 11:42:15+00:00,2025-11-25T08:13:12.870000+00:00,2025-12-04T07:11:29+00:00,Muzaffarpur Municipal Commissioner,Municipal Commissioner,Muzaffarpur Municipal Corporation,Opposite of Muzaffarpur Railway Station,"MUNICIPAL COMMISSIONER, MUZAFFARPUR",MUNICIPAL COMMISSIONER,MUZAFFARPUR MUNICIPAL CORPORATION,22500.0,2500.0,590.0,True,"{'Flood': 0, 'Embankment': 0, 'embkt': 0, 'Relief': 0, 'Erosion': 0, 'SDRF': 0, 'Inundation': 0, 'Hydrology': 0, 'Silt': 0, 'Siltation': 0, 'Bund': 0, 'Trench': 0, 'Breach': 0, 'Culvert': 0, 'Sluice': 0, 'Dyke': 0, 'Storm water drain': 0, 'Emergency': 0, 'Immediate': 0, 'IM': 0, 'AE': 0, 'A E': 0, 'AAPDA MITRA': 0, 'Bridge': 0, 'River': 0, 'Drain': 2, 'Restoration': 0, 'Protection': 0, 'irr': 0, 'irrigation': 0, 'dam': 0, 'Nallah': 0, 'Retrofitting': 0, 'Pond': 0, 'Pokhari': 0, 'D/C': 0, 'Recharge shaft': 0, 'LFB': 0, 'RFB': 0}","{'Floodlight': 0, 'Flood Light': 0, 'GAS': 0, 'FIFA': 0, 'pipe': 0, 'pipes': 0, 'covid': 0, 'supply': 0, 'Beautification': 0, 'Installation': 0}",,,False,True,Immediate Measures
118664,NIT-11/MMC/MUZAFFARPUR/2025-26-GR-16,"Construction of R.C.C. Drain from Indra Kumari's house to Gyanu ji's house in Ward No.-29 under MMC, Muzaffarpur. GROUP-16","Construction of R.C.C. Drain from Indra Kumari's house to Gyanu ji's house in Ward No.-29 under MMC, Muzaffarpur. GROUP-16",1734100.0,INR,INR,2025-11-25 11:41:05+00:00,2025-11-25T08:13:03.102000+00:00,2025-12-04T07:06:54+00:00,Muzaffarpur Municipal Commissioner,Municipal Commissioner,Muzaffarpur Municipal Corporation,Opposite of Muzaffarpur Railway Station,"MUNICIPAL COMMISSIONER, MUZAFFARPUR",MUNICIPAL COMMISSIONER,MUZAFFARPUR MUNICIPAL CORPORATION,34700.0,5000.0,590.0,True,"{'Flood': 0, 'Embankment': 0, 'embkt': 0, 'Relief': 0, 'Erosion': 0, 'SDRF': 0, 'Inundation': 0, 'Hydrology': 0, 'Silt': 0, 'Siltation': 0, 'Bund': 0, 'Trench': 0, 'Breach': 0, 'Culvert': 0, 'Sluice': 0, 'Dyke': 0, 'Storm water drain': 0, 'Emergency': 0, 'Immediate': 0, 'IM': 0, 'AE': 0, 'A E': 0, 'AAPDA MITRA': 0, 'Bridge': 0, 'River': 0, 'Drain': 2, 'Restoration': 0, 'Protection': 0, 'irr': 0, 'irrigation': 0, 'dam': 0, 'Nallah': 0, 'Retrofitting': 0, 'Pond': 0, 'Pokhari': 0, 'D/C': 0, 'Recharge shaft': 0, 'LFB': 0, 'RFB': 0}","{'Floodlight': 0, 'Flood Light': 0, 'GAS': 0, 'FIFA': 0, 'pipe': 0, 'pipes': 0, 'covid': 0, 'supply': 0, 'Beautification': 0, 'Installation': 0}",,,False,True,Immediate Measures
118667,NIT-11/MMC/MUZAFFARPUR/2025-26-GR-19,Construction of  Rcc Drain  in Ward No. 37  from house of Saroj devi to house of Dr B N Jha Under MMC. Muzaffarpur. GROUP-19,Construction of  Rcc Drain  in Ward No. 37  from house of Saroj devi to house of Dr B N Jha Under MMC. Muzaffarpur. GROUP-19,1345300.0,INR,INR,2025-11-25 11:44:34+00:00,2025-11-25T08:13:34.598000+00:00,2025-12-04T07:18:13+00:00,Muzaffarpur Municipal Commissioner,Municipal Commissioner,Muzaffarpur Municipal Corporation,Opposite of Muzaffarpur Railway Station,"MUNICIPAL COMMISSIONER, MUZAFFARPUR",MUNICIPAL COMMISSIONER,MUZAFFARPUR MUNICIPAL CORPORATION,27000.0,2500.0,590.0,True,"{'Flood': 0, 'Embankment': 0, 'embkt': 0, 'Relief': 0, 'Erosion': 0, 'SDRF': 0, 'Inundation': 0, 'Hydrology': 0, 'Silt': 0, 'Siltation': 0, 'Bund': 0, 'Trench': 0, 'Breach': 0, 'Culvert': 0, 'Sluice': 0, 'Dyke': 0, 'Storm water drain': 0, 'Emergency': 0, 'Immediate': 0, 'IM': 0, 'AE': 0, 'A E': 0, 'AAPDA MITRA': 0, 'Bridge': 0, 'River': 0, 'Drain': 2, 'Restoration': 0, 'Protection': 0, 'irr': 0, 'irrigation': 0, 'dam': 0, 'Nallah': 0, 'Retrofitting': 0, 'Pond': 0, 'Pokhari': 0, 'D/C': 0, 'Recharge shaft': 0, 'LFB': 0, 'RFB': 0}","{'Floodlight': 0, 'Flood Light': 0, 'GAS': 0, 'FIFA': 0, 'pipe': 0, 'pipes': 0, 'covid': 0, 'supply': 0, 'Beautification': 0, 'Installation': 0}",,,False,True,Immediate Measures
118670,NIT-11/MMC/MUZAFFARPUR/2025-26-GR-22,"CONSTRUCTION OF R.C.C. DRAIN AND PCC ROAD FROM BABAN BIGHA ROAD NO-4A KANHAULI MAIN ROAD TO RANJAY CHAUDHARY  IN WARD NO.47, UNDER MMC. MUZAFFARPUR. GROUP-22","CONSTRUCTION OF R.C.C. DRAIN AND PCC ROAD FROM BABAN BIGHA ROAD NO-4A KANHAULI MAIN ROAD TO RANJAY CHAUDHARY  IN WARD NO.47, UNDER MMC. MUZAFFARPUR. GROUP-22",2498200.0,INR,INR,2025-11-25 11:47:03+00:00,2025-11-25T08:14:00.957000+00:00,2025-12-04T07:32:50+00:00,Muzaffarpur Municipal Commissioner,Municipal Commissioner,Muzaffarpur Municipal Corporation,Opposite of Muzaffarpur Railway Station,"MUNICIPAL COMMISSIONER, MUZAFFARPUR",MUNICIPAL COMMISSIONER,MUZAFFARPUR MUNICIPAL CORPORATION,50000.0,5000.0,590.0,True,"{'Flood': 0, 'Embankment': 0, 'embkt': 0, 'Relief': 0, 'Erosion': 0, 'SDRF': 0, 'Inundation': 0, 'Hydrology': 0, 'Silt': 0, 'Siltation': 0, 'Bund': 0, 'Trench': 0, 'Breach': 0, 'Culvert': 0, 'Sluice': 0, 'Dyke': 0, 'Storm water drain': 0, 'Emergency': 0, 'Immediate': 0, 'IM': 0, 'AE': 0, 'A E': 0, 'AAPDA MITRA': 0, 'Bridge': 0, 'River': 0, 'Drain': 2, 'Restoration': 0, 'Protection': 0, 'irr': 0, 'irrigation': 0, 'dam': 0, 'Nallah': 0, 'Retrofitting': 0, 'Pond': 0, 'Pokhari': 0, 'D/C': 0, 'Recharge shaft': 0, 'LFB': 0, 'RFB': 0}","{'Floodlight': 0, 'Flood Light': 0, 'GAS': 0, 'FIFA': 0, 'pipe': 0, 'pipes': 0, 'covid': 0, 'supply': 0, 'Beautification': 0, 'Installation': 0}",,,False,True,Immediate Measures
118666,NIT-11/MMC/MUZAFFARPUR/2025-26-GR-18,Construction of PCC Road and Rcc Drain  in Ward No. 36 in Rahmat gali Mithanpura chowk from house of Shivendra Gupta to MD Zahid house Under MMC. Muzaffarpur.  GROUP-18,Construction of PCC Road and Rcc Drain  in Ward No. 36 in Rahmat gali Mithanpura chowk from house of Shivendra Gupta to MD Zahid house Under MMC. Muzaffarpur.  GROUP-18,1284300.0,INR,INR,2025-11-25 11:43:36+00:00,2025-11-25T08:13:24.635000+00:00,2025-12-04T07:13:17+00:00,Muzaffarpur Municipal Commissioner,Municipal Commissioner,Muzaffarpur Municipal Corporation,Opposite of Muzaffarpur Railway Station,"MUNICIPAL COMMISSIONER, MUZAFFARPUR",MUNICIPAL COMMISSIONER,MUZAFFARPUR MUNICIPAL CORPORATION,25700.0,2500.0,590.0,True,"{'Flood': 0, 'Embankment': 0, 'embkt': 0, 'Relief': 0, 'Erosion': 0, 'SDRF': 0, 'Inundation': 0, 'Hydrology': 0, 'Silt': 0, 'Siltation': 0, 'Bund': 0, 'Trench': 0, 'Breach': 0, 'Culvert': 0, 'Sluice': 0, 'Dyke': 0, 'Storm water drain': 0, 'Emergency': 0, 'Immediate': 0, 'IM': 0, 'AE': 0, 'A E': 0, 'AAPDA MITRA': 0, 'Bridge': 0, 'River': 0, 'Drain': 2, 'Restoration': 0, 'Protection': 0, 'irr': 0, 'irrigation': 0, 'dam': 0, 'Nallah': 0, 'Retrofitting': 0, 'Pond': 0, 'Pokhari': 0, 'D/C': 0, 'Recharge shaft': 0, 'LFB': 0, 'RFB': 0}","{'Floodlight': 0, 'Flood Light': 0, 'GAS': 0, 'FIFA': 0, 'pipe': 0, 'pipes': 0, 'covid': 0, 'supply': 0, 'Beautification': 0, 'Installation': 0}",,,False,True,Immediate Measures
118673,NIT-11/MMC/MUZAFFARPUR/2025-26-GR-25,"CONSTRUCTION OF R.C.C. DRAIN AND PCC ROAD FROM ABDUL KALAM HOME TO ANAULHAKK (IMMAM SAHAB) HOME IN NEW COLONY MITHANPURA  IN WARD NO.49, UNDER MMC. MUZAFFARPUR.  GROUP-25","CONSTRUCTION OF R.C.C. DRAIN AND PCC ROAD FROM ABDUL KALAM HOME TO ANAULHAKK (IMMAM SAHAB) HOME IN NEW COLONY MITHANPURA  IN WARD NO.49, UNDER MMC. MUZAFFARPUR.  GROUP-25",1126900.0,INR,INR,2025-11-25 11:49:54+00:00,2025-11-25T08:14:33.403000+00:00,2025-12-04T07:37:16+00:00,Muzaffarpur Municipal Commissioner,Municipal Commissioner,Muzaffarpur Municipal Corporation,Opposite of Muzaffarpur Railway Station,"MUNICIPAL COMMISSIONER, MUZAFFARPUR",MUNICIPAL COMMISSIONER,MUZAFFARPUR MUNICIPAL CORPORATION,11500.0,2500.0,590.0,True,"{'Flood': 0, 'Embankment': 0, 'embkt': 0, 'Relief': 0, 'Erosion': 0, 'SDRF': 0, 'Inundation': 0, 'Hydrology': 0, 'Silt': 0, 'Siltation': 0, 'Bund': 0, 'Trench': 0, 'Breach': 0, 'Culvert': 0, 'Sluice': 0, 'Dyke': 0, 'Storm water drain': 0, 'Emergency': 0, 'Immediate': 0, 'IM': 0, 'AE': 0, 'A E': 0, 'AAPDA MITRA': 0, 'Bridge': 0, 'River': 0, 'Drain': 2, 'Restoration': 0, 'Protection': 0, 'irr': 0, 'irrigation': 0, 'dam': 0, 'Nallah': 0, 'Retrofitting': 0, 'Pond': 0, 'Pokhari': 0, 'D/C': 0, 'Recharge shaft': 0, 'LFB': 0, 'RFB': 0}","{'Floodlight': 0, 'Flood Light': 0, 'GAS': 0, 'FIFA': 0, 'pipe': 0, 'pipes': 0, 'covid': 0, 'supply': 0, 'Beautification': 0, 'Installation': 0}",,,False,True,Immediate Measures
118662,NIT-11/MMC/MUZAFFARPUR/2025-26-GR-14,"Construction Of P.C.C. Road And R.C.C. Drain In Ward No.-27,  Mansuri Gali Chawk From Abdul Wahid House To Majhauliya Road Under MMC. Muzaffarpur. GROUP-14","Construction Of P.C.C. Road And R.C.C. Drain In Ward No.-27,  Mansuri Gali Chawk From Abdul Wahid House To Majhauliya Road Under MMC. Muzaffarpur. GROUP-14",2496800.0,INR,INR,2025-11-25 11:39:27+00:00,2025-11-25T08:12:40.930000+00:00,2025-12-04T07:01:10+00:00,Muzaffarpur Municipal Commissioner,Municipal Commissioner,Muzaffarpur Municipal Corporation,Opposite of Muzaffarpur Railway Station,"MUNICIPAL COMMISSIONER, MUZAFFARPUR",MUNICIPAL COMMISSIONER,MUZAFFARPUR MUNICIPAL CORPORATION,49900.0,5000.0,590.0,True,"{'Flood': 0, 'Embankment': 0, 'embkt': 0, 'Relief': 0, 'Erosion': 0, 'SDRF': 0, 'Inundation': 0, 'Hydrology': 0, 'Silt': 0, 'Siltation': 0, 'Bund': 0, 'Trench': 0, 'Breach': 0, 'Culvert': 0, 'Sluice': 0, 'Dyke': 0, 'Storm water drain': 0, 'Emergency': 0, 'Immediate': 0, 'IM': 0, 'AE': 0, 'A E': 0, 'AAPDA MITRA': 0, 'Bridge': 0, 'River': 0, 'Drain': 2, 'Restoration': 0, 'Protection': 0, 'irr': 0, 'irrigation': 0, 'dam': 0, 'Nallah': 0, 'Retrofitting': 0, 'Pond': 0, 'Pokhari': 0, 'D/C': 0, 'Recharge shaft': 0, 'LFB': 0, 'RFB': 0}","{'Floodlight': 0, 'Flood Light': 0, 'GAS': 0, 'FIFA': 0, 'pipe': 0, 'pipes': 0, 'covid': 0, 'supply': 0, 'Beautification': 0, 'Installation': 0}",,,False,True,Immediate Measures
118663,NIT-11/MMC/MUZAFFARPUR/2025-26-GR-15,"Construction of R.C.C. Drain and P.C.C. Road in RSS Gali in Ward No.-29 under MMC, Muzaffarpur. GROUP-15","Construction of R.C.C. Drain and P.C.C. Road in RSS Gali in Ward No.-29 under MMC, Muzaffarpur. GROUP-15",1647400.0,INR,INR,2025-11-25 11:40:16+00:00,2025-11-25T08:12:52.477000+00:00,2025-12-04T07:02:41+00:00,Muzaffarpur Municipal Commissioner,Municipal Commissioner,Muzaffarpur Municipal Corporation,Opposite of Muzaffarpur Railway Station,"MUNICIPAL COMMISSIONER, MUZAFFARPUR",MUNICIPAL COMMISSIONER,MUZAFFARPUR MUNICIPAL CORPORATION,33000.0,2500.0,590.0,True,"{'Flood': 0, 'Embankment': 0, 'embkt': 0, 'Relief': 0, 'Erosion': 0, 'SDRF': 0, 'Inundation': 0, 'Hydrology': 0, 'Silt': 0, 'Siltation': 0, 'Bund': 0, 'Trench': 0, 'Breach': 0, 'Culvert': 0, 'Sluice': 0, 'Dyke': 0, 'Storm water drain': 0, 'Emergency': 0, 'Immediate': 0, 'IM': 0, 'AE': 0, 'A E': 0, 'AAPDA MITRA': 0, 'Bridge': 0, 'River': 0, 'Drain': 2, 'Restoration': 0, 'Protection': 0, 'irr': 0, 'irrigation': 0, 'dam': 0, 'Nallah': 0, 'Retrofitting': 0, 'Pond': 0, 'Pokhari': 0, 'D/C': 0, 'Recharge shaft': 0, 'LFB': 0, 'RFB': 0}","{'Floodlight': 0, 'Flood Light': 0, 'GAS': 0, 'FIFA': 0, 'pipe': 0, 'pipes': 0, 'covid': 0, 'supply': 0, 'Beautification': 0, 'Installation': 0}",,,False,True,Immediate Measures
118675,NIT-11/MMC/MUZAFFARPUR/2025-26-GR-27,"Construction of R.C.C. Drain and P.C.C. Road in Ward No.-22 Baba Garib Nath Road from Kalyani Chowk via to the House of Lal Babu Gupta under MMC, Muzaffarpur. GROUP-27","Construction of R.C.C. Drain and P.C.C. Road in Ward No.-22 Baba Garib Nath Road from Kalyani Chowk via to the House of Lal Babu Gupta under MMC, Muzaffarpur. GROUP-27",3208430.0,INR,INR,2025-11-25 11:52:53+00:00,2025-11-25T08:14:52.274000+00:00,2025-12-04T07:43:41+00:00,Muzaffarpur Municipal Commissioner,Municipal Commissioner,Muzaffarpur Municipal Corporation,Opposite of Muzaffarpur Railway Station,"MUNICIPAL COMMISSIONER, MUZAFFARPUR",MUNICIPAL COMMISSIONER,MUZAFFARPUR MUNICIPAL CORPORATION,64200.0,5000.0,590.0,True,"{'Flood': 0, 'Embankment': 0, 'embkt': 0, 'Relief': 0, 'Erosion': 0, 'SDRF': 0, 'Inundation': 0, 'Hydrology': 0, 'Silt': 0, 'Siltation': 0, 'Bund': 0, 'Trench': 0, 'Breach': 0, 'Culvert': 0, 'Sluice': 0, 'Dyke': 0, 'Storm water drain': 0, 'Emergency': 0, 'Immediate': 0, 'IM': 0, 'AE': 0, 'A E': 0, 'AAPDA MITRA': 0, 'Bridge': 0, 'River': 0, 'Drain': 2, 'Restoration': 0, 'Protection': 0, 'irr': 0, 'irrigation': 0, 'dam': 0, 'Nallah': 0, 'Retrofitting': 0, 'Pond': 0, 'Pokhari': 0, 'D/C': 0, 'Recharge shaft': 0, 'LFB': 0, 'RFB': 0}","{'Floodlight': 0, 'Flood Light': 0, 'GAS': 0, 'FIFA': 0, 'pipe': 0, 'pipes': 0, 'covid': 0, 'supply': 0, 'Beautification': 0, 'Installation': 0}",,,False,True,Immediate Measures
118672,NIT-11/MMC/MUZAFFARPUR/2025-26-GR-24,"Construction of Road and Drain from Nand Vihar Colony to Tarashankar ji's house in Ward No. 48 under MMC, Muzaffarpur.  GROUP-24","Construction of Road and Drain from Nand Vihar Colony to Tarashankar ji's house in Ward No. 48 under MMC, Muzaffarpur.  GROUP-24",2309500.0,INR,INR,2025-11-25 11:49:06+00:00,2025-11-25T08:14:20.237000+00:00,2025-12-04T07:39:43+00:00,Muzaffarpur Municipal Commissioner,Municipal Commissioner,Muzaffarpur Municipal Corporation,Opposite of Muzaffarpur Railway Station,"MUNICIPAL COMMISSIONER, MUZAFFARPUR",MUNICIPAL COMMISSIONER,MUZAFFARPUR MUNICIPAL CORPORATION,46500.0,5000.0,590.0,True,"{'Flood': 0, 'Embankment': 0, 'embkt': 0, 'Relief': 0, 'Erosion': 0, 'SDRF': 0, 'Inundation': 0, 'Hydrology': 0, 'Silt': 0, 'Siltation': 0, 'Bund': 0, 'Trench': 0, 'Breach': 0, 'Culvert': 0, 'Sluice': 0, 'Dyke': 0, 'Storm water drain': 0, 'Emergency': 0, 'Immediate': 0, 'IM': 0, 'AE': 0, 'A E': 0, 'AAPDA MITRA': 0, 'Bridge': 0, 'River': 0, 'Drain': 2, 'Restoration': 0, 'Protection': 0, 'irr': 0, 'irrigation': 0, 'dam': 0, 'Nallah': 0, 'Retrofitting': 0, 'Pond': 0, 'Pokhari': 0, 'D/C': 0, 'Recharge shaft': 0, 'LFB': 0, 'RFB': 0}","{'Floodlight': 0, 'Flood Light': 0, 'GAS': 0, 'FIFA': 0, 'pipe': 0, 'pipes': 0, 'covid': 0, 'supply': 0, 'Beautification': 0, 'Installation': 0}",,,False,True,Immediate Measures
118671,NIT-11/MMC/MUZAFFARPUR/2025-26-GR-23,"Construction of Road and Drain from Shri Govind Sah's house to Ghanshyam Das's house in Ward No.- 47 under MMC, Muzaffarpur.  GROUP-23","Construction of Road and Drain from Shri Govind Sah's house to Ghanshyam Das's house in Ward No.- 47 under MMC, Muzaffarpur.  GROUP-23",1134000.0,INR,INR,2025-11-25 11:47:48+00:00,2025-11-25T08:14:10.309000+00:00,2025-12-04T07:35:25+00:00,Muzaffarpur Municipal Commissioner,Municipal Commissioner,Muzaffarpur Municipal Corporation,Opposite of Muzaffarpur Railway Station,"MUNICIPAL COMMISSIONER, MUZAFFARPUR",MUNICIPAL COMMISSIONER,MUZAFFARPUR MUNICIPAL CORPORATION,22700.0,2500.0,590.0,True,"{'Flood': 0, 'Embankment': 0, 'embkt': 0, 'Relief': 0, 'Erosion': 0, 'SDRF': 0, 'Inundation': 0, 'Hydrology': 0, 'Silt': 0, 'Siltation': 0, 'Bund': 0, 'Trench': 0, 'Breach': 0, 'Culvert': 0, 'Sluice': 0, 'Dyke': 0, 'Storm water drain': 0, 'Emergency': 0, 'Immediate': 0, 'IM': 0, 'AE': 0, 'A E': 0, 'AAPDA MITRA': 0, 'Bridge': 0, 'River': 0, 'Drain': 2, 'Restoration': 0, 'Protection': 0, 'irr': 0, 'irrigation': 0, 'dam': 0, 'Nallah': 0, 'Retrofitting': 0, 'Pond': 0, 'Pokhari': 0, 'D/C': 0, 'Recharge shaft': 0, 'LFB': 0, 'RFB': 0}","{'Floodlight': 0, 'Flood Light': 0, 'GAS': 0, 'FIFA': 0, 'pipe': 0, 'pipes': 0, 'covid': 0, 'supply': 0, 'Beautification': 0, 'Installation': 0}",,,False,True,Immediate Measures
118669,NIT-11/MMC/MUZAFFARPUR/2025-26-GR-21,"CONSTRUCTION OF RCC DRAIN FROM RESIDENCE OF TEACHER TRAINING COLLAGE TO MAN GATE OF TEACHER TRAINING COLLEGE IN RAMBAG ROAD (IN WARD NO.41), UNDER MMC. MUZAFFARPUR. GROUP-21","CONSTRUCTION OF RCC DRAIN FROM RESIDENCE OF TEACHER TRAINING COLLAGE TO MAN GATE OF TEACHER TRAINING COLLEGE IN RAMBAG ROAD (IN WARD NO.41), UNDER MMC. MUZAFFARPUR. GROUP-21",2250500.0,INR,INR,2025-11-25 11:46:18+00:00,2025-11-25T08:13:52.163000+00:00,2025-12-04T07:27:08+00:00,Muzaffarpur Municipal Commissioner,Municipal Commissioner,Muzaffarpur Municipal Corporation,Opposite of Muzaffarpur Railway Station,"MUNICIPAL COMMISSIONER, MUZAFFARPUR",MUNICIPAL COMMISSIONER,MUZAFFARPUR MUNICIPAL CORPORATION,45100.0,5000.0,590.0,True,"{'Flood': 0, 'Embankment': 0, 'embkt': 0, 'Relief': 0, 'Erosion': 0, 'SDRF': 0, 'Inundation': 0, 'Hydrology': 0, 'Silt': 0, 'Siltation': 0, 'Bund': 0, 'Trench': 0, 'Breach': 0, 'Culvert': 0, 'Sluice': 0, 'Dyke': 0, 'Storm water drain': 0, 'Emergency': 0, 'Immediate': 0, 'IM': 0, 'AE': 0, 'A E': 0, 'AAPDA MITRA': 0, 'Bridge': 0, 'River': 0, 'Drain': 2, 'Restoration': 0, 'Protection': 0, 'irr': 0, 'irrigation': 0, 'dam': 0, 'Nallah': 0, 'Retrofitting': 0, 'Pond': 0, 'Pokhari': 0, 'D/C': 0, 'Recharge shaft': 0, 'LFB': 0, 'RFB': 0}","{'Floodlight': 0, 'Flood Light': 0, 'GAS': 0, 'FIFA': 0, 'pipe': 0, 'pipes': 0, 'covid': 0, 'supply': 0, 'Beautification': 0, 'Installation': 0}",,,False,True,Immediate Measures
118668,NIT-11/MMC/MUZAFFARPUR/2025-26-GR-20,Construction of PCC Road and Rcc Drain  in Ward No. 38 Prani Gudri road R S Singh house to house of MD Yakub Under MMC. Muzaffarpur. GROUP-20,Construction of PCC Road and Rcc Drain  in Ward No. 38 Prani Gudri road R S Singh house to house of MD Yakub Under MMC. Muzaffarpur. GROUP-20,721020.0,INR,INR,2025-11-25 11:45:35+00:00,2025-11-25T08:13:43.982000+00:00,2025-12-04T07:24:26+00:00,Muzaffarpur Municipal Commissioner,Municipal Commissioner,Muzaffarpur Municipal Corporation,Opposite of Muzaffarpur Railway Station,"MUNICIPAL COMMISSIONER, MUZAFFARPUR",MUNICIPAL COMMISSIONER,MUZAFFARPUR MUNICIPAL CORPORATION,14500.0,1250.0,590.0,True,"{'Flood': 0, 'Embankment': 0, 'embkt': 0, 'Relief': 0, 'Erosion': 0, 'SDRF': 0, 'Inundation': 0, 'Hydrology': 0, 'Silt': 0, 'Siltation': 0, 'Bund': 0, 'Trench': 0, 'Breach': 0, 'Culvert': 0, 'Sluice': 0, 'Dyke': 0, 'Storm water drain': 0, 'Emergency': 0, 'Immediate': 0, 'IM': 0, 'AE': 0, 'A E': 0, 'AAPDA MITRA': 0, 'Bridge': 0, 'River': 0, 'Drain': 2, 'Restoration': 0, 'Protection': 0, 'irr': 0, 'irrigation': 0, 'dam': 0, 'Nallah': 0, 'Retrofitting': 0, 'Pond': 0, 'Pokhari': 0, 'D/C': 0, 'Recharge shaft': 0, 'LFB': 0, 'RFB': 0}","{'Floodlight': 0, 'Flood Light': 0, 'GAS': 0, 'FIFA': 0, 'pipe': 0, 'pipes': 0, 'covid': 0, 'supply': 0, 'Beautification': 0, 'Installation': 0}",,,False,True,Immediate Measures
118681,RENIT NO- 06/2025-26 /LAEO/WD-02 SHERGHATI/GR NO-1,Construction of Drain on the Side of SH69 Road at The Block Head Quarters of Gram Panchayat Tandwa Under Bankey Bazar Block,Construction of Drain on the Side of SH69 Road at The Block Head Quarters of Gram Panchayat Tandwa Under Bankey Bazar Block,2195900.0,INR,INR,2025-11-26 07:44:47+00:00,2025-11-25T10:21:52.400000+00:00,2025-11-29T10:37:02+00:00,RAJESH KUMAR,EE,LAEO,AURANGABAD,RAJESH  KUMAR,EE,LAEO,44000.0,5000.0,590.0,True,"{'Flood': 0, 'Embankment': 0, 'embkt': 0, 'Relief': 0, 'Erosion': 0, 'SDRF': 0, 'Inundation': 0, 'Hydrology': 0, 'Silt': 0, 'Siltation': 0, 'Bund': 0, 'Trench': 0, 'Breach': 0, 'Culvert': 0, 'Sluice': 0, 'Dyke': 0, 'Storm water drain': 0, 'Emergency': 0, 'Immediate': 0, 'IM': 0, 'AE': 0, 'A E': 0, 'AAPDA MITRA': 0, 'Bridge': 0, 'River': 0, 'Drain': 2, 'Restoration': 0, 'Protection': 0, 'irr': 0, 'irrigation': 0, 'dam': 0, 'Nallah': 0, 'Retrofitting': 0, 'Pond': 0, 'Pokhari': 0, 'D/C': 0, 'Recharge shaft': 0, 'LFB': 0, 'RFB': 0}","{'Floodlight': 0, 'Flood Light': 0, 'GAS': 0, 'FIFA': 0, 'pipe': 0, 'pipes': 0, 'covid': 0, 'supply': 0, 'Beautification': 0, 'Installation': 0}",,,False,True,Immediate Measures
118693,NIT.- 16/2025-26 GR 02,"Construction of drain from Bhagwan High School to Budhiya Tari main road via Gayatri Temple in ward no. 20 under Nagar Parishad, Gogri Jamalpur.","Construction of drain from Bhagwan High School to Budhiya Tari main road via Gayatri Temple in ward no. 20 under Nagar Parishad, Gogri Jamalpur.",24139200.0,INR,INR,2025-11-25 16:59:39+00:00,2025-11-25T16:43:33.867000+00:00,2025-12-12T11:28:44+00:00,BHOLA NATH YAGNIK,PROJECT DIRECTOR,Bihar Urban Infrastructure Development Corporation Ltd.,"ZILA PARISHAD CAMPUS 1ST FLOOR, BUIDCO, BEGUSARAI",BHOLA NATH YAGNIK,PROJECT DIRECTOR,Bihar Urban Infrastructure Development Corporation Ltd.,483000.0,17700.0,3540.0,True,"{'Flood': 0, 'Embankment': 0, 'embkt': 0, 'Relief': 0, 'Erosion': 0, 'SDRF': 0, 'Inundation': 0, 'Hydrology': 0, 'Silt': 0, 'Siltation': 0, 'Bund': 0, 'Trench': 0, 'Breach': 0, 'Culvert': 0, 'Sluice': 0, 'Dyke': 0, 'Storm water drain': 0, 'Emergency': 0, 'Immediate': 0, 'IM': 0, 'AE': 0, 'A E': 0, 'AAPDA MITRA': 0, 'Bridge': 0, 'River': 0, 'Drain': 2, 'Restoration': 0, 'Protection': 0, 'irr': 0, 'irrigation': 0, 'dam': 0, 'Nallah': 0, 'Retrofitting': 0, 'Pond': 0, 'Pokhari': 0, 'D/C': 0, 'Recharge shaft': 0, 'LFB': 0, 'RFB': 0}","{'Floodlight': 0, 'Flood Light': 0, 'GAS': 0, 'FIFA': 0, 'pipe': 0, 'pipes': 0, 'covid': 0, 'supply': 0, 'Beautification': 0, 'Installation': 0}",,,False,True,Immediate Measures
118691,NIT.- 16/2025-26 GR 01,Road construction work from GN Dam to Dhar via Ramesh Kumar Vasa via Bharat Yadav Vasa in ward no. 19 under Nagar Parishad Gogri Jamalpur,Road construction work from GN Dam to Dhar via Ramesh Kumar Vasa via Bharat Yadav Vasa in ward no. 19 under Nagar Parishad Gogri Jamalpur,8214900.0,INR,INR,2025-11-25 16:39:09+00:00,2025-11-25T16:23:35.409000+00:00,2025-12-12T11:21:53+00:00,BHOLA NATH YAGNIK,PROJECT DIRECTOR,Bihar Urban Infrastructure Development Corporation Ltd.,"ZILA PARISHAD CAMPUS 1ST FLOOR, BUIDCO, BEGUSARAI",BHOLA NATH YAGNIK,PROJECT DIRECTOR,Bihar Urban Infrastructure Development Corporation Ltd.,164298.0,17700.0,3540.0,True,"{'Flood': 0, 'Embankment': 0, 'embkt': 0, 'Relief': 0, 'Erosion': 0, 'SDRF': 0, 'Inundation': 0, 'Hydrology': 0, 'Silt': 0, 'Siltation': 0, 'Bund': 0, 'Trench': 0, 'Breach': 0, 'Culvert': 0, 'Sluice': 0, 'Dyke': 0, 'Storm water drain': 0, 'Emergency': 0, 'Immediate': 0, 'IM': 0, 'AE': 0, 'A E': 0, 'AAPDA MITRA': 0, 'Bridge': 0, 'River': 0, 'Drain': 0, 'Restoration': 0, 'Protection': 0, 'irr': 0, 'irrigation': 0, 'dam': 2, 'Nallah': 0, 'Retrofitting': 0, 'Pond': 0, 'Pokhari': 0, 'D/C': 0, 'Recharge shaft': 0, 'LFB': 0, 'RFB': 0}","{'Floodlight': 0, 'Flood Light': 0, 'GAS': 0, 'FIFA': 0, 'pipe': 0, 'pipes': 0, 'covid': 0, 'supply': 0, 'Beautification': 0, 'Installation': 0}",,,False,True,Immediate Measures
118718,PATNA WEST/RE-TENDER NIT-24/2025-26 (R1),"Construction of  50 No. 125mm X 40mm X 61M deep Tube well with I.M.-II Hand Pump, Platform , Drain and Soakpit in  Water scarce area and polling booth of Assembly Election 2025 in Patna District under P.H. Division, Patna West, Patna.","Construction of  50 No. 125mm X 40mm X 61M deep Tube well with I.M.-II Hand Pump, Platform , Drain and Soakpit in  Water scarce area and polling booth of Assembly Election 2025 in Patna District under P.H. Division, Patna West, Patna.",4672200.0,INR,INR,2025-11-26 13:34:36+00:00,2025-11-26T07:20:13.104000+00:00,2025-12-08T07:50:21+00:00,"Executive Engineer, Patna West",EE,"P.H.Division, Patna West","Road No.2, Rajwanshi Nagar, Patna",AJIT KUMAR,SE,PHED_CIRCLE_PATNA,93500.0,5000.0,590.0,True,"{'Flood': 0, 'Embankment': 0, 'embkt': 0, 'Relief': 0, 'Erosion': 0, 'SDRF': 0, 'Inundation': 0, 'Hydrology': 0, 'Silt': 0, 'Siltation': 0, 'Bund': 0, 'Trench': 0, 'Breach': 0, 'Culvert': 0, 'Sluice': 0, 'Dyke': 0, 'Storm water drain': 0, 'Emergency': 0, 'Immediate': 0, 'IM': 0, 'AE': 0, 'A E': 0, 'AAPDA MITRA': 0, 'Bridge': 0, 'River': 0, 'Drain': 2, 'Restoration': 0, 'Protection': 0, 'irr': 0, 'irrigation': 0, 'dam': 0, 'Nallah': 0, 'Retrofitting': 0, 'Pond': 0, 'Pokhari': 0, 'D/C': 0, 'Recharge shaft': 0, 'LFB': 0, 'RFB': 0}","{'Floodlight': 0, 'Flood Light': 0, 'GAS': 0, 'FIFA': 0, 'pipe': 0, 'pipes': 0, 'covid': 0, 'supply': 0, 'Beautification': 0, 'Installation': 0}",,,False,True,Others
118713,NIT17/2025-26/NPJJP/GR02 Re-Tender,Construction of PCC road and drain from Bharat Pandey Shop to Masomat Sheela Devi House and road and drain construction work from Manoj Purve shop to anil chaudhary house via babusaheb thakur house in ward Number 14 under Nagar Parishad Jhanjharpur,Construction of PCC road and drain from Bharat Pandey Shop to Masomat Sheela Devi House and road and drain construction work from Manoj Purve shop to anil chaudhary house via babusaheb thakur house in ward Number 14 under Nagar Parishad Jhanjharpur,2301791.0,INR,INR,2025-11-26 11:55:59+00:00,2025-11-26T03:04:14.607000+00:00,2025-12-08T11:36:24+00:00,"MANOJ KUMAR EXECUTIVE OFFICER, NAGAR PARISHAD JHANJHARPUR",EO,NAGAR PARISHAD JHANJHARPUR,"BEHIND OF ANCHAL KARAYALAY JHANJHARPUR WARD 13, PO+PS- JHANJHARPUR, DIST- MDHUBANI (BIHAR) 847404","MANOJ KUMAR EXECUTIVE OFFICER, NAGAR PARISHAD JHANJHARPUR",EO,NAGAR PARISHAD JHANJHARPUR,46100.0,5000.0,590.0,True,"{'Flood': 0, 'Embankment': 0, 'embkt': 0, 'Relief': 0, 'Erosion': 0, 'SDRF': 0, 'Inundation': 0, 'Hydrology': 0, 'Silt': 0, 'Siltation': 0, 'Bund': 0, 'Trench': 0, 'Breach': 0, 'Culvert': 0, 'Sluice': 0, 'Dyke': 0, 'Storm water drain': 0, 'Emergency': 0, 'Immediate': 0, 'IM': 0, 'AE': 0, 'A E': 0, 'AAPDA MITRA': 0, 'Bridge': 0, 'River': 0, 'Drain': 4, 'Restoration': 0, 'Protection': 0, 'irr': 0, 'irrigation': 0, 'dam': 0, 'Nallah': 0, 'Retrofitting': 0, 'Pond': 0, 'Pokhari': 0, 'D/C': 0, 'Recharge shaft': 0, 'LFB': 0, 'RFB': 0}","{'Floodlight': 0, 'Flood Light': 0, 'GAS': 0, 'FIFA': 0, 'pipe': 0, 'pipes': 0, 'covid': 0, 'supply': 0, 'Beautification': 0, 'Installation': 0}",,,False,True,Immediate Measures
118814,NIT NO-02/2025-26/ Birpur,Repair & Campus Development of Bathnaha I.B at Koshi Shivir Bathnaha Under Irrigation Division Birpur.,Repair & Campus Development of Bathnaha I.B at Koshi Shivir Bathnaha Under Irrigation Division Birpur.,4846822.0,INR,INR,2025-11-28 06:30:44+00:00,2025-11-28T06:00:10.625000+00:00,2025-12-02T10:01:54+00:00,RAJESH KUMAR,EE,WRD,"FLOOD CONTROL DIVISION, PADRAUNA 2",MD AFZAL ALAM,Superintending Engineer,IRRIGATION CREATION WATER RESOURCES DEPARTMENT,97000.0,10000.0,590.0,True,"{'Flood': 0, 'Embankment': 0, 'embkt': 0, 'Relief': 0, 'Erosion': 0, 'SDRF': 0, 'Inundation': 0, 'Hydrology': 0, 'Silt': 0, 'Siltation': 0, 'Bund': 0, 'Trench': 0, 'Breach': 0, 'Culvert': 0, 'Sluice': 0, 'Dyke': 0, 'Storm water drain': 0, 'Emergency': 0, 'Immediate': 0, 'IM': 0, 'AE': 0, 'A E': 0, 'AAPDA MITRA': 0, 'Bridge': 0, 'River': 0, 'Drain': 0, 'Restoration': 0, 'Protection': 0, 'irr': 0, 'irrigation': 2, 'dam': 0, 'Nallah': 0, 'Retrofitting': 0, 'Pond': 0, 'Pokhari': 0, 'D/C': 0, 'Recharge shaft': 0, 'LFB': 0, 'RFB': 0}","{'Floodlight': 0, 'Flood Light': 0, 'GAS': 0, 'FIFA': 0, 'pipe': 0, 'pipes': 0, 'covid': 0, 'supply': 0, 'Beautification': 0, 'Installation': 0}",,,False,False,Repair and Restoration
118757,NIT18/2025-26/JJP/GR01,Road and Drain Construction work in Jhanjharpur R.S. Market in ward 23 and 26 in Nagar Parishad Jhanjharpur,Road and Drain Construction work in Jhanjharpur R.S. Market in ward 23 and 26 in Nagar Parishad Jhanjharpur,19032700.0,INR,INR,2025-11-27 10:58:55+00:00,2025-11-27T10:39:16.800000+00:00,2025-12-08T11:53:55+00:00,"MANOJ KUMAR EXECUTIVE OFFICER, NAGAR PARISHAD JHANJHARPUR",EO,NAGAR PARISHAD JHANJHARPUR,"BEHIND OF ANCHAL KARAYALAY JHANJHARPUR WARD 13, PO+PS- JHANJHARPUR, DIST- MDHUBANI (BIHAR) 847404","MANOJ KUMAR EXECUTIVE OFFICER, NAGAR PARISHAD JHANJHARPUR",EO,NAGAR PARISHAD JHANJHARPUR,381000.0,10000.0,3540.0,True,"{'Flood': 0, 'Embankment': 0, 'embkt': 0, 'Relief': 0, 'Erosion': 0, 'SDRF': 0, 'Inundation': 0, 'Hydrology': 0, 'Silt': 0, 'Siltation': 0, 'Bund': 0, 'Trench': 0, 'Breach': 0, 'Culvert': 0, 'Sluice': 0, 'Dyke': 0, 'Storm water drain': 0, 'Emergency': 0, 'Immediate': 0, 'IM': 0, 'AE': 0, 'A E': 0, 'AAPDA MITRA': 0, 'Bridge': 0, 'River': 0, 'Drain': 2, 'Restoration': 0, 'Protection': 0, 'irr': 0, 'irrigation': 0, 'dam': 0, 'Nallah': 0, 'Retrofitting': 0, 'Pond': 0, 'Pokhari': 0, 'D/C': 0, 'Recharge shaft': 0, 'LFB': 0, 'RFB': 0}","{'Floodlight': 0, 'Flood Light': 0, 'GAS': 0, 'FIFA': 0, 'pipe': 0, 'pipes': 0, 'covid': 0, 'supply': 0, 'Beautification': 0, 'Installation': 0}",,,False,True,Immediate Measures
118848,NIT-13/2025-26/LAEO-02-PUPARI SITAMARHI,"CONSTRUCTION WORK OF THE CULVERT ON BANKE -RIVER SIDE PIPELINE PASSING THROUGH THE ROAD LEADING TO THE PANCHAYAT BHAWAN IN RAJWARA VILLAGE OF PURANDAHA RAJWARA EAST PANCHAYAT, SONBARSABLOCK.","CONSTRUCTION WORK OF THE CULVERT ON BANKE -RIVER SIDE PIPELINE PASSING THROUGH THE ROAD LEADING TO THE PANCHAYAT BHAWAN IN RAJWARA VILLAGE OF PURANDAHA RAJWARA EAST PANCHAYAT, SONBARSABLOCK.",2058648.0,INR,INR,2025-11-30 05:59:55+00:00,2025-11-30T05:35:23.961000+00:00,2025-12-12T08:45:29+00:00,RAJEEV KUMAR,Executive Engineer,PLANNING AND DEVELOPMENT LOCAL AREA ENGINEERING ORGANISATION,EE LAEO WD-02 PUPARI (Sitamarhi),RAJEEV KUMAR,Executive Engineer,"LOCAL AREA ENGINEERING ORGANISATION, PLANNING & DEVELPOMENT, WORK DIVISION GOPALGANJ",41600.0,5000.0,590.0,True,"{'Flood': 0, 'Embankment': 0, 'embkt': 0, 'Relief': 0, 'Erosion': 0, 'SDRF': 0, 'Inundation': 0, 'Hydrology': 0, 'Silt': 0, 'Siltation': 0, 'Bund': 0, 'Trench': 0, 'Breach': 0, 'Culvert': 2, 'Sluice': 0, 'Dyke': 0, 'Storm water drain': 0, 'Emergency': 0, 'Immediate': 0, 'IM': 0, 'AE': 0, 'A E': 0, 'AAPDA MITRA': 0, 'Bridge': 0, 'River': 2, 'Drain': 0, 'Restoration': 0, 'Protection': 0, 'irr': 0, 'irrigation': 0, 'dam': 0, 'Nallah': 0, 'Retrofitting': 0, 'Pond': 0, 'Pokhari': 0, 'D/C': 0, 'Recharge shaft': 0, 'LFB': 0, 'RFB': 0}","{'Floodlight': 0, 'Flood Light': 0, 'GAS': 0, 'FIFA': 0, 'pipe': 0, 'pipes': 0, 'covid': 0, 'supply': 0, 'Beautification': 0, 'Installation': 0}",,,False,True,Others
