object_id,stname,dtname,sdtname,st_area_sh,st_length_,remarks,dist_lgd,state_lgd,subdt_lgd,ac_no,st_length(shape),st_area(shape),max,mean,count,sum
10-206-01064,BIHAR,Sitamarhi,Suppi,0.0,0.0,,221,10,1064,,71084.15120823232,92250451.53846286,0.03085770835876465,0.02776426464529599,68,1.8879699958801273
10-234-01463,BIHAR,Rohtas,Nasriganj,0.0,0.0,,215,10,1463,,90034.07903274363,167356919.18355417,0.010636455535888673,0.009663170417662589,124,1.198233131790161
10-234-01464,BIHAR,Rohtas,Rajpur,0.0,0.0,,215,10,1464,,68660.48684625747,85633596.4997788,0.009761912536621094,0.009761912536621092,66,0.6442862274169922
10-234-01465,BIHAR,Rohtas,Sanjhauli,0.0,0.0,,215,10,1465,,56591.722358052,83833486.39015438,0.01649785842895508,0.015194126965922695,62,0.942035871887207
10-203-01023,BIHAR,Pashchim Champaran,Thakrahan,0.0,0.0,,211,10,1023,,79847.09402015881,199004696.79409248,0.016595568847656252,0.015877872077678813,145,2.302291451263428
10-204-01054,BIHAR,Purbi Champaran,Phenhara,0.0,0.0,,213,10,1054,,44565.43736457999,67645025.94776015,0.008043089294433594,0.008043089294433594,51,0.41019755401611324
10-219-01262,BIHAR,Saran,Maker,0.0,0.0,,218,10,1262,,62357.8736467211,96585777.9808088,0.01738498706817627,0.017384987068176275,68,1.1821791206359866
10-220-01282,BIHAR,Vaishali,Sahdai Buzurg,0.0,0.0,,224,10,1282,,74546.65030748869,114161677.3631406,0.019595217895507812,0.016745005384697968,83,1.3898354469299314
10-229-01388,BIHAR,Nalanda,Tharthari,0.0,0.0,,209,10,1388,,71853.42144919158,77411758.12428828,0.04449961585998535,0.034282858010700766,56,1.919840048599243
10-229-01389,BIHAR,Nalanda,Parbalpur,0.0,0.0,,209,10,1389,,54466.2339431045,76043839.88376136,0.04449961585998535,0.025911622372008208,57,1.4769624752044679
10-203-01022,BIHAR,Pashchim Champaran,Bhitaha,0.0,0.0,,211,10,1022,,72626.86760213553,166969906.7472905,0.016595568847656252,0.01581846751775898,122,1.9298530371665956
10-203-01013,BIHAR,Pashchim Champaran,Sidhaw,0.0,0.0,,211,10,1013,,195582.3602130639,1085337194.6715722,0.03266363220214844,0.0286116121734016,778,22.259834270906445
10-203-01014,BIHAR,Pashchim Champaran,Ramnagar,0.0,0.0,,211,10,1014,,230865.78384139363,866139404.2451236,0.03332399749755859,0.025956993583641053,625,16.22312098977566
10-203-01015,BIHAR,Pashchim Champaran,Gaunaha,0.0,0.0,,211,10,1015,,136504.94021895694,605322845.3823951,0.03332399749755859,0.03250884963290407,436,14.173858439946175
10-203-01016,BIHAR,Pashchim Champaran,Mainatanr,0.0,0.0,,211,10,1016,,115419.13930249632,312998546.4010918,0.04057443695068359,0.03304037265266691,224,7.4010434741973885
10-203-01017,BIHAR,Pashchim Champaran,Narkatiaganj,0.0,0.0,,211,10,1017,,149144.20649331805,441857686.2127825,0.04057443695068359,0.036991394120077535,316,11.689280541944502
10-203-01018,BIHAR,Pashchim Champaran,Lauriya,0.0,0.0,,211,10,1018,,120853.32018665274,255440417.54612216,0.04057443695068359,0.034284897776119046,183,6.274136293029785
10-203-01019,BIHAR,Pashchim Champaran,Bagaha,0.0,0.0,,211,10,1019,,135587.24079810514,491292931.53180623,0.029891320037841798,0.01655486586018971,350,5.794203051066399
10-203-01021,BIHAR,Pashchim Champaran,Madhubani,0.0,0.0,,211,10,1021,,144670.82201821523,386116138.1353823,0.029891320037841798,0.008021450009448924,278,2.229963102626801
10-203-01024,BIHAR,Pashchim Champaran,Jogapatti,0.0,0.0,,211,10,1024,,88530.23644360513,258722436.3759333,0.04057443695068359,0.023296452713012696,186,4.333140204620362
10-203-01029,BIHAR,Pashchim Champaran,Bairia,0.0,0.0,,211,10,1029,,105039.82861382668,288505226.87341565,0.02746084976196289,0.024945005590265447,209,5.213506168365479
10-203-01025,BIHAR,Pashchim Champaran,Chanpatia,0.0,0.0,,211,10,1025,,113543.7602983494,310017349.34780717,0.04057443695068359,0.036370242226340554,220,8.001453289794922
10-206-01071,BIHAR,Sitamarhi,Parsauni,0.0,0.0,,221,10,1071,,63729.135625112256,74724139.64418457,0.020025266647338866,0.01915383556712757,55,1.0534609561920165
10-203-01026,BIHAR,Pashchim Champaran,Sikta,0.0,0.0,,211,10,1026,,93443.22825707054,255004178.86147365,0.04057443695068359,0.03533621357685811,185,6.53719951171875
10-203-01027,BIHAR,Pashchim Champaran,Majhaulia,0.0,0.0,,211,10,1027,,123374.4030721297,371511179.15939575,0.04057443695068359,0.019138781271725344,269,5.148332162094118
10-203-01028,BIHAR,Pashchim Champaran,Bettiah,0.0,0.0,,211,10,1028,,53968.26030594324,83182055.35378212,0.02746084976196289,0.02746084976196289,60,1.6476509857177735
10-203-01030,BIHAR,Pashchim Champaran,Nautan,0.0,0.0,,211,10,1030,,122656.63983711715,245738630.13883996,0.02746084976196289,0.027004287316825953,178,4.8067631423950195
10-204-01031,BIHAR,Purbi Champaran,Raxaul,0.0,0.0,,213,10,1031,,98709.78801801558,166685360.13968688,0.03360270080566406,0.03347137880484263,120,4.016565456581116
10-206-01072,BIHAR,Sitamarhi,Belsand,0.0,0.0,,221,10,1072,,66235.5873217276,97354060.86547032,0.020025266647338866,0.01884392521817919,71,1.3379186904907225
10-206-01073,BIHAR,Sitamarhi,Runisaidpur,0.0,0.0,,221,10,1073,,152472.54206325076,334873257.0825382,0.04038441467285157,0.021522941233423465,239,5.143982954788208
10-204-01032,BIHAR,Purbi Champaran,Adapur,0.0,0.0,,213,10,1032,,94532.37688292323,199608924.7111849,0.03360270080566406,0.01683610582286809,147,2.474907555961609
10-206-01074,BIHAR,Sitamarhi,Dumra,0.0,0.0,,221,10,1074,,111649.34177378344,241159212.36062923,0.021711874771118165,0.0201233252591865,172,3.461211944580078
10-204-01033,BIHAR,Purbi Champaran,Ramgarhwa,0.0,0.0,,213,10,1033,,90718.26831189607,213035907.5226096,0.03360270080566406,0.023991651826746323,153,3.6707227294921876
10-204-01034,BIHAR,Purbi Champaran,Sugauli,0.0,0.0,,213,10,1034,,84892.41923436844,209336830.19001696,0.013179221725463867,0.01317922172546387,150,1.9768832588195804
10-204-01038,BIHAR,Purbi Champaran,Ghorasahan,0.0,0.0,,213,10,1038,,75335.10865687576,144368243.47105,0.03085770835876465,0.02269162284044119,104,2.359928775405884
10-204-01035,BIHAR,Purbi Champaran,Banjaria,0.0,0.0,,213,10,1035,,102381.40449613356,176960195.87167916,0.013179221725463867,0.010894844439649208,127,1.3836452438354494
10-204-01047,BIHAR,Purbi Champaran,Kesaria,0.0,0.0,,213,10,1047,,87546.8206889307,229535442.11688668,0.019914225959777834,0.016784838124825844,168,2.8198528049707416
10-204-01036,BIHAR,Purbi Champaran,Narkatia,0.0,0.0,,213,10,1036,,105607.09704406632,168338010.30978012,0.017844060707092286,0.00866249761581421,118,1.0221747186660768
10-204-01037,BIHAR,Purbi Champaran,Bankatwa,0.0,0.0,,213,10,1037,,99233.37216886049,115311013.90225838,0.03085770835876465,0.008959712026311064,87,0.7794949462890626
10-204-01039,BIHAR,Purbi Champaran,Dhaka,0.0,0.0,,213,10,1039,,97673.73467814895,202386545.86227983,0.03085770835876465,0.03008413266620121,148,4.452451634597779
10-204-01048,BIHAR,Purbi Champaran,Kalyanpur,0.0,0.0,,213,10,1048,,109413.20044555076,313300912.50613195,0.01390727310180664,0.011815199439754655,229,2.7056806717038158
10-204-01040,BIHAR,Purbi Champaran,Chiraia,0.0,0.0,,213,10,1040,,110764.71696779084,272984575.32652414,0.03085770835876465,0.012123022637907991,194,2.3518663917541502
10-204-01041,BIHAR,Purbi Champaran,Motihari,0.0,0.0,,213,10,1041,,181544.26702654368,319814691.13850176,0.011663016510009765,0.00941412933860364,239,2.24997691192627
10-204-01049,BIHAR,Purbi Champaran,Kotwa,0.0,0.0,,213,10,1049,,78879.98205471091,178282937.71225017,0.01390727310180664,0.01361379339364859,130,1.7697931411743166
10-204-01042,BIHAR,Purbi Champaran,Turkaulia,0.0,0.0,,213,10,1042,,99475.78497366334,174748315.94966665,0.01390727310180664,0.013149572320968386,126,1.6568461124420166
10-204-01050,BIHAR,Purbi Champaran,Piprakothi,0.0,0.0,,213,10,1050,,58369.33889310607,62223774.49301849,0.01390727310180664,0.011767400537535201,43,0.5059982231140137
10-204-01043,BIHAR,Purbi Champaran,Harsidhi,0.0,0.0,,213,10,1043,,133904.34238337883,240218359.62130272,0.022381592559814454,0.01366731301915576,171,2.337110526275635
10-204-01044,BIHAR,Purbi Champaran,Paharpur,0.0,0.0,,213,10,1044,,108730.62076802726,192061375.0173064,0.02746084976196289,0.0208223394983964,139,2.8943051902770995
10-204-01045,BIHAR,Purbi Champaran,Areraj,0.0,0.0,,213,10,1045,,93331.67353690567,242725576.26244012,0.022381592559814454,0.019637068644436925,176,3.4561240814208984
10-204-01046,BIHAR,Purbi Champaran,Sangrampur,0.0,0.0,,213,10,1046,,78133.67961210197,187659878.02718252,0.019914225959777834,0.014083948185864618,136,1.915416953277588
10-204-01051,BIHAR,Purbi Champaran,Chakia(Pipra),0.0,0.0,,213,10,1051,,129110.66914194856,212940547.80779588,0.011663016510009765,0.011663016510009767,152,1.7727785095214845
10-204-01052,BIHAR,Purbi Champaran,Pakri Dayal,0.0,0.0,,213,10,1052,,90143.40730437863,148110040.62869397,0.011663016510009765,0.01133393221768466,110,1.2467325439453125
10-204-01053,BIHAR,Purbi Champaran,Patahi,0.0,0.0,,213,10,1053,,85994.51677214028,144960443.14880535,0.03085770835876465,0.009491594157499426,102,0.9681426040649415
10-204-01055,BIHAR,Purbi Champaran,Madhuban,0.0,0.0,,213,10,1055,,112681.00006095257,152424272.44650427,0.011663016510009765,0.009987124280576352,108,1.078609422302246
10-204-01056,BIHAR,Purbi Champaran,Tetaria,0.0,0.0,,213,10,1056,,82320.72754353678,104458405.63845472,0.04038441467285157,0.01569742320667614,77,1.2087015869140627
10-205-01058,BIHAR,Sheohar,Purnahiya,0.0,0.0,,220,10,1058,,57294.126150412616,80859097.14068061,0.03085770835876465,0.01804950116475423,57,1.0288215663909912
10-204-01057,BIHAR,Purbi Champaran,Mehsi,0.0,0.0,,213,10,1057,,125063.78039343117,149773808.08158112,0.04038441467285157,0.030220032429050758,111,3.354423599624634
10-205-01059,BIHAR,Sheohar,Piprarhi,0.0,0.0,,220,10,1059,,105870.45511307275,104265216.9562483,0.020025266647338866,0.0091765385034922,74,0.6790638492584229
10-205-01060,BIHAR,Sheohar,Sheohar,0.0,0.0,,220,10,1060,,81007.5322908237,115638983.35873616,0.008043089294433594,0.008043089294433594,80,0.6434471435546875
10-205-01061,BIHAR,Sheohar,Dumri Katsari,0.0,0.0,,220,10,1061,,65038.65439014734,84655470.24819931,0.008043089294433594,0.008043089294433595,63,0.5067146255493165
10-205-01062,BIHAR,Sheohar,Tariani Chowk,0.0,0.0,,220,10,1062,,97491.22869259815,171878914.60720828,0.04038441467285157,0.014974718439011348,126,1.8868145233154299
10-206-01063,BIHAR,Sitamarhi,Bairgania,0.0,0.0,,221,10,1063,,59598.621146511534,94417571.99630062,0.03085770835876465,0.030857708358764648,67,2.0674664600372314
10-206-01065,BIHAR,Sitamarhi,Majorganj,0.0,0.0,,221,10,1065,,62808.55729710282,95411217.42446172,0.03085770835876465,0.02299800761938095,64,1.4718724876403808
10-206-01066,BIHAR,Sitamarhi,Sonbarsa,0.0,0.0,,221,10,1066,,92820.94699371175,224104085.6083578,0.04549038848876953,0.023506479579997516,159,3.737530253219605
10-206-01067,BIHAR,Sitamarhi,Parihar,0.0,0.0,,221,10,1067,,86838.20299610356,272812569.4060281,0.04549038848876953,0.044034561118301084,196,8.630773979187012
10-207-01095,BIHAR,Madhubani,Rajnagar,0.0,0.0,,206,10,1095,,78809.12744912357,223111125.2667772,0.06273247890472412,0.054228631914032176,161,8.73080973815918
10-206-01068,BIHAR,Sitamarhi,Sursand,0.0,0.0,,221,10,1068,,91215.71647520129,181412871.1123928,0.04549038848876953,0.042752658220437854,130,5.557845568656921
10-206-01069,BIHAR,Sitamarhi,Bathnaha,0.0,0.0,,221,10,1069,,120764.04051803834,251403523.12922087,0.021711874771118165,0.021533397720982787,189,4.069812169265747
10-206-01070,BIHAR,Sitamarhi,Riga,0.0,0.0,,221,10,1070,,129433.73210860479,163724219.02092636,0.03085770835876465,0.02009511179332891,121,2.431508526992798
10-210-01123,BIHAR,Kishanganj,Thakurganj,0.0,0.0,,203,10,1123,,224971.2940646554,491161543.46963537,0.2667732635498047,0.18710276013445262,363,67.9183019288063
10-210-01124,BIHAR,Kishanganj,Pothia,0.0,0.0,,203,10,1124,,167388.9118766352,443844792.4531903,0.2667732635498047,0.20206175693814718,315,63.649453435516364
10-210-01125,BIHAR,Kishanganj,Bahadurganj,0.0,0.0,,203,10,1125,,155296.13881782343,347494200.8377232,0.148665620470047,0.14828805654301366,255,37.81345441846848
10-210-01126,BIHAR,Kishanganj,Kochadhamin,0.0,0.0,,203,10,1126,,139640.52665725534,360840233.8364798,0.148665620470047,0.1331062046610076,261,34.74071941652298
10-211-01128,BIHAR,Purnia,Banmankhi,0.0,0.0,,214,10,1128,,142815.61519736593,459936087.34673214,0.07169478149414063,0.056325302169422914,334,18.812650924587253
10-206-01075,BIHAR,Sitamarhi,Bajpatti,0.0,0.0,,221,10,1075,,90407.29439213518,174303329.1783474,0.044983580589294435,0.034026272029411504,123,4.185231459617615
10-206-01076,BIHAR,Sitamarhi,Charaut,0.0,0.0,,221,10,1076,,85128.15752493152,91349700.81924292,0.044983580589294435,0.044983580589294435,68,3.0588834800720215
10-206-01077,BIHAR,Sitamarhi,Pupri,0.0,0.0,,221,10,1077,,73992.24203369493,115338203.66308306,0.044983580589294435,0.044983580589294435,81,3.643670027732849
10-206-01078,BIHAR,Sitamarhi,Nanpur,0.0,0.0,,221,10,1078,,73315.01223618646,135892566.9983101,0.044983580589294435,0.03493329115112622,96,3.3535959505081174
10-220-01283,BIHAR,Vaishali,Mahnar,0.0,0.0,,224,10,1283,,81638.1139853176,126474580.44313861,0.019595217895507812,0.01586079395375353,94,1.490914631652832
10-206-01079,BIHAR,Sitamarhi,Bokhara,0.0,0.0,,221,10,1079,,81978.13188098712,108574895.39827529,0.044983580589294435,0.02708164276895644,79,2.139449778747559
10-207-01080,BIHAR,Madhubani,Madhwapur,0.0,0.0,,206,10,1080,,88808.76172423853,137557654.90878707,0.05797189521789551,0.046176384993961886,98,4.525285729408265
10-207-01081,BIHAR,Madhubani,Harlakhi,0.0,0.0,,206,10,1081,,90217.76640094945,187441757.00046396,0.05797189521789551,0.05767733223768917,137,7.901794516563417
10-207-01082,BIHAR,Madhubani,Basopatti,0.0,0.0,,206,10,1082,,97634.90682970545,164238774.4639331,0.05797189521789551,0.05776282865059476,119,6.873776609420776
10-207-01089,BIHAR,Madhubani,Khajauli,0.0,0.0,,206,10,1089,,91171.28062794723,150968724.81279027,0.06273247890472412,0.06177162715141927,109,6.7331073595047
10-207-01083,BIHAR,Madhubani,Jainagar,0.0,0.0,,206,10,1083,,81489.61423509955,161880108.8306139,0.06273247890472412,0.06068557009248652,117,7.100211700820923
10-207-01090,BIHAR,Madhubani,Kaluahi,0.0,0.0,,206,10,1090,,62305.281593423286,101560283.08963235,0.06273247890472412,0.05803453447693272,76,4.410624620246887
10-207-01084,BIHAR,Madhubani,Ladania,0.0,0.0,,206,10,1084,,97928.14946240213,232665607.5684243,0.06273247890472412,0.06238589400153562,166,10.356058404254913
10-207-01085,BIHAR,Madhubani,Laukaha,0.0,0.0,,206,10,1085,,102032.19667129294,266340932.00179368,0.05697916951179505,0.05697916951179505,193,10.996979715776444
10-207-01086,BIHAR,Madhubani,Laukahi,0.0,0.0,,206,10,1086,,109679.24973352649,329223432.564553,0.07686324768066406,0.055176085242138635,237,13.076732202386857
10-207-01087,BIHAR,Madhubani,Phulparas,0.0,0.0,,206,10,1087,,117974.41186319289,199352334.8677591,0.05697916951179505,0.04397277755378045,146,6.420025522851946
10-207-01088,BIHAR,Madhubani,Babubarhi,0.0,0.0,,206,10,1088,,118996.04641992833,237192379.86086744,0.06273247890472412,0.06206735643155314,173,10.737652662658693
10-207-01091,BIHAR,Madhubani,Benipatti,0.0,0.0,,206,10,1091,,128414.2409747215,328987645.9449377,0.05797189521789551,0.05366111837995463,232,12.449379464149475
10-207-01092,BIHAR,Madhubani,Bisfi,0.0,0.0,,206,10,1092,,99754.46134559005,226192948.413646,0.05797189521789551,0.040931839045425134,163,6.6718897644042965
10-207-01093,BIHAR,Madhubani,Madhubani,0.0,0.0,,206,10,1093,,109764.71764889831,200359220.56727448,0.05797189521789551,0.04679765315495485,141,6.5984690948486335
10-207-01094,BIHAR,Madhubani,Pandaul,0.0,0.0,,206,10,1094,,102372.75527307783,208327489.63825428,0.04503567161560059,0.04420554194132487,150,6.6308312911987315
10-207-01096,BIHAR,Madhubani,Andhratharhi,0.0,0.0,,206,10,1096,,97300.5167595078,186769445.10608673,0.06273247890472412,0.052198783565477566,131,6.838040647077561
10-207-01097,BIHAR,Madhubani,Jhanjharpur,0.0,0.0,,206,10,1097,,125261.96837896874,181284371.95402232,0.04503567161560059,0.044488683386067394,131,5.828017523574829
10-207-01098,BIHAR,Madhubani,Ghoghardiha,0.0,0.0,,206,10,1098,,114215.40677637524,211228851.4219488,0.027121807098388673,0.027121807098388677,154,4.176758293151856
10-207-01099,BIHAR,Madhubani,Lakhnaur,0.0,0.0,,206,10,1099,,72956.74167609161,146945623.14022,0.04503567161560059,0.04340713847767223,110,4.7747852325439455
10-207-01100,BIHAR,Madhubani,Madhepur,0.0,0.0,,206,10,1100,,144505.38034518834,300452948.5687113,0.04503567161560059,0.02890824762526013,210,6.070732001304627
10-208-01101,BIHAR,Supaul,Nirmali,0.0,0.0,,223,10,1101,,123310.21889922836,162734364.67066902,0.07686324768066406,0.06314082798101964,117,7.387476873779297
10-208-01102,BIHAR,Supaul,Basantpur,0.0,0.0,,223,10,1102,,136288.63693043106,319456339.75100917,0.07814980354309083,0.07633915335915306,231,17.634344425964358
10-208-01103,BIHAR,Supaul,Chhatapur,0.0,0.0,,223,10,1103,,142271.17176584958,398825687.2446475,0.07814980354309083,0.07470263843404382,289,21.589062507438662
10-208-01104,BIHAR,Supaul,Pratapganj,0.0,0.0,,223,10,1104,,71155.69013184242,133032565.19323792,0.07522051258087159,0.07522051258087159,98,7.371610232925416
10-208-01105,BIHAR,Supaul,Raghopur,0.0,0.0,,223,10,1105,,111831.20983491397,255841046.48838165,0.07814980354309083,0.07657240034009591,183,14.01274926223755
10-221-01285,BIHAR,Samastipur,Warisnagar,0.0,0.0,,217,10,1285,,90241.30323013186,163846086.5162723,0.034635583496093754,0.02711472956793649,119,3.2266528185844425
10-208-01106,BIHAR,Supaul,Saraigarh Bhaptiyahi,0.0,0.0,,223,10,1106,,105489.5116383213,257042943.27229512,0.07686324768066406,0.07495403230728642,186,13.941450009155275
10-208-01107,BIHAR,Supaul,Kishanpur,0.0,0.0,,223,10,1107,,125516.73810076228,248613546.3002807,0.07686324768066406,0.06084481766264318,177,10.769532726287842
10-208-01108,BIHAR,Supaul,Marauna,0.0,0.0,,223,10,1108,,114969.59778192453,206419565.01179272,0.027121807098388673,0.027121807098388677,154,4.176758293151856
10-208-01109,BIHAR,Supaul,Supaul,0.0,0.0,,223,10,1109,,122628.008173687,390920691.5720901,0.07686324768066406,0.03216136565686922,289,9.294634674835205
10-208-01110,BIHAR,Supaul,Pipra,0.0,0.0,,223,10,1110,,113516.78657800167,247320462.25611627,0.07686324768066406,0.06950239300171533,180,12.51043074030876
10-221-01287,BIHAR,Samastipur,Khanpur,0.0,0.0,,217,10,1287,,89337.20668890505,173313349.37261373,0.023266028881073,0.02319638535333058,126,2.922744554519653
10-208-01111,BIHAR,Supaul,Tribeniganj,0.0,0.0,,223,10,1111,,136684.8917573132,402291551.99740016,0.07686324768066406,0.06767991059040201,290,19.627174071216583
10-209-01112,BIHAR,Araria,Narpatganj,0.0,0.0,,188,10,1112,,196352.82868709194,482872068.7863751,0.07814980354309083,0.07117635437473441,347,24.698194968032837
10-209-01113,BIHAR,Araria,Forbesganj,0.0,0.0,,188,10,1113,,165874.55860340688,546946456.996027,0.11618899803161621,0.07070224366739168,398,28.13949297962189
10-209-01114,BIHAR,Araria,Bhargama,0.0,0.0,,188,10,1114,,140909.75235341018,280499778.1128878,0.07522051258087159,0.05551947511224187,204,11.325972922897341
10-209-01115,BIHAR,Araria,Raniganj,0.0,0.0,,188,10,1115,,160625.61646677545,576910744.770993,0.11618899803161621,0.05096855618749347,420,21.406793598747257
10-209-01116,BIHAR,Araria,Araria,0.0,0.0,,188,10,1116,,192057.15187743204,506918787.2643526,0.11618899803161621,0.08695147573034953,363,31.56338569011688
10-209-01117,BIHAR,Araria,Kursakatta,0.0,0.0,,188,10,1117,,96566.38525637137,201032230.408231,0.11618899803161621,0.09721576079015862,146,14.193501075363159
10-209-01118,BIHAR,Araria,Sikti,0.0,0.0,,188,10,1118,,116798.35346995249,237753016.2819182,0.1481216724395752,0.10229875310009176,176,18.00458054561615
10-209-01119,BIHAR,Araria,Palasi,0.0,0.0,,188,10,1119,,132578.70192307016,306240761.34804773,0.1481216724395752,0.12722028555436565,220,27.988462821960447
10-209-01120,BIHAR,Araria,Jokihat,0.0,0.0,,188,10,1120,,155370.9524619173,341005127.7602247,0.1481216724395752,0.07508073371108696,245,18.394779759216306
10-210-01121,BIHAR,Kishanganj,Terhagachh,0.0,0.0,,203,10,1121,,121953.02658094271,245208326.38245347,0.1481216724395752,0.1168719342392482,178,20.80320429458618
10-210-01122,BIHAR,Kishanganj,Dighalbank,0.0,0.0,,203,10,1122,,147432.83262190674,314385668.4331173,0.148665620470047,0.1089530860960751,223,24.296538199424745
10-211-01129,BIHAR,Purnia,Barhara,0.0,0.0,,214,10,1129,,111073.17449432175,288009141.38478667,0.07169478149414063,0.0700679082783786,209,14.644192830181126
10-211-01130,BIHAR,Purnia,Bhawanipur,0.0,0.0,,214,10,1130,,116656.34435182877,201938838.4795833,0.11192020912170411,0.08767220042222211,147,12.88781346206665
10-211-01131,BIHAR,Purnia,Rupauli,0.0,0.0,,214,10,1131,,113946.660566684,308195114.8462847,0.11192020912170411,0.09743375640953911,225,21.9225951921463
10-211-01132,BIHAR,Purnia,Dhamdaha,0.0,0.0,,214,10,1132,,135370.01293426772,446856166.039676,0.09167516651153565,0.07171117920555721,328,23.521266779422767
10-211-01133,BIHAR,Purnia,Krityanand Nagar,0.0,0.0,,214,10,1133,,149407.41850079046,364443041.21247435,0.09218223133087158,0.07853463733313218,265,20.81167889328003
10-211-01134,BIHAR,Purnia,Purnia East,0.0,0.0,,214,10,1134,,127662.13358515713,309272824.56310594,0.108332470703125,0.09303224392941123,228,21.21135161590576
10-211-01135,BIHAR,Purnia,Kasba,0.0,0.0,,214,10,1135,,130095.64608516233,215123054.3424731,0.108332470703125,0.066730118738466,157,10.476628641939163
10-211-01136,BIHAR,Purnia,Srinagar,0.0,0.0,,214,10,1136,,106220.57404900706,172405807.6412187,0.09218223133087158,0.0580141034163828,127,7.3677911338806155
10-211-01137,BIHAR,Purnia,Jalalgarh,0.0,0.0,,214,10,1137,,87146.39992638786,142107808.6772385,0.047716607093811036,0.047716607093811036,99,4.723944102287293
10-211-01138,BIHAR,Purnia,Amour,0.0,0.0,,214,10,1138,,141371.93624621196,307011870.96961224,0.0658062569141388,0.06388523215445796,226,14.4380624669075
10-211-01139,BIHAR,Purnia,Baisa,0.0,0.0,,214,10,1139,,132173.35304950457,275191667.549805,0.0658062569141388,0.06580625691413879,197,12.96383261208534
10-211-01140,BIHAR,Purnia,Baisi,0.0,0.0,,214,10,1140,,118169.54825440844,253873549.02719215,0.108332470703125,0.09446028331741292,187,17.664072980356217
10-211-01141,BIHAR,Purnia,Dagarua,0.0,0.0,,214,10,1141,,129309.28146976323,257465778.6329552,0.108332470703125,0.10092870897313824,184,18.570882451057436
10-212-01142,BIHAR,Katihar,Falka,0.0,0.0,,201,10,1142,,100518.70580952488,208374539.8829749,0.09754562501907349,0.08061591777738356,151,12.173003584384917
10-212-01143,BIHAR,Katihar,Korha,0.0,0.0,,201,10,1143,,137118.64195203967,368801327.90483874,0.09754562501907349,0.09468841384380947,271,25.660560151672364
10-212-01144,BIHAR,Katihar,Hasanganj,0.0,0.0,,201,10,1144,,78227.29832785497,86155111.41022065,0.108332470703125,0.09748025813420615,60,5.848815488052368
10-212-01145,BIHAR,Katihar,Kadwa,0.0,0.0,,201,10,1145,,157692.68144088247,420129854.10490626,0.108332470703125,0.1044715299360823,303,31.654873570632937
10-212-01146,BIHAR,Katihar,Balrampur,0.0,0.0,,201,10,1146,,141815.18317465586,216253207.31133217,0.108332470703125,0.09798996433877644,157,15.3844244011879
10-212-01147,BIHAR,Katihar,Barsoi,0.0,0.0,,201,10,1147,,172308.8160052511,357713388.6445612,0.11555951721668244,0.1035199574986044,265,27.432788737130167
10-212-01148,BIHAR,Katihar,Azamnagar,0.0,0.0,,201,10,1148,,141791.77759222616,349759708.1212404,0.11555951721668244,0.09333266643356992,251,23.42649927482605
10-221-01290,BIHAR,Samastipur,Tajpur,0.0,0.0,,217,10,1290,,57166.77792153786,83856612.1105223,0.034635583496093754,0.01448432189441118,61,0.883543635559082
10-212-01149,BIHAR,Katihar,Pranpur,0.0,0.0,,201,10,1149,,111803.70370561493,191475637.62126103,0.08717916870117189,0.08717916870117189,135,11.769187774658205
10-212-01150,BIHAR,Katihar,Dandkhora,0.0,0.0,,201,10,1150,,70987.07501110679,111201189.06340708,0.108332470703125,0.0905637631121977,81,7.335664812088014
10-212-01151,BIHAR,Katihar,Katihar,0.0,0.0,,201,10,1151,,76845.81968857624,136830037.77828172,0.09754562501907349,0.09713909732033225,102,9.90818792667389
10-212-01152,BIHAR,Katihar,Mansahi,0.0,0.0,,201,10,1152,,73279.06289841712,97405011.1871763,0.09754562501907349,0.09491750933284492,71,6.739143162631989
10-212-01155,BIHAR,Katihar,Kursela,0.0,0.0,,201,10,1155,,80348.39413748268,153683091.52761996,0.11351009531021118,0.09205163080116799,116,10.677989172935487
10-212-01153,BIHAR,Katihar,Barari,0.0,0.0,,201,10,1153,,107333.93297446336,407446973.1478653,0.13098769109249114,0.09746357175867439,295,28.751753668808945
10-212-01154,BIHAR,Katihar,Sameli,0.0,0.0,,201,10,1154,,75105.36277909,118027198.2496544,0.09167516651153565,0.09167516651153565,83,7.609038820457458
10-212-01156,BIHAR,Katihar,Manihari,0.0,0.0,,201,10,1156,,130162.81635074862,303859830.4099729,0.16638530559539796,0.11870002275791253,222,26.35140505225658
10-212-01157,BIHAR,Katihar,Amdabad,0.0,0.0,,201,10,1157,,103742.71814675455,228302986.79665467,0.16638530559539796,0.15560577217192342,169,26.297375497055057
10-213-01158,BIHAR,Madhepura,Gamharia,0.0,0.0,,205,10,1158,,80141.00377515821,125479849.27382244,0.04105368437767029,0.04105368437767029,93,3.817992647123337
10-213-01160,BIHAR,Madhepura,Ghailarh,0.0,0.0,,205,10,1160,,78865.70647224285,116219722.2388165,0.04105368437767029,0.04072428126679846,83,3.3801153451442723
10-213-01159,BIHAR,Madhepura,Singheshwar,0.0,0.0,,205,10,1159,,111627.30849980874,111167268.35246354,0.04105368437767029,0.041053684377670284,80,3.284294750213623
10-216-01210,BIHAR,Muzaffarpur,Bandra,0.0,0.0,,208,10,1210,,74293.85759884378,142020443.31484023,0.04285783386230469,0.03941231942313058,105,4.138293539428711
10-213-01161,BIHAR,Madhepura,Madhepura,0.0,0.0,,205,10,1161,,115084.47931226583,237801277.85767865,0.05867152862548829,0.041482429607755195,173,7.176460322141649
10-213-01162,BIHAR,Madhepura,Shankarpur,0.0,0.0,,205,10,1162,,63984.56408470212,128790837.874554,0.05867152862548829,0.048820690981547045,93,4.5403242612838755
10-213-01163,BIHAR,Madhepura,Kumarkhand,0.0,0.0,,205,10,1163,,118191.24796123093,316976886.68211347,0.05867152862548829,0.05867152862548829,230,13.494451583862306
10-213-01164,BIHAR,Madhepura,Murliganj,0.0,0.0,,205,10,1164,,94211.11378994165,247086114.21145928,0.06960879068374634,0.061563433465692735,180,11.081418023824693
10-221-01293,BIHAR,Samastipur,Mohanpur,0.0,0.0,,217,10,1293,,74468.46489139357,163000016.77407515,0.027730377197265628,0.016524524997679653,121,1.9994675247192382
10-213-01165,BIHAR,Madhepura,Gwalpara,0.0,0.0,,205,10,1165,,78037.2495556277,147267353.58482873,0.06960879068374634,0.05952149096153402,108,6.428321023845674
10-214-01172,BIHAR,Saharsa,Satar Kataiya,0.0,0.0,,216,10,1172,,77878.75925155886,177382280.64763528,0.04105368437767029,0.028315516351569783,132,3.7376481584072114
10-213-01166,BIHAR,Madhepura,Bihariganj,0.0,0.0,,205,10,1166,,79669.40805645821,133818744.70956944,0.06960879068374634,0.06960879068374635,97,6.752052696323396
10-216-01211,BIHAR,Muzaffarpur,Dholi (Moraul),0.0,0.0,,208,10,1211,,63030.361633940505,73298422.6275262,0.04285783386230469,0.04238347326425407,52,2.2039406097412115
10-213-01167,BIHAR,Madhepura,Kishanganj,0.0,0.0,,205,10,1167,,99817.47531025465,188055937.5971522,0.14965574340820315,0.06145817708403977,135,8.296853906345369
10-216-01212,BIHAR,Muzaffarpur,Musahri,0.0,0.0,,208,10,1212,,211487.75457487197,365415439.5943066,0.04285783386230469,0.035801186854238734,262,9.379910955810548
10-213-01168,BIHAR,Madhepura,Puraini,0.0,0.0,,205,10,1168,,63416.842365887525,103114850.3546553,0.11192020912170411,0.10909944789250692,75,8.182458591938019
10-214-01174,BIHAR,Saharsa,Kahara,0.0,0.0,,216,10,1174,,81070.16203244023,176788302.3737116,0.04105368437767029,0.02353161446867567,132,3.1061731098651886
10-213-01169,BIHAR,Madhepura,Alamnagar,0.0,0.0,,205,10,1169,,94357.42058114092,211989804.11375904,0.14965574340820315,0.12654334148129093,151,19.10804456367493
10-213-01170,BIHAR,Madhepura,Chausa,0.0,0.0,,205,10,1170,,87285.75133964,172516848.53860697,0.11192020912170411,0.1119202091217041,124,13.878105931091309
10-214-01171,BIHAR,Saharsa,Nauhatta,0.0,0.0,,216,10,1171,,93228.84620468391,212763144.21707585,0.02738345527648926,0.02738345527648926,151,4.134901746749878
10-217-01227,BIHAR,Gopalganj,Sidhwalia,0.0,0.0,,197,10,1227,,69457.48217743407,152022198.31601515,0.03749320297241211,0.019170709339777627,108,2.070436608695984
10-214-01173,BIHAR,Saharsa,Mahishi,0.0,0.0,,216,10,1173,,106372.46434789852,273075178.2794974,0.0380269003868103,0.02372423748701047,195,4.626226309967041
10-214-01175,BIHAR,Saharsa,Saur Bazar,0.0,0.0,,216,10,1175,,88121.22998090234,233228921.9025612,0.04105368437767029,0.028742216150295097,169,4.857434529399871
10-214-01176,BIHAR,Saharsa,Patarghat,0.0,0.0,,216,10,1176,,67497.21582029684,149681422.04156074,0.026031655883789064,0.02603165588378906,104,2.707292211914062
10-214-01177,BIHAR,Saharsa,Sonbarsa,0.0,0.0,,216,10,1177,,90185.02153799882,263952116.041209,0.026031655883789064,0.02603165588378906,190,4.946014617919921
10-216-01199,BIHAR,Muzaffarpur,Sahebganj,0.0,0.0,,208,10,1199,,80060.99972290538,253055918.70266867,0.011409519612789154,0.011409519612789156,184,2.0993516087532047
10-214-01178,BIHAR,Saharsa,Simri Bakhtiarpur,0.0,0.0,,216,10,1178,,119116.35548129058,266466354.66217396,0.026031655883789064,0.021375024478310033,190,4.061254650878906
10-214-01179,BIHAR,Saharsa,Salkhua,0.0,0.0,,216,10,1179,,82412.26684571667,221182533.93573853,0.23636186211109161,0.04351960097610214,162,7.050175358128548
10-214-01180,BIHAR,Saharsa,Banma Itahri,0.0,0.0,,216,10,1180,,54286.501575749484,92822449.4552088,0.026031655883789064,0.02558024773733956,70,1.7906173416137694
10-215-01181,BIHAR,Darbhanga,Jale,0.0,0.0,,195,10,1181,,112473.57051363293,234172285.01568127,0.044983580589294435,0.030521374446354554,178,5.432804651451111
10-215-01182,BIHAR,Darbhanga,Singhwara,0.0,0.0,,195,10,1182,,121368.62688362494,223279889.67870736,0.034635583496093754,0.02299940484853891,156,3.58790715637207
10-215-01183,BIHAR,Darbhanga,Keotiranway,0.0,0.0,,195,10,1183,,89515.08566239705,180205403.4644349,0.043517141723632816,0.038762316131591805,130,5.0391010971069345
10-215-01184,BIHAR,Darbhanga,Darbhanga,0.0,0.0,,195,10,1184,,131883.04966973627,240721362.1475316,0.043517141723632816,0.040610586894642225,176,7.147463293457031
10-215-01185,BIHAR,Darbhanga,Manigachhi,0.0,0.0,,195,10,1185,,96856.01003306538,158887287.31255177,0.04503567161560059,0.044573510344132136,115,5.125953689575196
10-215-01186,BIHAR,Darbhanga,Tardih,0.0,0.0,,195,10,1186,,96398.42232606321,109520018.96976715,0.04503567161560059,0.04128827946424485,80,3.303062357139588
10-215-01187,BIHAR,Darbhanga,Alinagar,0.0,0.0,,195,10,1187,,105560.56246873255,146523357.5416611,0.04503567161560059,0.019878353676429164,104,2.067348782348633
10-215-01188,BIHAR,Darbhanga,Benipur,0.0,0.0,,195,10,1188,,118482.30854716274,204643530.87647069,0.04503567161560059,0.02372585087966919,150,3.5588776319503785
10-215-01189,BIHAR,Darbhanga,Bahadurpur,0.0,0.0,,195,10,1189,,155637.00049509996,221161760.4253616,0.043517141723632816,0.027200280349637253,162,4.406445416641235
10-215-01190,BIHAR,Darbhanga,Hanumannagar,0.0,0.0,,195,10,1190,,114393.83215098479,181536916.32106537,0.034635583496093754,0.033133000098827275,129,4.274157012748718
10-215-01191,BIHAR,Darbhanga,Hayaghat,0.0,0.0,,195,10,1191,,66118.49929402806,108810529.75916524,0.034635583496093754,0.023741501302946184,84,1.9942861094474793
10-215-01192,BIHAR,Darbhanga,Baheri,0.0,0.0,,195,10,1192,,128629.1579498372,271307286.95794886,0.023052002429962158,0.022997390078510028,193,4.438496285152436
10-215-01193,BIHAR,Darbhanga,Biraul,0.0,0.0,,195,10,1193,,135706.32971678255,230203939.26841983,0.023052002429962158,0.018424604650823084,164,3.021635162734986
10-215-01194,BIHAR,Darbhanga,Ghanshyampur,0.0,0.0,,195,10,1194,,76766.91373126305,103945643.9979024,0.04503567161560059,0.018830132095630357,78,1.4687503034591678
10-215-01195,BIHAR,Darbhanga,Kiratpur,0.0,0.0,,195,10,1195,,78793.19278562842,78915927.53877336,0.02738345527648926,0.02047708097424424,57,1.1671936155319216
10-215-01196,BIHAR,Darbhanga,Gora Bauram,0.0,0.0,,195,10,1196,,99804.03366816713,145653476.81698695,0.0380269003868103,0.017971116027653777,107,1.922909414958954
10-215-01197,BIHAR,Darbhanga,Kusheshwar Asthan,0.0,0.0,,195,10,1197,,87220.16498537568,144130520.9401011,0.0380269003868103,0.033899281092523374,103,3.4916259525299074
10-215-01198,BIHAR,Darbhanga,Kusheshwar Asthan Purbi,0.0,0.0,,195,10,1198,,91858.86035222423,150084285.43545517,0.0380269003868103,0.033094993850163054,112,3.706639311218262
10-216-01200,BIHAR,Muzaffarpur,Baruraj (Motipur),0.0,0.0,,208,10,1200,,125110.13599018812,365259305.4740948,0.04038441467285157,0.023858809125287452,263,6.2748667999506
10-216-01201,BIHAR,Muzaffarpur,Paroo,0.0,0.0,,208,10,1201,,136934.87791145188,413033977.3448192,0.02404706726074219,0.015150248623847963,300,4.545074587154389
10-216-01202,BIHAR,Muzaffarpur,Saraiya,0.0,0.0,,208,10,1202,,155820.80051537574,301402655.1404849,0.04038441467285157,0.02323594480457656,218,5.06543596739769
10-216-01203,BIHAR,Muzaffarpur,Marwan,0.0,0.0,,208,10,1203,,84959.92762229654,138736310.53842777,0.04038441467285157,0.030418632751464846,100,3.0418632751464845
10-216-01204,BIHAR,Muzaffarpur,Kanti,0.0,0.0,,208,10,1204,,97122.90469976026,124757584.36625764,0.04038441467285157,0.04038441467285157,92,3.7153661499023443
10-216-01205,BIHAR,Muzaffarpur,Minapur,0.0,0.0,,208,10,1205,,166218.11946715685,316124209.98756105,0.04038441467285157,0.03693743198939733,224,8.273984765625002
10-216-01206,BIHAR,Muzaffarpur,Bochaha,0.0,0.0,,208,10,1206,,126044.68100944142,233148755.94160384,0.04285783386230469,0.026809464793485758,170,4.557609014892579
10-216-01207,BIHAR,Muzaffarpur,Aurai,0.0,0.0,,208,10,1207,,101267.16719990574,247748190.77792475,0.02429849548339844,0.024170983345612237,184,4.447460935592652
10-216-01208,BIHAR,Muzaffarpur,Katra,0.0,0.0,,208,10,1208,,118891.9342746819,235108975.17115793,0.02429849548339844,0.022909227078459986,172,3.9403870574951174
10-216-01209,BIHAR,Muzaffarpur,Gaighat,0.0,0.0,,208,10,1209,,111008.49869520529,259762671.68662548,0.04285783386230469,0.028579180676525175,191,5.4586235092163085
10-216-01213,BIHAR,Muzaffarpur,Kurhani,0.0,0.0,,208,10,1213,,108106.10574110712,256354911.2077163,0.04285783386230469,0.03134523353785114,183,5.736177737426758
10-216-01214,BIHAR,Muzaffarpur,Sakra,0.0,0.0,,208,10,1214,,105121.4777371614,236360031.18726787,0.04285783386230469,0.04247979936270879,174,7.391485089111329
10-217-01215,BIHAR,Gopalganj,Katiya,0.0,0.0,,197,10,1215,,94755.55253264701,158441587.458013,0.05413998413085938,0.04465918762207032,115,5.135806576538087
10-217-01216,BIHAR,Gopalganj,Bijaipur,0.0,0.0,,197,10,1216,,81309.59717969262,163112176.36717936,0.05413998413085938,0.05413998413085939,117,6.334378143310548
10-217-01217,BIHAR,Gopalganj,Bhorey,0.0,0.0,,197,10,1217,,78790.65552761848,196013266.46535653,0.05413998413085938,0.03330663463511366,141,4.696235483551026
10-217-01218,BIHAR,Gopalganj,Pach Deuri,0.0,0.0,,197,10,1218,,53698.212932643866,118295317.11973979,0.011567487335205079,0.01156748733520508,87,1.006371398162842
10-217-01219,BIHAR,Gopalganj,Kuchaikote,0.0,0.0,,197,10,1219,,101077.28158428885,316078491.04748106,0.022381592559814454,0.013313262169671164,223,2.9688574638366694
10-217-01220,BIHAR,Gopalganj,Phulwaria,0.0,0.0,,197,10,1220,,81339.22200232239,118763292.85091434,0.011567487335205079,0.011567487335205079,86,0.9948039108276368
10-217-01221,BIHAR,Gopalganj,Hathua,0.0,0.0,,197,10,1221,,91546.96202775641,183613061.83342972,0.047945290184021,0.03563280306596023,130,4.632264398574829
10-217-01222,BIHAR,Gopalganj,Uchkagaon,0.0,0.0,,197,10,1222,,80102.93001981139,142235093.67043933,0.047945290184021,0.013910563342370718,107,1.4884302776336669
10-217-01223,BIHAR,Gopalganj,Thawe,0.0,0.0,,197,10,1223,,57244.55575246375,89300191.60424533,0.047945290184021,0.021642259811988245,65,1.406746887779236
10-217-01224,BIHAR,Gopalganj,Gopalganj,0.0,0.0,,197,10,1224,,110313.13172782106,244420793.60160467,0.02746084976196289,0.022410288928188173,177,3.9666211402893063
10-218-01232,BIHAR,Siwan,Goriakothi,0.0,0.0,,222,10,1232,,73201.39147651673,174963939.23516312,0.03749320297241211,0.037218531456589696,128,4.763972026443481
10-217-01225,BIHAR,Gopalganj,Manjha,0.0,0.0,,197,10,1225,,80242.78538873792,179389027.9828925,0.03749320297241211,0.024919420262693448,131,3.264444054412842
10-217-01226,BIHAR,Gopalganj,Barauli,0.0,0.0,,197,10,1226,,105754.79057670098,232227972.12586737,0.03749320297241211,0.025538770710129336,166,4.23943593788147
10-217-01228,BIHAR,Gopalganj,Baikunthpur,0.0,0.0,,197,10,1228,,97825.58906166903,256614409.24172768,0.019914225959777834,0.01967666432997368,179,3.522122915065289
10-218-01229,BIHAR,Siwan,Nautan,0.0,0.0,,222,10,1229,,58324.35348563096,81827813.66620097,0.047945290184021,0.04794529018402101,58,2.7808268306732185
10-218-01230,BIHAR,Siwan,Siwan,0.0,0.0,,222,10,1230,,92599.06904644772,168879532.28230655,0.047945290184021,0.046822338665418385,121,5.665502978515625
10-218-01235,BIHAR,Siwan,Bhagwanpur Hat,0.0,0.0,,222,10,1235,,86430.4184146014,189582799.91524476,0.05300655536651611,0.032516460864684155,136,4.422238677597045
10-218-01231,BIHAR,Siwan,Barharia,0.0,0.0,,222,10,1231,,90315.6629531122,219606934.01516393,0.047945290184021,0.03769420464955843,156,5.880295925331115
10-218-01233,BIHAR,Siwan,Lakri Nabiganj,0.0,0.0,,222,10,1233,,79648.98713303795,120773104.6039552,0.03749320297241211,0.02161541728358115,93,2.010233807373047
10-218-01234,BIHAR,Siwan,Basantpur,0.0,0.0,,222,10,1234,,57871.378293950496,76675463.02480637,0.03749320297241211,0.02389437169848748,53,1.2664017000198364
10-218-01236,BIHAR,Siwan,Maharajganj,0.0,0.0,,222,10,1236,,119387.58843212528,142817377.5161484,0.05300655536651611,0.04336719077212139,103,4.466820649528503
10-218-01237,BIHAR,Siwan,Pachrukhi,0.0,0.0,,222,10,1237,,99183.2392802834,160709761.40986398,0.047945290184021,0.03793608802375147,118,4.4764583868026735
10-218-01238,BIHAR,Siwan,Hussainganj,0.0,0.0,,222,10,1238,,68784.84800107122,105975934.30464326,0.0483148453950882,0.046611873352063175,77,3.5891142481088645
10-218-01239,BIHAR,Siwan,Ziradei,0.0,0.0,,222,10,1239,,98825.50869312549,152221780.48504183,0.0483148453950882,0.04794868059880144,109,5.226406185269357
10-218-01240,BIHAR,Siwan,Mairwa,0.0,0.0,,222,10,1240,,65279.2242200428,88898123.37504825,0.04831835899353028,0.04796723540810978,68,3.261772007751465
10-218-01242,BIHAR,Siwan,Darauli,0.0,0.0,,222,10,1242,,90305.00161970501,214758375.6239279,0.04831835899353028,0.04463716174027859,156,6.9633972314834605
10-218-01241,BIHAR,Siwan,Guthani,0.0,0.0,,222,10,1241,,78778.78773845347,115110806.99004474,0.04831835899353028,0.04829946943355512,79,3.8156580852508544
10-219-01248,BIHAR,Saran,Mashrakh,0.0,0.0,,218,10,1248,,82075.7710341599,165898243.02109933,0.03576316528320313,0.029214016802448867,121,3.534896033096313
10-218-01243,BIHAR,Siwan,Andar,0.0,0.0,,222,10,1243,,83358.60866933218,125625010.62434034,0.0483148453950882,0.04827704997577451,88,4.248380397868157
10-219-01249,BIHAR,Saran,Panapur,0.0,0.0,,218,10,1249,,75875.09329534958,182360909.7404776,0.03576316528320313,0.020169556960754825,133,2.682551075780392
10-218-01244,BIHAR,Siwan,Raghunathpur,0.0,0.0,,222,10,1244,,87824.68008836384,193566358.3438411,0.0483148453950882,0.0483148453950882,143,6.909022891497613
10-219-01250,BIHAR,Saran,Taraiya,0.0,0.0,,218,10,1250,,53629.0613522338,97307015.09151264,0.03576316528320313,0.021469026671515574,72,1.5457699203491213
10-218-01245,BIHAR,Siwan,Hasanpura,0.0,0.0,,222,10,1245,,82786.09108287447,121956119.03175904,0.05300655536651611,0.05085761648768728,88,4.475470250916481
10-219-01251,BIHAR,Saran,Ishupur,0.0,0.0,,218,10,1251,,62425.60798229613,109300191.56908256,0.03576316528320313,0.03576316528320312,75,2.682237396240234
10-218-01246,BIHAR,Siwan,Daraundha,0.0,0.0,,222,10,1246,,105400.53795370483,157911066.26165873,0.05300655536651611,0.05100051841900267,116,5.916060136604309
10-219-01256,BIHAR,Saran,Jalalpur,0.0,0.0,,218,10,1256,,65042.73641147566,147549697.72689733,0.05300655536651611,0.03516646616988712,108,3.7979783463478087
10-218-01247,BIHAR,Siwan,Siswan,0.0,0.0,,222,10,1247,,98184.39847010886,155554872.77293277,0.05300655536651611,0.05156945501490756,111,5.72420950665474
10-219-01259,BIHAR,Saran,Nagra,0.0,0.0,,218,10,1259,,43289.948409307304,65110006.46242106,0.03576316528320313,0.03439635725643324,46,1.5822324337959288
10-219-01252,BIHAR,Saran,Baniapur,0.0,0.0,,218,10,1252,,89199.8841803021,219417775.87250236,0.05300655536651611,0.03629867429200166,161,5.844086561012268
10-219-01253,BIHAR,Saran,Lahladpur,0.0,0.0,,218,10,1253,,49287.19248841685,70233795.44130237,0.05300655536651611,0.044553913168813665,51,2.272249571609497
10-219-01254,BIHAR,Saran,Ekma,0.0,0.0,,218,10,1254,,99716.17236158185,176114988.01319405,0.05300655536651611,0.05300655536651612,126,6.678825976181031
10-219-01255,BIHAR,Saran,Manjhi,0.0,0.0,,218,10,1255,,127085.43562979231,244607530.98349065,0.05300655536651611,0.047985958377475844,179,8.589486549568177
10-219-01257,BIHAR,Saran,Revelganj,0.0,0.0,,218,10,1257,,84877.1419542779,179359801.45379385,0.032454051113128664,0.03234070519960844,130,4.204291675949097
10-219-01258,BIHAR,Saran,Chapra,0.0,0.0,,218,10,1258,,119729.94798472138,239470568.44351175,0.032454051113128664,0.032157588974277625,178,5.724050837421418
10-219-01260,BIHAR,Saran,Marhaura,0.0,0.0,,218,10,1260,,87240.95030017926,190752130.05196184,0.03576316528320313,0.03337929136649422,138,4.606342208576202
10-219-01261,BIHAR,Saran,Amnour,0.0,0.0,,218,10,1261,,94922.90618840617,160109081.4065653,0.03576316528320313,0.020540301801390572,118,2.4237556125640873
10-219-01263,BIHAR,Saran,Parsa,0.0,0.0,,218,10,1263,,85595.91054800974,122749042.93573296,0.027656754684448243,0.018587002427527248,94,1.7471782281875612
10-219-01266,BIHAR,Saran,Dighwara,0.0,0.0,,218,10,1266,,81943.45164265168,101347015.6655549,0.027656754684448243,0.027656754684448243,74,2.04659984664917
10-219-01264,BIHAR,Saran,Dariapur,0.0,0.0,,218,10,1264,,115477.27251924115,281302380.67878103,0.027656754684448243,0.0242220683670044,200,4.844413673400879
10-219-01265,BIHAR,Saran,Garkha,0.0,0.0,,218,10,1265,,90147.74693968748,213336409.9887166,0.032454051113128664,0.030102435216716694,153,4.605672588157654
10-220-01269,BIHAR,Vaishali,Paterhi Belsar,0.0,0.0,,224,10,1269,,56227.36197278124,93522597.26160131,0.02404706726074219,0.02404706726074219,72,1.7313888427734376
10-219-01267,BIHAR,Saran,Sonepur,0.0,0.0,,218,10,1267,,70412.64000247594,214865144.18564072,0.027656754684448243,0.016311681178876547,157,2.560933945083618
10-220-01268,BIHAR,Vaishali,Vaishali,0.0,0.0,,224,10,1268,,72706.90824879723,158663399.21103516,0.02404706726074219,0.02207740876902705,115,2.538902008438111
10-220-01270,BIHAR,Vaishali,Lalganj,0.0,0.0,,224,10,1270,,89595.71916906572,184177988.41986412,0.027656754684448243,0.014261223823840805,130,1.8539590970993045
10-221-01294,BIHAR,Samastipur,Mohiuddinagar,0.0,0.0,,217,10,1294,,80607.53716768604,178536106.2701614,0.027730377197265628,0.02551749521493912,128,3.2662393875122073
10-220-01271,BIHAR,Vaishali,Bhagwanpur,0.0,0.0,,224,10,1271,,98965.72708266653,142473218.81446454,0.02404706726074219,0.01206803933279855,105,1.2671441299438477
10-220-01272,BIHAR,Vaishali,Goraul,0.0,0.0,,224,10,1272,,101989.77906286377,122446101.92943335,0.04285783386230469,0.019526492153514517,88,1.7183313095092776
10-220-01273,BIHAR,Vaishali,Chehra Kalan,0.0,0.0,,224,10,1273,,63204.34388206024,89818122.94593617,0.04285783386230469,0.037626517850435706,65,2.445723660278321
10-220-01277,BIHAR,Vaishali,Raja Pakar,0.0,0.0,,224,10,1277,,58946.08844196175,93673217.82917874,0.019595217895507812,0.01075927022298177,69,0.7423896453857421
10-220-01274,BIHAR,Vaishali,Patepur,0.0,0.0,,224,10,1274,,118180.33822078991,317029999.71255994,0.04285783386230469,0.027406676197881282,230,6.303535525512695
10-220-01275,BIHAR,Vaishali,Mahua,0.0,0.0,,224,10,1275,,86273.82517515696,171155586.12447235,0.019595217895507812,0.01820166271972656,125,2.27520783996582
10-220-01276,BIHAR,Vaishali,Jandaha,0.0,0.0,,224,10,1276,,99044.76663725945,179891527.10359335,0.019595217895507812,0.01959521789550781,130,2.5473783264160152
10-220-01278,BIHAR,Vaishali,Hajipur,0.0,0.0,,224,10,1278,,80048.24731377292,194916759.16986817,0.008708068084716797,0.008708068084716797,141,1.2278375999450684
10-220-01280,BIHAR,Vaishali,Bidupur,0.0,0.0,,224,10,1280,,88122.3198685409,139375575.9420912,0.019595217895507812,0.009791567337036133,100,0.9791567337036132
10-220-01279,BIHAR,Vaishali,Raghopur,0.0,0.0,,224,10,1279,,128641.49950069311,338499790.0832371,0.01196400375366211,0.008797763195427096,245,2.155451982879639
10-220-01281,BIHAR,Vaishali,Desri,0.0,0.0,,224,10,1281,,50183.809114488824,56627949.53624974,0.019595217895507812,0.016869784273420056,42,0.7085309394836424
10-221-01284,BIHAR,Samastipur,Kalyanpur,0.0,0.0,,217,10,1284,,147387.26660455638,294821482.9966942,0.034635583496093754,0.03447088803069852,211,7.273357374477388
10-221-01286,BIHAR,Samastipur,Shivaji Nagar,0.0,0.0,,217,10,1286,,96209.25031894707,172333979.18990555,0.023266028881073,0.02314898316562176,128,2.9630698451995854
10-221-01288,BIHAR,Samastipur,Samastipur,0.0,0.0,,217,10,1288,,112474.97484539819,170577777.20953664,0.034635583496093754,0.017863666831293416,124,2.215094687080384
10-221-01289,BIHAR,Samastipur,Pusa,0.0,0.0,,217,10,1289,,64081.7615729533,95008289.7510354,0.034635583496093754,0.034635583496093754,67,2.3205840942382814
10-221-01291,BIHAR,Samastipur,Morwa,0.0,0.0,,217,10,1291,,104551.97847793197,152111293.7773472,0.019595217895507812,0.012266967704079366,110,1.3493664474487304
10-221-01292,BIHAR,Samastipur,Patori,0.0,0.0,,217,10,1292,,69422.25062895294,130638318.44440164,0.027730377197265628,0.01409221708236202,93,1.3105761886596679
10-221-01295,BIHAR,Samastipur,Sarairanjan,0.0,0.0,,217,10,1295,,96463.23467310029,185572344.2706523,0.008847117614746094,0.008847117614746094,138,1.220902230834961
10-221-01296,BIHAR,Samastipur,Vidyapati Nagar,0.0,0.0,,217,10,1296,,62930.2690484309,106322816.42401849,0.027730377197265628,0.020559519127954413,79,1.6242020111083986
10-221-01297,BIHAR,Samastipur,Dalsinghsarai,0.0,0.0,,217,10,1297,,80515.23552986495,118201268.21451648,0.027730377197265628,0.010124571980986484,86,0.8707131903648376
10-221-01298,BIHAR,Samastipur,Ujiarpur,0.0,0.0,,217,10,1298,,81756.09445970641,209497824.1015558,0.023266028881073,0.011923152018229168,150,1.788472802734375
10-221-01300,BIHAR,Samastipur,Rosera,0.0,0.0,,217,10,1300,,84599.34785899956,138535375.895554,0.023266028881073,0.023266028881073,100,2.3266028881073
10-221-01299,BIHAR,Samastipur,Bibhutpur,0.0,0.0,,217,10,1299,,96600.53522783429,258332531.194082,0.07536516916751862,0.02497499282799269,190,4.745248637318611
10-221-01301,BIHAR,Samastipur,Singhia,0.0,0.0,,217,10,1301,,76055.88015393679,178639507.67998633,0.0380269003868103,0.03371288070228156,127,4.281535849189758
10-222-01307,BIHAR,Begusarai,Cheria Bariarpur,0.0,0.0,,191,10,1307,,80422.0696045629,127840547.1243011,0.07536516916751862,0.06091496731645606,89,5.42143209116459
10-221-01302,BIHAR,Samastipur,Hasanpur,0.0,0.0,,217,10,1302,,122795.93417076243,188091095.39019313,0.0380269003868103,0.035918204457419264,140,5.028548624038697
10-221-01303,BIHAR,Samastipur,Bithan,0.0,0.0,,217,10,1303,,72838.55780104545,149849875.79630712,0.0380269003868103,0.03770425229562777,107,4.034354995632172
10-222-01304,BIHAR,Begusarai,Khudabandpur,0.0,0.0,,191,10,1304,,49522.71992212785,59617610.47663844,0.023266028881073,0.023266028881073004,42,0.9771732130050661
10-222-01305,BIHAR,Begusarai,Chhorahi,0.0,0.0,,191,10,1305,,96201.09768359947,128309829.49376953,0.07536516916751862,0.0334634604451557,96,3.212492202734947
10-222-01306,BIHAR,Begusarai,Garhpura,0.0,0.0,,191,10,1306,,69581.28073662621,88651595.91159394,0.07074476189613342,0.044863468463385285,67,3.005852387046814
10-222-01308,BIHAR,Begusarai,Bhagwanpur,0.0,0.0,,191,10,1308,,102620.52088176137,147276258.21886113,0.07536516916751862,0.07536516916751862,107,8.064073100924492
10-223-01324,BIHAR,Khagaria,Mansi,0.0,0.0,,202,10,1324,,70720.37786012898,86151878.56106131,0.23636186211109161,0.23636186211109161,68,16.07260662355423
10-222-01309,BIHAR,Begusarai,Mansurchak,0.0,0.0,,191,10,1309,,55538.61039021854,42158333.283958256,0.07536516916751862,0.04145143355727196,32,1.3264458738327027
10-224-01333,BIHAR,Bhagalpur,Rangra Chowk,0.0,0.0,,192,10,1333,,56200.86409227388,97946271.45940188,0.11351009531021118,0.09413762697275135,69,6.495496261119843
10-222-01310,BIHAR,Begusarai,Bachhwara,0.0,0.0,,191,10,1310,,112893.55520851951,186501763.14040864,0.07536516916751862,0.04729093994017,135,6.3842768919229504
10-222-01311,BIHAR,Begusarai,Teghra,0.0,0.0,,191,10,1311,,93442.93751421869,180050069.66821858,0.07536516916751862,0.07536516916751862,130,9.797471991777421
10-222-01312,BIHAR,Begusarai,Barauni,0.0,0.0,,191,10,1312,,90573.71511882372,141812926.41245717,0.07536516916751862,0.07519920979958136,103,7.74551860935688
10-222-01313,BIHAR,Begusarai,Birpur,0.0,0.0,,191,10,1313,,69057.86510087451,64693086.30641256,0.07536516916751862,0.07536516916751862,49,3.6928932892084125
10-222-01314,BIHAR,Begusarai,Begusarai,0.0,0.0,,191,10,1314,,114572.02827886646,273941103.5239774,0.07536516916751862,0.07166412864911315,196,14.046169215226175
10-222-01315,BIHAR,Begusarai,Naokothi,0.0,0.0,,191,10,1315,,61794.845266753924,91575422.87048158,0.07074476189613342,0.07074476189613342,67,4.7398990470409395
10-222-01316,BIHAR,Begusarai,Bakhri,0.0,0.0,,191,10,1316,,74902.13049058078,94921186.04856166,0.07074476189613342,0.06882018180734972,68,4.679772362899781
10-222-01317,BIHAR,Begusarai,Dandari,0.0,0.0,,191,10,1317,,77075.31892237118,85364223.36403492,0.07074476189613342,0.0707447618961334,62,4.386175237560272
10-222-01318,BIHAR,Begusarai,Sahebpur Kamal,0.0,0.0,,191,10,1318,,97820.3506924087,179327758.1582562,0.23636186211109161,0.1871312778266271,135,25.26272250659466
10-222-01319,BIHAR,Begusarai,Balia,0.0,0.0,,191,10,1319,,95726.56851828664,181873531.04775092,0.07074476189613342,0.05178590328017278,134,6.939311039543153
10-222-01320,BIHAR,Begusarai,Matihani,0.0,0.0,,191,10,1320,,104199.58891726227,214311339.790948,0.07536516916751862,0.04681037721948804,159,7.442849977898598
10-222-01321,BIHAR,Begusarai,Shamho Akha Kurha,0.0,0.0,,191,10,1321,,47884.70174269599,82130306.58899558,0.02694326095581055,0.026943260955810545,60,1.6165956573486326
10-223-01322,BIHAR,Khagaria,Alauli,0.0,0.0,,202,10,1322,,117176.16085281859,337532903.06560946,0.23636186211109161,0.09858810238936312,243,23.956908880615238
10-223-01323,BIHAR,Khagaria,Khagaria,0.0,0.0,,202,10,1323,,164255.4907534744,325761754.1557925,0.23636186211109161,0.19425581968355987,236,45.84437344532013
10-223-01325,BIHAR,Khagaria,Chautham,0.0,0.0,,202,10,1325,,88833.5659059585,205164632.7891582,0.23636186211109161,0.17224467451588638,147,25.319967153835297
10-228-01376,BIHAR,Sheikhpura,Chewara,0.0,0.0,,219,10,1376,,77279.14911837938,141385828.1075451,0.13413110961914063,0.13015486903599333,105,13.666261248779298
10-223-01326,BIHAR,Khagaria,Beldaur,0.0,0.0,,202,10,1326,,101449.44415348554,276820454.1841197,0.14965574340820315,0.13545967594128475,209,28.311072271728513
10-223-01327,BIHAR,Khagaria,Gogri,0.0,0.0,,202,10,1327,,109725.85953588395,321971045.3784509,0.23636186211109161,0.15840955157556244,233,36.90942551710605
10-223-01328,BIHAR,Khagaria,Parbatta,0.0,0.0,,202,10,1328,,89952.53209418767,286770838.53234714,0.14965574340820315,0.1180376001554243,209,24.66985843248368
10-224-01329,BIHAR,Bhagalpur,Narayanpur,0.0,0.0,,192,10,1329,,96964.50839109154,173637043.38008544,0.14965574340820315,0.12031211377616943,127,15.279638449573518
10-224-01330,BIHAR,Bhagalpur,Bihpur,0.0,0.0,,192,10,1330,,98960.16392998041,189427956.2070791,0.14965574340820315,0.10446252211152221,139,14.520290573501587
10-234-01472,BIHAR,Rohtas,Akorhi Gola,0.0,0.0,,215,10,1472,,71741.57946050014,124356844.03544964,0.009761912536621094,0.009761912536621094,93,0.9078578659057617
10-224-01331,BIHAR,Bhagalpur,Kharik,0.0,0.0,,192,10,1331,,103106.05203500649,169292223.68779984,0.11192020912170411,0.10092288441845752,127,12.817206321144106
10-224-01332,BIHAR,Bhagalpur,Naugachhia,0.0,0.0,,192,10,1332,,91833.23423872421,134223697.96961665,0.11192020912170411,0.10562601380203711,99,10.456975366401673
10-224-01335,BIHAR,Bhagalpur,Pirpainti,0.0,0.0,,192,10,1335,,138631.2255747686,411429376.6216011,0.13098769109249114,0.12349084652496597,295,36.429799724864964
10-224-01336,BIHAR,Bhagalpur,Kahalgaon,0.0,0.0,,192,10,1336,,128722.99744742387,352186242.20537144,0.11351009531021118,0.1128839760569639,258,29.124065822696686
10-224-01337,BIHAR,Bhagalpur,Ismailpur,0.0,0.0,,192,10,1337,,66332.03197363381,102752037.41138108,0.11351009531021118,0.0958818568110466,72,6.903493690395356
10-224-01338,BIHAR,Bhagalpur,Sabour,0.0,0.0,,192,10,1338,,85492.0541239663,141198925.34276122,0.11351009531021118,0.09307049617767336,105,9.772402098655704
10-226-01359,BIHAR,Munger,Dharhara,0.0,0.0,,207,10,1359,,105188.90103685112,355220468.750446,0.0819230774641037,0.07893967656830482,258,20.366436554622645
10-224-01339,BIHAR,Bhagalpur,Nathnagar,0.0,0.0,,192,10,1339,,105259.93673308079,163498377.60317266,0.11008573179244996,0.09143241345842007,118,10.789024788093569
10-226-01360,BIHAR,Munger,Kharagpur,0.0,0.0,,207,10,1360,,169586.30903503796,398589433.5102216,0.13248114452362061,0.11069180922524295,297,32.875467339897156
10-224-01340,BIHAR,Bhagalpur,Sultanganj,0.0,0.0,,192,10,1340,,139861.1879796442,266407467.3450057,0.12836361393928528,0.11084015020951628,192,21.281308840227126
10-224-01341,BIHAR,Bhagalpur,Shahkund,0.0,0.0,,192,10,1341,,93276.90256650816,208798734.37786233,0.12836361393928528,0.10219268328555219,154,15.737673225975037
10-224-01342,BIHAR,Bhagalpur,Goradih,0.0,0.0,,192,10,1342,,106918.08891287447,178026414.43832883,0.11351009531021118,0.08544196257184644,129,11.02201317176819
10-224-01343,BIHAR,Bhagalpur,Jagdishpur,0.0,0.0,,192,10,1343,,107045.71303668506,127447147.46016994,0.09043312854766847,0.08574104702857234,93,7.973917373657227
10-224-01344,BIHAR,Bhagalpur,Sonhaula,0.0,0.0,,192,10,1344,,84463.86530366821,214425428.57327408,0.11351009531021118,0.11212918982775708,159,17.828541182613375
10-225-01345,BIHAR,Banka,Shambhuganj,0.0,0.0,,190,10,1345,,85765.27415008907,217970788.89652416,0.12836361393928528,0.12836361393928528,160,20.538178230285645
10-225-01346,BIHAR,Banka,Amarpur,0.0,0.0,,190,10,1346,,98000.87839154692,234663534.19316816,0.12836361393928528,0.08571633147440459,171,14.657492682123186
10-225-01347,BIHAR,Banka,Rajaun,0.0,0.0,,190,10,1347,,86718.04358754268,242814641.5593075,0.056866699218750004,0.05686669921875,180,10.236005859375
10-226-01363,BIHAR,Munger,Tetiha Bambor,0.0,0.0,,207,10,1363,,73286.15332623897,95190725.80042528,0.13248114452362061,0.13248114452362061,69,9.141198972129823
10-225-01348,BIHAR,Banka,Dhuraiya,0.0,0.0,,190,10,1348,,106681.6377356153,285703540.38620996,0.23532031250000002,0.0729752424599468,207,15.105875189208987
10-225-01349,BIHAR,Banka,Barahat,0.0,0.0,,190,10,1349,,122910.23058217819,181202001.14064544,0.07356486206054688,0.06566191476137584,131,8.601710833740235
10-225-01350,BIHAR,Banka,Banka,0.0,0.0,,190,10,1350,,137083.07375503817,365153241.48788345,0.12836361393928528,0.08724680048035882,274,23.905623331618315
10-225-01351,BIHAR,Banka,Phulidumar,0.0,0.0,,190,10,1351,,117105.67306472127,248400685.45023423,0.12836361393928528,0.1267014318144723,178,22.55285486297607
10-225-01352,BIHAR,Banka,Belhar,0.0,0.0,,190,10,1352,,118426.40149548957,290570448.277483,0.13248114452362061,0.1273943055045437,213,27.13498707246781
10-225-01353,BIHAR,Banka,Chanan,0.0,0.0,,190,10,1353,,169565.08902723462,550876204.0147796,0.13248114452362061,0.08943598010415461,402,35.95326400187015
10-225-01354,BIHAR,Banka,Katoria,0.0,0.0,,190,10,1354,,180268.89530762268,687665367.2781417,0.12836361393928528,0.08819131533217954,503,44.36023161208631
10-225-01355,BIHAR,Banka,Bausi,0.0,0.0,,190,10,1355,,109314.78149810205,385846183.7170387,0.07356486206054688,0.07321267945195589,284,20.792400964355473
10-226-01356,BIHAR,Munger,Munger,0.0,0.0,,207,10,1356,,162390.1628928388,306519605.49277806,0.23636186211109161,0.14894396155140616,220,32.767671541309355
10-226-01357,BIHAR,Munger,Bariarpur,0.0,0.0,,207,10,1357,,122433.4478606843,198040113.63802013,0.23636186211109161,0.10742773220818619,145,15.577021170186997
10-226-01358,BIHAR,Munger,Jamalpur,0.0,0.0,,207,10,1358,,72817.19566814511,112971204.64248075,0.0819230774641037,0.0819230774641037,83,6.799615429520607
10-226-01361,BIHAR,Munger,Asarganj,0.0,0.0,,207,10,1361,,61173.52838786665,72491453.98190036,0.11008573179244996,0.10900255277982127,52,5.6681327445507055
10-226-01362,BIHAR,Munger,Tarapur,0.0,0.0,,207,10,1362,,54416.57713098438,86962445.68425661,0.13248114452362061,0.12269732633809576,61,7.484536906623841
10-226-01364,BIHAR,Munger,Sangrampur,0.0,0.0,,207,10,1364,,71205.18318302365,105786037.21986651,0.13248114452362061,0.13125568899256843,84,11.025477875375747
10-227-01366,BIHAR,Lakhisarai,Pipariya,0.0,0.0,,204,10,1366,,87968.2901826016,106258171.87143916,0.06681826171875001,0.03732168581191808,73,2.7244830642700197
10-227-01365,BIHAR,Lakhisarai,Barahiya,0.0,0.0,,204,10,1365,,95965.48426593257,248505135.43154767,0.06681826171875001,0.06681826171875001,179,11.960468847656252
10-227-01367,BIHAR,Lakhisarai,Surajgarha,0.0,0.0,,204,10,1367,,140312.1609931406,462726462.37366486,0.0819230774641037,0.03178067549368333,338,10.741868316864966
10-227-01368,BIHAR,Lakhisarai,Lakhisarai,0.0,0.0,,204,10,1368,,117670.76745524361,181316338.94823277,0.13413110961914063,0.07158756386560339,131,9.377970866394044
10-227-01369,BIHAR,Lakhisarai,Chanan*,0.0,0.0,,204,10,1369,,86014.87070350182,177670731.10250506,0.06681826171875001,0.05319191948771476,128,6.8085656944274895
10-228-01375,BIHAR,Sheikhpura,Ghat Kusumbha,0.0,0.0,,219,10,1375,,80592.24583619394,99088070.68237934,0.06681826171875001,0.06307088124449824,71,4.4780325683593745
10-227-01370,BIHAR,Lakhisarai,Ramgarh Chowk,0.0,0.0,,204,10,1370,,98990.57354622113,128567389.13844268,0.13413110961914063,0.11898532638549804,96,11.422591333007812
10-227-01371,BIHAR,Lakhisarai,Halsi,0.0,0.0,,204,10,1371,,82594.8188222393,191441208.6304817,0.13413110961914063,0.1308379714636494,139,18.186478033447266
10-228-01372,BIHAR,Sheikhpura,Barbigha,0.0,0.0,,219,10,1372,,83879.7675047183,115941853.486741,0.03356026000976563,0.03356026000976563,81,2.7183810607910157
10-228-01373,BIHAR,Sheikhpura,Shekhopur Sarai,0.0,0.0,,219,10,1373,,59774.96229914819,65955650.61796794,0.0645468994140625,0.04531158390667128,46,2.084332859706879
10-228-01374,BIHAR,Sheikhpura,Sheikhpura,0.0,0.0,,219,10,1374,,119718.3677454689,225551054.81458032,0.13413110961914063,0.05649175538562594,168,9.490614904785158
10-228-01377,BIHAR,Sheikhpura,Ariari,0.0,0.0,,219,10,1377,,87552.5859976097,183445963.63454768,0.13413110961914063,0.06557777660228588,135,8.852999841308593
10-229-01378,BIHAR,Nalanda,Karai Parsurai,0.0,0.0,,209,10,1378,,58523.47447411047,82148146.79064696,0.023309303283691407,0.013204664461729958,61,0.8054845321655274
10-229-01379,BIHAR,Nalanda,Nagar Nausa,0.0,0.0,,209,10,1379,,82570.35159490984,108015836.82811198,0.04449961585998535,0.01672786383152008,80,1.3382291065216065
10-229-01380,BIHAR,Nalanda,Harnaut,0.0,0.0,,209,10,1380,,124869.90123154312,224385440.0517296,0.04449961585998535,0.02482107865015666,156,3.872088269424439
10-229-01381,BIHAR,Nalanda,Chandi,0.0,0.0,,209,10,1381,,70527.81459673235,147156102.481168,0.04449961585998535,0.04112327875461219,106,4.359067547988892
10-229-01382,BIHAR,Nalanda,Rahui,0.0,0.0,,209,10,1382,,77076.6108369453,152249665.90613127,0.04449961585998535,0.04392386028892116,114,5.007320072937012
10-229-01383,BIHAR,Nalanda,Bind,0.0,0.0,,209,10,1383,,70364.80140905235,88091657.81671415,0.03356026000976563,0.03356026000976563,65,2.181416900634766
10-229-01384,BIHAR,Nalanda,Sarmera,0.0,0.0,,209,10,1384,,91044.34634338948,167201876.42476654,0.06681826171875001,0.039238455423494675,123,4.826330017089845
10-229-01385,BIHAR,Nalanda,Asthawan,0.0,0.0,,209,10,1385,,92263.18064708126,171325630.7179731,0.0645468994140625,0.03566278510862782,124,4.42218535346985
10-229-01387,BIHAR,Nalanda,Noorsarai,0.0,0.0,,209,10,1387,,78528.62700534344,151514769.88009417,0.04449961585998535,0.04449961585998535,114,5.07295620803833
10-229-01386,BIHAR,Nalanda,Bihar,0.0,0.0,,209,10,1386,,98561.8371020671,215840179.0991975,0.04449961585998535,0.04263137110145229,157,6.693125262928009
10-229-01390,BIHAR,Nalanda,Hilsa,0.0,0.0,,209,10,1390,,93433.88804652911,175765721.10991755,0.023309303283691407,0.023309303283691407,132,3.0768280334472657
10-229-01391,BIHAR,Nalanda,Ekangarsarai,0.0,0.0,,209,10,1391,,87121.32234693572,166605847.460251,0.023309303283691407,0.023309303283691404,122,2.8437350006103514
10-229-01392,BIHAR,Nalanda,Islampur,0.0,0.0,,209,10,1392,,109868.69145522316,273834151.4326934,0.027081350708007813,0.025576341887194702,198,5.064115693664551
10-229-01393,BIHAR,Nalanda,Ben,0.0,0.0,,209,10,1393,,66947.54721379357,127526149.56798536,0.04449961585998535,0.03195934663630547,94,3.004178583812714
10-230-01398,BIHAR,Patna,Maner,0.0,0.0,,212,10,1398,,96133.56350709034,213315300.3597084,0.032454051113128664,0.0273325544559403,151,4.1272157228469855
10-229-01394,BIHAR,Nalanda,Rajgir,0.0,0.0,,209,10,1394,,88740.45664753366,198129288.77271983,0.027827390003204347,0.02751741592984804,142,3.9074730620384215
10-229-01395,BIHAR,Nalanda,Silao,0.0,0.0,,209,10,1395,,79220.42929786978,154752836.13944647,0.04449961585998535,0.03065571403247969,112,3.4334399716377253
10-229-01396,BIHAR,Nalanda,Giriak,0.0,0.0,,209,10,1396,,88347.46773236175,99576022.5731765,0.027827390003204347,0.027827390003204343,74,2.0592268602371213
10-229-01397,BIHAR,Nalanda,Katrisarai,0.0,0.0,,209,10,1397,,38918.76300208476,48673462.28309288,0.0645468994140625,0.035387288999557495,34,1.2031678259849548
10-230-01399,BIHAR,Patna,Dinapur-Cum-Khagaul,0.0,0.0,,212,10,1399,,78598.21354533077,184765788.04152673,0.027656754684448243,0.02447643746285543,137,3.353271932411194
10-234-01474,BIHAR,Rohtas,Tilouthu,0.0,0.0,,215,10,1474,,73885.57639601533,193504401.97342023,0.01098416805267334,0.007694816016136333,141,1.084969058275223
10-230-01400,BIHAR,Patna,Patna Rural,0.0,0.0,,212,10,1400,,87518.10425735511,179850223.48881748,0.027656754684448243,0.010211387535882377,126,1.2866348295211796
10-230-01401,BIHAR,Patna,Sampatchak,0.0,0.0,,212,10,1401,,53219.7118618291,78902366.60372826,0.017029841041564943,0.006561426129834405,58,0.3805627155303955
10-230-01406,BIHAR,Patna,Dulhin Bazar,0.0,0.0,,212,10,1406,,77792.54009458271,136539622.4680228,0.022113479232788086,0.017366300456692473,99,1.719263745212555
10-230-01402,BIHAR,Patna,Phulwari,0.0,0.0,,212,10,1402,,70659.26045014715,135940825.49713776,0.017029841041564943,0.016470960274922477,97,1.5976831466674803
10-230-01413,BIHAR,Patna,Khusrupur,0.0,0.0,,212,10,1413,,46143.60198551767,78201544.387751,0.01196400375366211,0.008011696142899365,57,0.45666668014526374
10-230-01403,BIHAR,Patna,Bihta,0.0,0.0,,212,10,1403,,116564.9809665079,244879174.98088208,0.032454051113128664,0.013475072987698719,181,2.438988210773468
10-230-01415,BIHAR,Patna,Athmalgola,0.0,0.0,,212,10,1415,,47997.69261940102,62827293.65665197,0.027730377197265628,0.01447229043787176,44,0.6367807792663575
10-230-01404,BIHAR,Patna,Naubatpur,0.0,0.0,,212,10,1404,,105087.74367689912,205320191.59612688,0.017029841041564943,0.017029841041564943,148,2.5204164741516113
10-230-01405,BIHAR,Patna,Bikram,0.0,0.0,,212,10,1405,,86626.03512108007,186422313.04867813,0.017029841041564943,0.012481554394317189,139,1.7349360608100892
10-234-01475,BIHAR,Rohtas,Rohtas,0.0,0.0,,215,10,1475,,88257.59288547112,389741138.17794544,0.012147881317138672,0.007942597487579242,287,2.279525478935242
10-230-01407,BIHAR,Patna,Paliganj,0.0,0.0,,212,10,1407,,129476.3041410336,293354152.7667747,0.022113479232788086,0.021982302005714344,214,4.704212629222869
10-230-01408,BIHAR,Patna,Masaurhi,0.0,0.0,,212,10,1408,,108866.13277400887,248716954.87290823,0.02142171630859375,0.019957757886250812,180,3.592396419525146
10-230-01409,BIHAR,Patna,Dhanarua,0.0,0.0,,212,10,1409,,95102.40821522896,225577653.19725513,0.023309303283691407,0.017899338718781993,166,2.9712902273178106
10-230-01410,BIHAR,Patna,Punpun,0.0,0.0,,212,10,1410,,82554.93388622913,161116560.78819045,0.017029841041564943,0.013596450198491417,120,1.63157402381897
10-230-01411,BIHAR,Patna,Fatwah,0.0,0.0,,212,10,1411,,97950.27190535897,155697451.47083917,0.0061875541687011724,0.0061875541687011724,114,0.7053811752319337
10-230-01412,BIHAR,Patna,Daniawan,0.0,0.0,,212,10,1412,,69689.77872311571,79566220.36857046,0.0061875541687011724,0.0061875541687011724,55,0.3403154792785645
10-230-01414,BIHAR,Patna,Bakhtiarpur,0.0,0.0,,212,10,1414,,120205.01587822943,168153072.20481881,0.027730377197265628,0.012333528131246567,128,1.5786916007995606
10-230-01416,BIHAR,Patna,Belchhi,0.0,0.0,,212,10,1416,,88573.78025963024,87443681.0926542,0.03356026000976563,0.031127704370021825,64,1.9921730796813968
10-230-01417,BIHAR,Patna,Barh,0.0,0.0,,212,10,1417,,95365.9771693495,147280816.515725,0.027730377197265628,0.027730377197265624,108,2.9948807373046873
10-230-01419,BIHAR,Patna,Ghoswari,0.0,0.0,,212,10,1419,,66454.95033385535,164897376.1169027,0.07536516916751862,0.049803187114879736,122,6.075988828015328
10-230-01418,BIHAR,Patna,Pandarak,0.0,0.0,,212,10,1418,,106894.44852036482,252509471.6555304,0.03356026000976563,0.028915059266115893,187,5.407116082763672
10-232-01438,BIHAR,Buxar,Chaugain,0.0,0.0,,194,10,1438,,52625.33924401454,66025696.44875917,0.03208732604980469,0.03208732604980469,46,1.4760169982910156
10-232-01439,BIHAR,Buxar,Kesath,0.0,0.0,,194,10,1439,,34661.84662025829,38236018.49691825,0.03208732604980469,0.03208732604980469,29,0.9305324554443359
10-230-01420,BIHAR,Patna,Mokameh,0.0,0.0,,212,10,1420,,127700.39840194934,244519830.48183808,0.07536516916751862,0.05687375009957324,178,10.123527517724037
10-231-01421,BIHAR,Bhojpur,Shahpur,0.0,0.0,,193,10,1421,,110658.91431619873,211766871.4500774,0.03241045694351197,0.028573967938851086,156,4.45753899846077
10-234-01460,BIHAR,Rohtas,Suryapura,0.0,0.0,,215,10,1460,,56159.7630280001,69765063.31452103,0.01649785842895508,0.01649785842895508,50,0.8248929214477541
10-231-01422,BIHAR,Bhojpur,Arrah,0.0,0.0,,193,10,1422,,120924.06747051864,221925641.7145924,0.032454051113128664,0.015204056693604273,161,2.447853127670288
10-231-01423,BIHAR,Bhojpur,Barhara,0.0,0.0,,193,10,1423,,128817.96875565937,258494738.36324885,0.032454051113128664,0.032124078839791785,185,5.9429545853614805
10-231-01424,BIHAR,Bhojpur,Koilwar,0.0,0.0,,193,10,1424,,94779.33453556667,208456312.66749656,0.032454051113128664,0.015359579207446124,148,2.2732177227020265
10-231-01425,BIHAR,Bhojpur,Sandesh,0.0,0.0,,193,10,1425,,60697.76797134289,164599530.19806212,0.022113479232788086,0.01217314500808716,120,1.460777400970459
10-231-01426,BIHAR,Bhojpur,Udwant Nagar,0.0,0.0,,193,10,1426,,92445.60417460876,217797556.82002312,0.010643862819671631,0.010401219213156053,162,1.6849975125312806
10-234-01461,BIHAR,Rohtas,Bikramganj,0.0,0.0,,215,10,1461,,88556.32896667719,168723569.68103397,0.01649785842895508,0.01649785842895508,124,2.04573444519043
10-231-01427,BIHAR,Bhojpur,Behea,0.0,0.0,,193,10,1427,,114516.77527652554,206091349.70539597,0.03241045694351197,0.01757334728512988,149,2.6184287454843522
10-231-01428,BIHAR,Bhojpur,Jagdishpur,0.0,0.0,,193,10,1428,,109726.00219208181,318463526.4488765,0.03208732604980469,0.012500038121084286,233,2.912508882212639
10-231-01429,BIHAR,Bhojpur,Piro,0.0,0.0,,193,10,1429,,100703.96274410955,268205354.86689487,0.03208732604980469,0.016507503025664897,197,3.2519780960559848
10-234-01462,BIHAR,Rohtas,Karakat,0.0,0.0,,215,10,1462,,102232.22868007293,251121712.10833624,0.01649785842895508,0.012766382320233563,179,2.2851824353218078
10-231-01430,BIHAR,Bhojpur,Charpokhari,0.0,0.0,,193,10,1430,,88834.1327790213,135855258.49695313,0.010250780177116394,0.007463941965851129,102,0.7613220805168152
10-231-01431,BIHAR,Bhojpur,Garhani,0.0,0.0,,193,10,1431,,93054.52180151101,137128723.85739592,0.010250780177116394,0.009901569492166692,99,0.9802553797245025
10-231-01432,BIHAR,Bhojpur,Agiaon,0.0,0.0,,193,10,1432,,87534.07309197474,191419206.17039648,0.022113479232788086,0.01364951606328539,139,1.8972827327966693
10-231-01433,BIHAR,Bhojpur,Tarari,0.0,0.0,,193,10,1433,,95157.98131215997,247108515.4982669,0.01649785842895508,0.0075303955078125,180,1.35547119140625
10-231-01434,BIHAR,Bhojpur,Sahar,0.0,0.0,,193,10,1434,,61748.81499939302,157154129.14318892,0.022113479232788086,0.009004039296689241,115,1.0354645191192626
10-232-01435,BIHAR,Buxar,Simri,0.0,0.0,,194,10,1435,,87047.69219699135,222195796.247413,0.0558674674987793,0.029311440980581596,162,4.748453438854218
10-232-01436,BIHAR,Buxar,Chakki,0.0,0.0,,194,10,1436,,73799.54032015939,80420668.23199363,0.03241045694351197,0.032356601794560756,66,2.1355357184410098
10-232-01437,BIHAR,Buxar,Barhampur,0.0,0.0,,194,10,1437,,133928.15369382405,240152233.65370417,0.03241045694351197,0.03212773267933399,173,5.55809775352478
10-232-01440,BIHAR,Buxar,Dumraon,0.0,0.0,,194,10,1440,,115797.88145848007,238641355.07175583,0.0558674674987793,0.03941492777536082,172,6.779367577362061
10-232-01441,BIHAR,Buxar,Buxar,0.0,0.0,,194,10,1441,,90996.21871903203,211591033.38394436,0.0558674674987793,0.05507607514043398,158,8.702019872188568
10-232-01442,BIHAR,Buxar,Chausa,0.0,0.0,,194,10,1442,,99103.08457070828,138502720.57991108,0.0558674674987793,0.04042570605558508,102,4.123422017669678
10-232-01443,BIHAR,Buxar,Rajpur,0.0,0.0,,194,10,1443,,121142.9666413415,336933113.12217736,0.0558674674987793,0.0246047298755723,247,6.077368279266358
10-232-01444,BIHAR,Buxar,Itarhi,0.0,0.0,,194,10,1444,,109439.3274763228,293713382.2816445,0.0558674674987793,0.05546935663269338,207,11.48215682296753
10-232-01445,BIHAR,Buxar,Nawanagar,0.0,0.0,,194,10,1445,,126567.10382889764,229774401.79100823,0.0558674674987793,0.030846421479896684,169,5.21304523010254
10-233-01446,BIHAR,Kaimur (Bhabua),Ramgarh,0.0,0.0,,200,10,1446,,124781.0721120257,206666195.02442607,0.016592332458496093,0.01573743737668407,147,2.3134032943725584
10-233-01447,BIHAR,Kaimur (Bhabua),Nuaon,0.0,0.0,,200,10,1447,,121732.74643995032,235834986.4758632,0.027843731689453127,0.01772966105143229,171,3.0317720397949217
10-233-01448,BIHAR,Kaimur (Bhabua),Kudra,0.0,0.0,,200,10,1448,,132624.50147962422,255577893.54332253,0.016592332458496093,0.014245583713755889,187,2.663924154472351
10-233-01449,BIHAR,Kaimur (Bhabua),Mohania,0.0,0.0,,200,10,1449,,142323.6809133636,349176573.6513165,0.016592332458496093,0.015823197292735555,262,4.145677690696716
10-233-01450,BIHAR,Kaimur (Bhabua),Durgawati,0.0,0.0,,200,10,1450,,108544.41183902678,212580801.4059764,0.013860385131835937,0.013860385131835939,156,2.1622200805664065
10-233-01451,BIHAR,Kaimur (Bhabua),Chand,0.0,0.0,,200,10,1451,,97099.60209928264,257974481.1925409,0.015855549895763398,0.014631434595649306,185,2.7068154001951217
10-233-01452,BIHAR,Kaimur (Bhabua),Chainpur,0.0,0.0,,200,10,1452,,170712.34536647963,555311526.8488017,0.015855549895763398,0.01525864758905397,409,6.240786863923074
10-233-01453,BIHAR,Kaimur (Bhabua),Bhabua,0.0,0.0,,200,10,1453,,143727.89821118704,407618990.38615096,0.016592332458496093,0.013945234196738111,298,4.155679790627957
10-233-01454,BIHAR,Kaimur (Bhabua),Rampur,0.0,0.0,,200,10,1454,,126612.15498309073,210660395.23746365,0.012602859592437744,0.012455139373184798,154,1.918091463470459
10-233-01455,BIHAR,Kaimur (Bhabua),Bhagwanpur,0.0,0.0,,200,10,1455,,134815.05705103654,292151198.96788174,0.015855549895763398,0.014877126235781978,212,3.1539507619857794
10-233-01456,BIHAR,Kaimur (Bhabua),Adhaura,0.0,0.0,,200,10,1456,,271357.2345421078,1135984955.9859164,0.015855549895763398,0.012457053104652028,827,10.301982917547226
10-234-01457,BIHAR,Rohtas,Kochas,0.0,0.0,,215,10,1457,,90248.48407846906,187033418.62218276,0.016592332458496093,0.015266831970214846,131,1.9999549880981449
10-234-01458,BIHAR,Rohtas,Dinara,0.0,0.0,,215,10,1458,,157118.7651045217,464648316.8452498,0.01649785842895508,0.015098840692246067,341,5.1487046760559085
10-234-01459,BIHAR,Rohtas,Dawath,0.0,0.0,,215,10,1459,,78120.6651060775,129910427.66035384,0.01649785842895508,0.01649785842895508,94,1.5507986923217776
10-234-01466,BIHAR,Rohtas,Nokha,0.0,0.0,,215,10,1466,,82152.91978314315,208772248.59610957,0.01466299285888672,0.008495268337791032,148,1.2572997139930726
10-235-01476,BIHAR,Aurangabad,Daudnagar,0.0,0.0,,189,10,1476,,91010.07504965532,238139281.75712803,0.010636455535888673,0.010511520821707589,175,1.839516143798828
10-234-01467,BIHAR,Rohtas,Kargahar,0.0,0.0,,215,10,1467,,128509.87472624176,406135690.59563094,0.016592332458496093,0.010911827949549526,298,3.251724728965759
10-234-01468,BIHAR,Rohtas,Chenari,0.0,0.0,,215,10,1468,,121720.69626398994,292642418.8385522,0.012602859592437744,0.012350593788612823,217,2.6800788521289824
10-234-01469,BIHAR,Rohtas,Nauhatta,0.0,0.0,,215,10,1469,,175494.75594492842,478591449.404211,0.012147881317138672,0.00917487140363742,353,3.238729605484009
10-234-01470,BIHAR,Rohtas,Sheosagar,0.0,0.0,,215,10,1470,,135463.8765525897,406503956.12222886,0.012602859592437744,0.008279859541391921,295,2.442558564710617
10-234-01471,BIHAR,Rohtas,Sasaram,0.0,0.0,,215,10,1471,,135810.11950728856,394273130.8742507,0.009761912536621094,0.007260681626056803,290,2.105597671556473
10-234-01473,BIHAR,Rohtas,Dehri,0.0,0.0,,215,10,1473,,97323.52013589225,199371136.99043605,0.01098416805267334,0.009452725314100583,144,1.361192445230484
10-235-01477,BIHAR,Aurangabad,Haspura,0.0,0.0,,189,10,1477,,88845.10694940752,164519986.5205008,0.02488397762775421,0.01087195176881207,121,1.3155061640262606
10-235-01478,BIHAR,Aurangabad,Goh,0.0,0.0,,189,10,1478,,122286.20877621078,374665187.3660463,0.02488397762775421,0.02094093645841873,271,5.674993780231476
10-236-01491,BIHAR,Gaya,Neem Chak Bathani,0.0,0.0,,196,10,1491,,79540.44278654993,146770773.7769567,0.027081350708007813,0.027081350708007813,102,2.762297772216797
10-235-01479,BIHAR,Aurangabad,Rafiganj,0.0,0.0,,189,10,1479,,167069.30684925965,465687847.79432577,0.02488397762775421,0.014656478326452718,343,5.027172065973282
10-235-01480,BIHAR,Aurangabad,Obra,0.0,0.0,,189,10,1480,,130720.05569071589,327203821.09876627,0.017723137283325197,0.010901161384582518,235,2.561772925376892
10-236-01494,BIHAR,Gaya,Manpur,0.0,0.0,,196,10,1494,,77081.78707553667,161226183.41058797,0.03019031391143799,0.02986793996696799,117,3.494548976135255
10-235-01481,BIHAR,Aurangabad,Aurangabad,0.0,0.0,,189,10,1481,,125502.68609205673,344679798.38062614,0.017723137283325197,0.01620487148827715,253,4.099832486534119
10-237-01511,BIHAR,Nawada,Nardiganj,0.0,0.0,,210,10,1511,,60262.24041371029,129808165.4472442,0.027827390003204347,0.027827390003204343,95,2.6436020503044126
10-235-01482,BIHAR,Aurangabad,Barun,0.0,0.0,,189,10,1482,,117269.30390529483,381782699.30215496,0.01098416805267334,0.010588473820857865,278,2.9435957221984865
10-235-01483,BIHAR,Aurangabad,Nabinagar,0.0,0.0,,189,10,1483,,173491.30877801325,657546828.2218357,0.01098416805267334,0.008472758850745287,483,4.092342524909974
10-235-01484,BIHAR,Aurangabad,Kutumba,0.0,0.0,,189,10,1484,,110495.73757590447,319048251.76106954,0.01098416805267334,0.009886191733200664,233,2.3034826738357546
10-235-01485,BIHAR,Aurangabad,Deo,0.0,0.0,,189,10,1485,,158578.88849021672,336990745.1586724,0.039402193450927735,0.022797584515739888,255,5.813384051513672
10-235-01486,BIHAR,Aurangabad,Madanpur,0.0,0.0,,189,10,1486,,153529.37367368402,418713952.50229967,0.039402193450927735,0.023569642121807427,306,7.212310489273072
10-236-01487,BIHAR,Gaya,Konch,0.0,0.0,,196,10,1487,,154041.56172387034,319288521.7326548,0.02488397762775421,0.021572973071754757,231,4.983356779575349
10-236-01488,BIHAR,Gaya,Tikari,0.0,0.0,,196,10,1488,,122221.36853604284,290576655.12704176,0.03019031391143799,0.02389122590873843,214,5.112722344470024
10-236-01489,BIHAR,Gaya,Belaganj,0.0,0.0,,196,10,1489,,113473.13279109563,240372540.95814112,0.022646763610839844,0.02264676361083984,176,3.9858303955078123
10-236-01490,BIHAR,Gaya,Khizirsarai,0.0,0.0,,196,10,1490,,103698.13096672995,223124430.97950032,0.03019031391143799,0.024949059739940896,167,4.1664929765701295
10-236-01492,BIHAR,Gaya,Muhra,0.0,0.0,,196,10,1492,,93681.45756176667,181269438.2139707,0.03424259576797486,0.028268212423751608,134,3.7879404647827153
10-236-01493,BIHAR,Gaya,Atri,0.0,0.0,,196,10,1493,,103075.15367958385,161340647.62451813,0.03424259576797486,0.028230549328327182,120,3.3876659193992618
10-236-01495,BIHAR,Gaya,Gaya Town C.D.Block,0.0,0.0,,196,10,1495,,91678.58033080616,224144813.6021213,0.03019031391143799,0.02897069799457482,167,4.8381065650939945
10-236-01496,BIHAR,Gaya,Paraiya,0.0,0.0,,196,10,1496,,75593.31264449215,167300846.5298876,0.03019031391143799,0.02094569218178106,123,2.5763201383590704
10-236-01497,BIHAR,Gaya,Guraru,0.0,0.0,,196,10,1497,,81292.54933661391,199646285.7542363,0.013468424606323243,0.013468424606323246,149,2.0067952663421638
10-237-01512,BIHAR,Nawada,Nawada,0.0,0.0,,210,10,1512,,86822.75137888109,219317998.1072041,0.04253634219169617,0.028851430978352504,158,4.558526094579696
10-236-01498,BIHAR,Gaya,Gurua,0.0,0.0,,196,10,1498,,117859.62964526065,238015237.1519128,0.03019031391143799,0.015848579326717335,174,2.7576528028488165
10-236-01499,BIHAR,Gaya,Amas,0.0,0.0,,196,10,1499,,100546.69423332924,128484051.44985774,0.039402193450927735,0.026614795248287238,97,2.581635139083862
10-237-01517,BIHAR,Nawada,Roh,0.0,0.0,,210,10,1517,,77804.52626079548,192537548.9783989,0.0645468994140625,0.05262180973366423,143,7.5249187919139855
10-236-01500,BIHAR,Gaya,Banke Bazar,0.0,0.0,,196,10,1500,,85166.97220092022,256240042.68049288,0.039402193450927735,0.031043811283940858,184,5.712061276245118
10-236-01501,BIHAR,Gaya,Imamganj,0.0,0.0,,196,10,1501,,136271.57775821586,316917295.57645696,0.039402193450927735,0.03682102028105905,233,8.579297725486757
10-236-01502,BIHAR,Gaya,Dumaria,0.0,0.0,,196,10,1502,,119690.94596035974,390676703.928496,0.039402193450927735,0.03285106672972021,284,9.32970295124054
10-236-01503,BIHAR,Gaya,Sherghati,0.0,0.0,,196,10,1503,,100322.2973073121,167902109.12194017,0.04294099235534668,0.02723157176189736,122,3.322251754951478
10-238-01531,BIHAR,Jamui,Gidhaur,0.0,0.0,,198,10,1531,,55211.5633940527,100392309.18230554,0.06413578357696534,0.06078869836783108,79,4.802307171058655
10-236-01504,BIHAR,Gaya,Dobhi,0.0,0.0,,196,10,1504,,103572.88994215836,218837778.49499393,0.04294099235534668,0.04008771937496691,166,6.6545614162445075
10-236-01505,BIHAR,Gaya,Bodh Gaya,0.0,0.0,,196,10,1505,,120948.91182130505,306843965.9119923,0.04294099235534668,0.031065619417599277,224,6.958698749542238
10-236-01506,BIHAR,Gaya,Tan Kuppa,0.0,0.0,,196,10,1506,,108147.94853451202,190099968.23000297,0.05447592468261719,0.033667540095670384,137,4.612452993106842
10-240-01542,BIHAR,Arwal,Arwal,0.0,0.0,,611,10,1542,,73924.8054791393,147787869.27798152,0.022113479232788086,0.01799689235965025,103,1.8536799130439758
10-236-01507,BIHAR,Gaya,Wazirganj,0.0,0.0,,196,10,1507,,105472.06999302967,323030583.61833626,0.03424259576797486,0.033899182051319185,236,8.000206964111328
10-236-01508,BIHAR,Gaya,Fatehpur,0.0,0.0,,196,10,1508,,155359.44599717355,408449805.62920874,0.05447592468261719,0.04645192727368287,297,13.796222400283813
10-240-01543,BIHAR,Arwal,Kaler,0.0,0.0,,611,10,1543,,67777.19153730445,176075758.749563,0.010636455535888673,0.007119339311759891,131,0.9326334498405457
10-236-01509,BIHAR,Gaya,Mohanpur,0.0,0.0,,196,10,1509,,119906.24818546322,418796109.2883684,0.05447592468261719,0.04565306861803129,308,14.061145134353637
10-240-01544,BIHAR,Arwal,Karpi,0.0,0.0,,611,10,1544,,158139.92638461498,234985661.7206014,0.02488397762775421,0.020933017343421314,172,3.600478983068466
10-236-01510,BIHAR,Gaya,Barachatti,0.0,0.0,,196,10,1510,,138753.78132836288,366328956.31361085,0.05447592468261719,0.04397784020498897,267,11.742083334732055
10-237-01513,BIHAR,Nawada,Warisaliganj,0.0,0.0,,210,10,1513,,109792.76918459819,202861050.3008767,0.0645468994140625,0.05119435053738681,154,7.883929982757568
10-237-01514,BIHAR,Nawada,Kashi Chak,0.0,0.0,,210,10,1514,,73948.94452619922,98983451.20841853,0.0645468994140625,0.0645468994140625,72,4.647376757812499
10-237-01515,BIHAR,Nawada,Pakribarawan,0.0,0.0,,210,10,1515,,104545.76938151139,251834567.85717744,0.0645468994140625,0.0645468994140625,181,11.682988793945313
10-237-01516,BIHAR,Nawada,Kawakol,0.0,0.0,,210,10,1516,,121170.20018263235,362955647.76482904,0.13413110961914063,0.06587878107468885,266,17.523755765867236
10-237-01518,BIHAR,Nawada,Gobindpur,0.0,0.0,,210,10,1518,,73133.35659787485,188189390.13263756,0.050866549491882324,0.04869345193531202,138,6.719696367073059
10-237-01519,BIHAR,Nawada,Akbarpur,0.0,0.0,,210,10,1519,,91268.2921062847,249541236.96202633,0.04253634219169617,0.04253634219169617,183,7.784150621080399
10-237-01520,BIHAR,Nawada,Hisua,0.0,0.0,,210,10,1520,,85113.4923130193,144090762.99664384,0.04253634219169617,0.036613884111170496,106,3.881071715784073
10-237-01521,BIHAR,Nawada,Narhat,0.0,0.0,,210,10,1521,,62856.50481924386,99624005.77002536,0.04253634219169617,0.04253634219169617,69,2.935007611227036
10-237-01522,BIHAR,Nawada,Meskaur,0.0,0.0,,210,10,1522,,75185.00287586387,145604023.18435815,0.04253634219169617,0.036601367686647894,109,3.9895490778446203
10-237-01523,BIHAR,Nawada,Sirdala,0.0,0.0,,210,10,1523,,111278.51695598938,301894539.186342,0.05447592468261719,0.04325011569023132,225,9.731276030302048
10-237-01524,BIHAR,Nawada,Rajauli,0.0,0.0,,210,10,1524,,132370.86211000624,450216393.36794454,0.050866549491882324,0.04498196410124396,331,14.88903011751175
10-238-01525,BIHAR,Jamui,Islamnagar Aliganj,0.0,0.0,,198,10,1525,,96153.77396855215,213408239.47295904,0.13413110961914063,0.12015639911706633,156,18.744398262262347
10-238-01526,BIHAR,Jamui,Sikandra,0.0,0.0,,198,10,1526,,86788.2538333537,223096734.30010977,0.13413110961914063,0.12834540108323098,160,20.535264173316957
10-238-01527,BIHAR,Jamui,Jamui,0.0,0.0,,198,10,1527,,90084.78430112793,212157753.6648698,0.13413110961914063,0.0597355050981415,161,9.617416320800782
10-238-01528,BIHAR,Jamui,Barhat,0.0,0.0,,198,10,1528,,114104.37581341481,270298087.1382075,0.13248114452362061,0.06636076895648783,198,13.13943225338459
10-238-01529,BIHAR,Jamui,Lakshmipur,0.0,0.0,,198,10,1529,,112147.89260238525,307635253.00857943,0.13248114452362061,0.11298032473658655,222,25.081632091522213
10-238-01530,BIHAR,Jamui,Jhajha,0.0,0.0,,198,10,1530,,147664.43327942316,507112726.974952,0.13248114452362061,0.09406135183136322,366,34.42645477027894
10-238-01532,BIHAR,Jamui,Khaira,0.0,0.0,,198,10,1532,,142747.05687020053,513762691.7981683,0.13413110961914063,0.06759519096553171,379,25.618577375936518
10-238-01533,BIHAR,Jamui,Sono,0.0,0.0,,198,10,1533,,117724.39892386932,474283005.7300444,0.0969640396118164,0.06826313284835377,346,23.619043965530402
10-238-01534,BIHAR,Jamui,Chakai,0.0,0.0,,198,10,1534,,243956.2217086091,956725034.6798706,0.0969640396118164,0.055089096843638316,705,38.83781327476501
10-239-01535,BIHAR,Jehanabad,Ratni Faridpur,0.0,0.0,,199,10,1535,,82762.53932271499,155018952.20303965,0.02488397762775421,0.022160533943985188,112,2.4819798017263413
10-239-01536,BIHAR,Jehanabad,Jehanabad,0.0,0.0,,199,10,1536,,97254.09844747804,201426556.69272655,0.02142171630859375,0.02142171630859375,147,3.1489922973632813
10-239-01537,BIHAR,Jehanabad,Kako,0.0,0.0,,199,10,1537,,83599.3529020472,162373941.78194478,0.02142171630859375,0.021421716308593748,118,2.5277625244140625
10-239-01538,BIHAR,Jehanabad,Modanganj,0.0,0.0,,199,10,1538,,66522.90037500951,97205276.85869928,0.023309303283691407,0.022740441455579786,73,1.6600522262573243
10-239-01539,BIHAR,Jehanabad,Ghoshi,0.0,0.0,,199,10,1539,,82931.95174196921,112225161.55433495,0.023309303283691407,0.022185328128014086,81,1.797011578369141
10-239-01540,BIHAR,Jehanabad,Makhdumpur,0.0,0.0,,199,10,1540,,128831.72570768485,301471679.33572614,0.022646763610839844,0.02251751550096984,218,4.908818379211425
10-239-01541,BIHAR,Jehanabad,Hulasganj,0.0,0.0,,199,10,1541,,87179.53907708311,119677697.18988888,0.027081350708007813,0.024729571793296115,88,2.1762023178100582
10-240-01545,BIHAR,Arwal,Sonbhadra Banshi Suryapur,0.0,0.0,,611,10,1545,,62692.97791397586,116643000.97724338,0.02488397762775421,0.02416690745493945,85,2.054187133669853
10-240-01546,BIHAR,Arwal,Kurtha,0.0,0.0,,611,10,1546,,71585.17106640573,106433073.5354984,0.02488397762775421,0.02358640243011185,79,1.863325791978836
10-224-01334,BIHAR,Bhagalpur,Gopalpur,0.0,0.0,,192,10,1334,,95407.9186210158,208941966.91883087,0.11351009531021118,0.1112842755974113,154,17.13777844200134
10-210-01127,BIHAR,Kishanganj,Kishanganj,0.0,0.0,,203,10,1127,,125268.33771117091,207105687.55921903,0.148665620470047,0.12888645460446677,150,19.332968190670016
