{
  "tenderid": 0,
  "tenderrefno": null,
  "publisheDateFrom": null,
  "publishDateTo": null,
  "closeDateFrom": null,
  "closeDateTo": null,
  "valueCriteriaFrom": null,
  "valueCriteriaTo": null,
  "bidPartList": null,
  "procurementCategoryList": null,
  "stateList": null,
  "tenderTypeList": null,
  "tenderCategoryList": null,
  "corrigendumFlag": null,
  "orgId": 0,
  "deptId": 0,
  "valueCriteriaId": 0,
  "dateCriteriaId": 0,
  "valueTypeId": 0,
  "dateCriteriaFrom": null,
  "dateCriteriaTo": null,
  "itemTitle": null,
  "isRollBack": "N",
  "currenttenderid": 51513,
  "currentOrgTenderId": 51367,
  "currenttenderrefno": "NIT- 09/2023/SL-90",
  "currentgroupid": 0,
  "currentorgid": 538,
  "currentdeptid": 800,
  "currenttendertypeid": 101,
  "currenttendercatid": 101,
  "currentproccatid": 1557,
  "currentpacamt": null,
  "currentstatus": 7,
  "currentauctionflag": null,
  "currentauctiontype": null,
  "currentinitiateauction": null,
  "currentdescription": "WARD NO.28 ME KAPIL GOP KE MAKAN SE MANIK CHAND KE MAKAN HOTE ABHINASH KE MAKAN TAK AWAM SALENDRA JE KE MAKAN SE RAM KUMAR KE MAKAN TAK AWAM ABHINASH JE KE MAKAN KE PURAB KON SE DEVI STHAN BOUNDARY TAK AWAM LINK GALIYO ME NALI AWAM PATH KA NIRMAN.",
  "currentownerdegitalcertid": null,
  "currenttendercurrency": null,
  "currentbidcurrency": null,
  "currentminbidno": 0,
  "currenttendercallno": 0,
  "currentqueryString": null,
  "currentindentNo": null,
  "currentBidPartNo": 1,
  "currentbidEndDate": 1705570200000,
  "currentbidStartDate": 1704519000000,
  "currentbidOpenDate": 1705658428000,
  "currentDocSubmissionEndDate": 1705656600000,
  "currentTenderPublishDate": 1704101349000,
  "currentTenderCancelDate": null,
  "currentTenderCancelReason": null,
  "currentTenderCancelAttachment": null,
  "currentTenderCancelAttachmentPath": null,
  "startDate": null,
  "endDate": null,
  "dateParam": 0,
  "procatId": 0,
  "typeId": 0,
  "textFilter": null
}