{
  "tenderid": 0,
  "tenderrefno": null,
  "publisheDateFrom": null,
  "publishDateTo": null,
  "closeDateFrom": null,
  "closeDateTo": null,
  "valueCriteriaFrom": null,
  "valueCriteriaTo": null,
  "bidPartList": null,
  "procurementCategoryList": null,
  "stateList": null,
  "tenderTypeList": null,
  "tenderCategoryList": null,
  "corrigendumFlag": null,
  "orgId": 0,
  "deptId": 0,
  "valueCriteriaId": 0,
  "dateCriteriaId": 0,
  "valueTypeId": 0,
  "dateCriteriaFrom": null,
  "dateCriteriaTo": null,
  "itemTitle": null,
  "isRollBack": "N",
  "currenttenderid": 51537,
  "currentOrgTenderId": 51391,
  "currenttenderrefno": "NIT NO-05/PHED NAWADA/2023-24(MBNQ)GR-02",
  "currentgroupid": 0,
  "currentorgid": 538,
  "currentdeptid": 790,
  "currenttendertypeid": 101,
  "currenttendercatid": 102,
  "currentproccatid": 1557,
  "currentpacamt": null,
  "currentstatus": 4,
  "currentauctionflag": null,
  "currentauctiontype": null,
  "currentinitiateauction": null,
  "currentdescription": "Name of The Work:  Design, Construction, Supply, Testing, commissioning of Water Supply Schemes with Electric Driven Pumps for Non-Quality Wards of NAWADA District of Bihar on turn-key basis with 6 months Trial Run after Commissioning and Comprehensive Operation and Maintenance of 60 months after successful completion of Trial Run Period under Mukhyamantri Nishchay Non-Quality Affected Yojna Under P.H. Division, NAWADA BLOCK- Govindpur, Under P.H Sub-Division-Akbarpur...",
  "currentownerdegitalcertid": null,
  "currenttendercurrency": null,
  "currentbidcurrency": null,
  "currentminbidno": 0,
  "currenttendercallno": 0,
  "currentqueryString": null,
  "currentindentNo": null,
  "currentBidPartNo": 2,
  "currentbidEndDate": 1705491000000,
  "currentbidStartDate": 1704169818000,
  "currentbidOpenDate": 1705573818000,
  "currentDocSubmissionEndDate": 1705570218000,
  "currentTenderPublishDate": 1704107047000,
  "currentTenderCancelDate": null,
  "currentTenderCancelReason": null,
  "currentTenderCancelAttachment": null,
  "currentTenderCancelAttachmentPath": null,
  "startDate": null,
  "endDate": null,
  "dateParam": 0,
  "procatId": 0,
  "typeId": 0,
  "textFilter": null
}