{
  "tenderid": 0,
  "tenderrefno": null,
  "publisheDateFrom": null,
  "publishDateTo": null,
  "closeDateFrom": null,
  "closeDateTo": null,
  "valueCriteriaFrom": null,
  "valueCriteriaTo": null,
  "bidPartList": null,
  "procurementCategoryList": null,
  "stateList": null,
  "tenderTypeList": null,
  "tenderCategoryList": null,
  "corrigendumFlag": null,
  "orgId": 0,
  "deptId": 0,
  "valueCriteriaId": 0,
  "dateCriteriaId": 0,
  "valueTypeId": 0,
  "dateCriteriaFrom": null,
  "dateCriteriaTo": null,
  "itemTitle": null,
  "isRollBack": "N",
  "currenttenderid": 51600,
  "currentOrgTenderId": 51454,
  "currenttenderrefno": "NIT- 09/2023/SL-129",
  "currentgroupid": 0,
  "currentorgid": 538,
  "currentdeptid": 800,
  "currenttendertypeid": 101,
  "currenttendercatid": 101,
  "currentproccatid": 1557,
  "currentpacamt": null,
  "currentstatus": 7,
  "currentauctionflag": null,
  "currentauctiontype": null,
  "currentinitiateauction": null,
  "currentdescription": "ward no-45 me Aftab dala ke ghar se hote huye Bablu mallik se Kakku rayeen ke ghar tak avam Aslam ke ghar sager ke ghar kamal ke ghar ke pas chhote ke ghar se main road tak avam pappu ke ghar ke pas ki gali avam any galiyon me path avam nali nirman.",
  "currentownerdegitalcertid": null,
  "currenttendercurrency": null,
  "currentbidcurrency": null,
  "currentminbidno": 0,
  "currenttendercallno": 0,
  "currentqueryString": null,
  "currentindentNo": null,
  "currentBidPartNo": 1,
  "currentbidEndDate": 1705570200000,
  "currentbidStartDate": 1704519000000,
  "currentbidOpenDate": 1705658428000,
  "currentDocSubmissionEndDate": 1705656600000,
  "currentTenderPublishDate": 1704114337000,
  "currentTenderCancelDate": null,
  "currentTenderCancelReason": null,
  "currentTenderCancelAttachment": null,
  "currentTenderCancelAttachmentPath": null,
  "startDate": null,
  "endDate": null,
  "dateParam": 0,
  "procatId": 0,
  "typeId": 0,
  "textFilter": null
}