{
  "tenderid": 0,
  "tenderrefno": null,
  "publisheDateFrom": null,
  "publishDateTo": null,
  "closeDateFrom": null,
  "closeDateTo": null,
  "valueCriteriaFrom": null,
  "valueCriteriaTo": null,
  "bidPartList": null,
  "procurementCategoryList": null,
  "stateList": null,
  "tenderTypeList": null,
  "tenderCategoryList": null,
  "corrigendumFlag": null,
  "orgId": 0,
  "deptId": 0,
  "valueCriteriaId": 0,
  "dateCriteriaId": 0,
  "valueTypeId": 0,
  "dateCriteriaFrom": null,
  "dateCriteriaTo": null,
  "itemTitle": null,
  "isRollBack": "N",
  "currenttenderid": 51730,
  "currentOrgTenderId": 51584,
  "currenttenderrefno": "NIT NO-26 (2023-24) SBNQ/GR NO-26, AURANGABAD",
  "currentgroupid": 0,
  "currentorgid": 538,
  "currentdeptid": 790,
  "currenttendertypeid": 101,
  "currenttendercatid": 102,
  "currentproccatid": 1557,
  "currentpacamt": null,
  "currentstatus": 7,
  "currentauctionflag": null,
  "currentauctiontype": null,
  "currentinitiateauction": null,
  "currentdescription": "GR NO-26  DESIGN, CONSTRUCTION, SUPPLYING,TESTING, COMMISSIONING OF MINI RURAL PIPED WATER SUPPLY SCHEME WITH ELECTRIC DRIVEN PUMPS WITH FLUORIDE TREATMENT PLANT ON TURNKEY BASIS AFTER COMPLETION AND SUCCESSFUL,COMMISSIONING WITH SIX MONTHS TRIAL RUN AND THERE AFTER SIXTY MONTHS COMPREHENSIVE OPERATION AND MAINTAINANCE FOR NON QUALITY  TOLA/ HABITATION OF BLOCK -GOH, PANCHAYAT - GOH (W.NO.-01, 02, 05 & 12), PANCHAYAT - HATHIYARA (W.NO.-05, 06 & 13)  AND PANCHYAT-BAZAR BERMA, (W.NO.-05)  UNDER P.H.DIVISION AURANGABAD.",
  "currentownerdegitalcertid": null,
  "currenttendercurrency": null,
  "currentbidcurrency": null,
  "currentminbidno": 0,
  "currenttendercallno": 0,
  "currentqueryString": null,
  "currentindentNo": null,
  "currentBidPartNo": 2,
  "currentbidEndDate": 1706182200000,
  "currentbidStartDate": 1704169800000,
  "currentbidOpenDate": 1706351400000,
  "currentDocSubmissionEndDate": 1706347800000,
  "currentTenderPublishDate": 1704167782000,
  "currentTenderCancelDate": null,
  "currentTenderCancelReason": null,
  "currentTenderCancelAttachment": null,
  "currentTenderCancelAttachmentPath": null,
  "startDate": null,
  "endDate": null,
  "dateParam": 0,
  "procatId": 0,
  "typeId": 0,
  "textFilter": null
}