{
  "tenderid": 0,
  "tenderrefno": null,
  "publisheDateFrom": null,
  "publishDateTo": null,
  "closeDateFrom": null,
  "closeDateTo": null,
  "valueCriteriaFrom": null,
  "valueCriteriaTo": null,
  "bidPartList": null,
  "procurementCategoryList": null,
  "stateList": null,
  "tenderTypeList": null,
  "tenderCategoryList": null,
  "corrigendumFlag": null,
  "orgId": 0,
  "deptId": 0,
  "valueCriteriaId": 0,
  "dateCriteriaId": 0,
  "valueTypeId": 0,
  "dateCriteriaFrom": null,
  "dateCriteriaTo": null,
  "itemTitle": null,
  "isRollBack": "N",
  "currenttenderid": 51763,
  "currentOrgTenderId": 51617,
  "currenttenderrefno": "NIT NO. 09/PR/TRZ/MUZ/BSPTCL/2023",
  "currentgroupid": 0,
  "currentorgid": 538,
  "currentdeptid": 795,
  "currenttendertypeid": 101,
  "currenttendercatid": 101,
  "currentproccatid": 1522,
  "currentpacamt": null,
  "currentstatus": 7,
  "currentauctionflag": null,
  "currentauctiontype": null,
  "currentinitiateauction": null,
  "currentdescription": "Annual maintenance of 140 nos. of AC at different GSSs (09) under TC Motihari & 121 Nos. of AC at different GSSs (09) under TC Saran.",
  "currentownerdegitalcertid": null,
  "currenttendercurrency": null,
  "currentbidcurrency": null,
  "currentminbidno": 0,
  "currenttendercallno": 0,
  "currentqueryString": null,
  "currentindentNo": null,
  "currentBidPartNo": 2,
  "currentbidEndDate": 1706513400000,
  "currentbidStartDate": 1704429000000,
  "currentbidOpenDate": 1706524200000,
  "currentDocSubmissionEndDate": null,
  "currentTenderPublishDate": 1704174253000,
  "currentTenderCancelDate": null,
  "currentTenderCancelReason": null,
  "currentTenderCancelAttachment": null,
  "currentTenderCancelAttachmentPath": null,
  "startDate": null,
  "endDate": null,
  "dateParam": 0,
  "procatId": 0,
  "typeId": 0,
  "textFilter": null
}