{
  "tenderid": 0,
  "tenderrefno": null,
  "publisheDateFrom": null,
  "publishDateTo": null,
  "closeDateFrom": null,
  "closeDateTo": null,
  "valueCriteriaFrom": null,
  "valueCriteriaTo": null,
  "bidPartList": null,
  "procurementCategoryList": null,
  "stateList": null,
  "tenderTypeList": null,
  "tenderCategoryList": null,
  "corrigendumFlag": null,
  "orgId": 0,
  "deptId": 0,
  "valueCriteriaId": 0,
  "dateCriteriaId": 0,
  "valueTypeId": 0,
  "dateCriteriaFrom": null,
  "dateCriteriaTo": null,
  "itemTitle": null,
  "isRollBack": "N",
  "currenttenderid": 51766,
  "currentOrgTenderId": 51620,
  "currenttenderrefno": "NIT NO-23 (2023-24) MBF/GR NO-02, AURANGABAD",
  "currentgroupid": 0,
  "currentorgid": 538,
  "currentdeptid": 790,
  "currenttendertypeid": 101,
  "currenttendercatid": 102,
  "currentproccatid": 1557,
  "currentpacamt": null,
  "currentstatus": 7,
  "currentauctionflag": null,
  "currentauctiontype": null,
  "currentinitiateauction": null,
  "currentdescription": "GR NO-02 DESIGN ,CONSTRUCTION,SUPPLYING,TESTING,COMMISSIONING OF MINI RURAL PIPED WATER SUPPLY SCHEME WITH ELECTRIC DRIVEN PUMPS WITH FLUORIDE TREATMENT PLANT ON TURNKEY BASIS AFTER COMPLETION AND SUCCESSFUL,COMMISSIONING WITH SIX MONTHS TRIAL RUN AND THERE AFTER SIXTY MONTHS COMPREHENSIVE OPERATION AND MAINTAINANCE FOR QUALITY  TOLA/ HABITATION OF BLOCK- MADANPUR, PANCHAYAT-GHATRAIN  (WARD NO-3), PANCHAYAT-MADANPUR (WARD NO-7 & 2) AND PANCHAYAT-NORTH UMGA (WARD NO-8)",
  "currentownerdegitalcertid": null,
  "currenttendercurrency": null,
  "currentbidcurrency": null,
  "currentminbidno": 0,
  "currenttendercallno": 0,
  "currentqueryString": null,
  "currentindentNo": null,
  "currentBidPartNo": 2,
  "currentbidEndDate": 1705491000000,
  "currentbidStartDate": 1704172500000,
  "currentbidOpenDate": 1705573800000,
  "currentDocSubmissionEndDate": 1705570200000,
  "currentTenderPublishDate": 1704172379000,
  "currentTenderCancelDate": null,
  "currentTenderCancelReason": null,
  "currentTenderCancelAttachment": null,
  "currentTenderCancelAttachmentPath": null,
  "startDate": null,
  "endDate": null,
  "dateParam": 0,
  "procatId": 0,
  "typeId": 0,
  "textFilter": null
}