{
  "tenderid": 0,
  "tenderrefno": null,
  "publisheDateFrom": null,
  "publishDateTo": null,
  "closeDateFrom": null,
  "closeDateTo": null,
  "valueCriteriaFrom": null,
  "valueCriteriaTo": null,
  "bidPartList": null,
  "procurementCategoryList": null,
  "stateList": null,
  "tenderTypeList": null,
  "tenderCategoryList": null,
  "corrigendumFlag": null,
  "orgId": 0,
  "deptId": 0,
  "valueCriteriaId": 0,
  "dateCriteriaId": 0,
  "valueTypeId": 0,
  "dateCriteriaFrom": null,
  "dateCriteriaTo": null,
  "itemTitle": null,
  "isRollBack": "N",
  "currenttenderid": 51820,
  "currentOrgTenderId": 51674,
  "currenttenderrefno": "TENDER NIT No –01/2023-24/(MBNQ)/GAYA GRP-1",
  "currentgroupid": 0,
  "currentorgid": 538,
  "currentdeptid": 790,
  "currenttendertypeid": 101,
  "currenttendercatid": 102,
  "currentproccatid": 1557,
  "currentpacamt": null,
  "currentstatus": 7,
  "currentauctionflag": null,
  "currentauctiontype": null,
  "currentinitiateauction": null,
  "currentdescription": "Design, Construction, Supply, Testing and Commissioning of Piped Water Supply Schemes for habitations left out under “Har Ghar nal Ka Jal” nischay yojna with Electric Driven Pumps in the District of GAYA, Bihar on turn-key basis with 6 months Trial Run Period and Comprehensive Operation and Maintenance of 60 months after trail run period under Mukhyamantri Grameen Peyjal Nishchay Yojna (Non Quality Affected) under P.H.Division GAYA, GAYA  for year 2023-24.( Block :- nagar, Panchayat :- kandi, Ward No :-2 (agraili kala), ward 3(habibpur) ward 13 (kandi), panchayat:-chakand ward:-2 (hasanpur mahadalit tola) ward 10 (chakand) panchayat:- keshrudharampur, ward 9 (dharampur), ward 12(keshrudharampur)",
  "currentownerdegitalcertid": null,
  "currenttendercurrency": null,
  "currentbidcurrency": null,
  "currentminbidno": 0,
  "currenttendercallno": 0,
  "currentqueryString": null,
  "currentindentNo": null,
  "currentBidPartNo": 2,
  "currentbidEndDate": 1705491000000,
  "currentbidStartDate": 1704193200000,
  "currentbidOpenDate": 1705573800000,
  "currentDocSubmissionEndDate": 1705570200000,
  "currentTenderPublishDate": 1704192156000,
  "currentTenderCancelDate": null,
  "currentTenderCancelReason": null,
  "currentTenderCancelAttachment": null,
  "currentTenderCancelAttachmentPath": null,
  "startDate": null,
  "endDate": null,
  "dateParam": 0,
  "procatId": 0,
  "typeId": 0,
  "textFilter": null
}