{
  "tenderid": 0,
  "tenderrefno": null,
  "publisheDateFrom": null,
  "publishDateTo": null,
  "closeDateFrom": null,
  "closeDateTo": null,
  "valueCriteriaFrom": null,
  "valueCriteriaTo": null,
  "bidPartList": null,
  "procurementCategoryList": null,
  "stateList": null,
  "tenderTypeList": null,
  "tenderCategoryList": null,
  "corrigendumFlag": null,
  "orgId": 0,
  "deptId": 0,
  "valueCriteriaId": 0,
  "dateCriteriaId": 0,
  "valueTypeId": 0,
  "dateCriteriaFrom": null,
  "dateCriteriaTo": null,
  "itemTitle": null,
  "isRollBack": "N",
  "currenttenderid": 51839,
  "currentOrgTenderId": 51693,
  "currenttenderrefno": "Comfed:Mktg:4130, date:30.12.2023",
  "currentgroupid": 0,
  "currentorgid": 538,
  "currentdeptid": 1616,
  "currenttendertypeid": 101,
  "currenttendercatid": 102,
  "currentproccatid": 1554,
  "currentpacamt": null,
  "currentstatus": 7,
  "currentauctionflag": null,
  "currentauctiontype": null,
  "currentinitiateauction": null,
  "currentdescription": "Request for Proposal (RFP) for Annual Rate Contract for supply of Deep Freezer to Bihar State Milk Co-operative Federation Ltd.(COMFED).",
  "currentownerdegitalcertid": null,
  "currenttendercurrency": null,
  "currentbidcurrency": null,
  "currentminbidno": 0,
  "currenttendercallno": 0,
  "currentqueryString": null,
  "currentindentNo": null,
  "currentBidPartNo": 2,
  "currentbidEndDate": 1706873400000,
  "currentbidStartDate": 1704278700000,
  "currentbidOpenDate": 1706954400000,
  "currentDocSubmissionEndDate": 1706952600000,
  "currentTenderPublishDate": 1704277986000,
  "currentTenderCancelDate": null,
  "currentTenderCancelReason": null,
  "currentTenderCancelAttachment": null,
  "currentTenderCancelAttachmentPath": null,
  "startDate": null,
  "endDate": null,
  "dateParam": 0,
  "procatId": 0,
  "typeId": 0,
  "textFilter": null
}