{
  "tenderid": 0,
  "tenderrefno": null,
  "publisheDateFrom": null,
  "publishDateTo": null,
  "closeDateFrom": null,
  "closeDateTo": null,
  "valueCriteriaFrom": null,
  "valueCriteriaTo": null,
  "bidPartList": null,
  "procurementCategoryList": null,
  "stateList": null,
  "tenderTypeList": null,
  "tenderCategoryList": null,
  "corrigendumFlag": null,
  "orgId": 0,
  "deptId": 0,
  "valueCriteriaId": 0,
  "dateCriteriaId": 0,
  "valueTypeId": 0,
  "dateCriteriaFrom": null,
  "dateCriteriaTo": null,
  "itemTitle": null,
  "isRollBack": "N",
  "currenttenderid": 51857,
  "currentOrgTenderId": 51711,
  "currenttenderrefno": "NIT-09/2023-24 Dhaka GROUP--01",
  "currentgroupid": 0,
  "currentorgid": 538,
  "currentdeptid": 790,
  "currenttendertypeid": 101,
  "currenttendercatid": 102,
  "currentproccatid": 1557,
  "currentpacamt": null,
  "currentstatus": 7,
  "currentauctionflag": null,
  "currentauctiontype": null,
  "currentinitiateauction": null,
  "currentdescription": "Design, Construction, Supply, Testing and Commissioning of Piped Water Supply Schemes for habitationsleft out under ''Har Ghar Nal Ka Jal'' nischay yojna in areas having no ground water quality issues; with Electric driven Pumps in the Districts of East Champaran, Bihar on turn-key basis with 6 months Trial Run Period and Comprehensive Operation and Maintenance of 60 months under Mukhya Mantri Grameen Payjal Nishchay Yojna (Non Quality Affected). Under P. H. Dvision, Dhaka. Block- Chiraiya, Dhaka,  Panchayat- Rampur South, Khartari East, Mishrauliya, Fulwariya, Wartd Nos- 2B, 11B, 11C, 9B & 10A",
  "currentownerdegitalcertid": null,
  "currenttendercurrency": null,
  "currentbidcurrency": null,
  "currentminbidno": 0,
  "currenttendercallno": 0,
  "currentqueryString": null,
  "currentindentNo": null,
  "currentBidPartNo": 2,
  "currentbidEndDate": 1705483839000,
  "currentbidStartDate": 1704190539000,
  "currentbidOpenDate": 1705573839000,
  "currentDocSubmissionEndDate": 1705570239000,
  "currentTenderPublishDate": 1704190426000,
  "currentTenderCancelDate": null,
  "currentTenderCancelReason": null,
  "currentTenderCancelAttachment": null,
  "currentTenderCancelAttachmentPath": null,
  "startDate": null,
  "endDate": null,
  "dateParam": 0,
  "procatId": 0,
  "typeId": 0,
  "textFilter": null
}