{
  "tenderid": 0,
  "tenderrefno": null,
  "publisheDateFrom": null,
  "publishDateTo": null,
  "closeDateFrom": null,
  "closeDateTo": null,
  "valueCriteriaFrom": null,
  "valueCriteriaTo": null,
  "bidPartList": null,
  "procurementCategoryList": null,
  "stateList": null,
  "tenderTypeList": null,
  "tenderCategoryList": null,
  "corrigendumFlag": null,
  "orgId": 0,
  "deptId": 0,
  "valueCriteriaId": 0,
  "dateCriteriaId": 0,
  "valueTypeId": 0,
  "dateCriteriaFrom": null,
  "dateCriteriaTo": null,
  "itemTitle": null,
  "isRollBack": "N",
  "currenttenderid": 51869,
  "currentOrgTenderId": 51723,
  "currenttenderrefno": "MMNPY-01/PHED/KHG-2023-24 /(SBA/SBFe)/GR-12",
  "currentgroupid": 0,
  "currentorgid": 538,
  "currentdeptid": 790,
  "currenttendertypeid": 101,
  "currenttendercatid": 102,
  "currentproccatid": 1557,
  "currentpacamt": null,
  "currentstatus": 6,
  "currentauctionflag": null,
  "currentauctiontype": null,
  "currentinitiateauction": null,
  "currentdescription": "Design, construction, supply, Testing, Commissioning of water supply schemes with electric driven moter pumps and Iron removel treatment plant having technology (Adsorption/Ion exchange/membrane/Nano Technology etc.) of  CSIR  or certified by CSIR or any other technology endorsed/approved by GoI in the Iron Affected left out Habitations/ Wards of block- Alauli District of Khagaria on turn-key basis with 06 month trail run after commissioning and comprehensive Operation and Maintenance of 60 Months after Successful completion of Trail Run Period Under Mukhyamantri Grameen Peyjal Nishchay Yojna  (Quality Affected) on Turn-key basis under P.H. Division, Khagaria.",
  "currentownerdegitalcertid": null,
  "currenttendercurrency": null,
  "currentbidcurrency": null,
  "currentminbidno": 0,
  "currenttendercallno": 0,
  "currentqueryString": null,
  "currentindentNo": null,
  "currentBidPartNo": 2,
  "currentbidEndDate": 1706182200000,
  "currentbidStartDate": 1704205800000,
  "currentbidOpenDate": 1706351400000,
  "currentDocSubmissionEndDate": 1706347800000,
  "currentTenderPublishDate": 1704196531000,
  "currentTenderCancelDate": null,
  "currentTenderCancelReason": null,
  "currentTenderCancelAttachment": null,
  "currentTenderCancelAttachmentPath": null,
  "startDate": null,
  "endDate": null,
  "dateParam": 0,
  "procatId": 0,
  "typeId": 0,
  "textFilter": null
}