{
  "tenderid": 0,
  "tenderrefno": null,
  "publisheDateFrom": null,
  "publishDateTo": null,
  "closeDateFrom": null,
  "closeDateTo": null,
  "valueCriteriaFrom": null,
  "valueCriteriaTo": null,
  "bidPartList": null,
  "procurementCategoryList": null,
  "stateList": null,
  "tenderTypeList": null,
  "tenderCategoryList": null,
  "corrigendumFlag": null,
  "orgId": 0,
  "deptId": 0,
  "valueCriteriaId": 0,
  "dateCriteriaId": 0,
  "valueTypeId": 0,
  "dateCriteriaFrom": null,
  "dateCriteriaTo": null,
  "itemTitle": null,
  "isRollBack": "N",
  "currenttenderid": 52000,
  "currentOrgTenderId": 51854,
  "currenttenderrefno": "18/PHED/BARAHAT/2023-24 (SBF) GROUP-27",
  "currentgroupid": 0,
  "currentorgid": 538,
  "currentdeptid": 790,
  "currenttendertypeid": 101,
  "currenttendercatid": 102,
  "currentproccatid": 1557,
  "currentpacamt": null,
  "currentstatus": 4,
  "currentauctionflag": null,
  "currentauctiontype": null,
  "currentinitiateauction": null,
  "currentdescription": "Design, Construction, Supply, Testing, commissioning of Water Supply Schemes with Electric Driven Pumps for Block- Dhoraiya Panchayat-Ghasiya (Ward No.-1,8,10,11,12,13), of Banka District of Bihar on turn-key basis with 6 months Trial Run after Commissioning and Comprehensive Operation and Maintenance of 60 months after successful completion of Trial Run Period under Mukhyamantri Nishchay Yojna (Quality Affected) Under P.H. Division,Barahat.",
  "currentownerdegitalcertid": null,
  "currenttendercurrency": null,
  "currentbidcurrency": null,
  "currentminbidno": 0,
  "currenttendercallno": 0,
  "currentqueryString": null,
  "currentindentNo": null,
  "currentBidPartNo": 2,
  "currentbidEndDate": 1706182235000,
  "currentbidStartDate": 1704205835000,
  "currentbidOpenDate": 1706351435000,
  "currentDocSubmissionEndDate": 1706347800000,
  "currentTenderPublishDate": 1704204735000,
  "currentTenderCancelDate": null,
  "currentTenderCancelReason": null,
  "currentTenderCancelAttachment": null,
  "currentTenderCancelAttachmentPath": null,
  "startDate": null,
  "endDate": null,
  "dateParam": 0,
  "procatId": 0,
  "typeId": 0,
  "textFilter": null
}