{
  "tenderid": 0,
  "tenderrefno": null,
  "publisheDateFrom": null,
  "publishDateTo": null,
  "closeDateFrom": null,
  "closeDateTo": null,
  "valueCriteriaFrom": null,
  "valueCriteriaTo": null,
  "bidPartList": null,
  "procurementCategoryList": null,
  "stateList": null,
  "tenderTypeList": null,
  "tenderCategoryList": null,
  "corrigendumFlag": null,
  "orgId": 0,
  "deptId": 0,
  "valueCriteriaId": 0,
  "dateCriteriaId": 0,
  "valueTypeId": 0,
  "dateCriteriaFrom": null,
  "dateCriteriaTo": null,
  "itemTitle": null,
  "isRollBack": "N",
  "currenttenderid": 52117,
  "currentOrgTenderId": 51971,
  "currenttenderrefno": "BSEDC/26/2024",
  "currentgroupid": 0,
  "currentorgid": 538,
  "currentdeptid": 1345,
  "currenttendertypeid": 101,
  "currenttendercatid": 102,
  "currentproccatid": 1558,
  "currentpacamt": null,
  "currentstatus": 7,
  "currentauctionflag": null,
  "currentauctiontype": null,
  "currentinitiateauction": null,
  "currentdescription": "Selection of The System Integrator (SI)  for  Supply, Installation, Commissioning & 3 years of Operation Maintenance  of Smart Classroom, Audio & Video Conference Room, Civil and Electrical Work at Campus of CNLU, Patna, Bihar",
  "currentownerdegitalcertid": null,
  "currenttendercurrency": null,
  "currentbidcurrency": null,
  "currentminbidno": 0,
  "currenttendercallno": 0,
  "currentqueryString": null,
  "currentindentNo": null,
  "currentBidPartNo": 2,
  "currentbidEndDate": 1706700616000,
  "currentbidStartDate": 1704346200000,
  "currentbidOpenDate": 1706788816000,
  "currentDocSubmissionEndDate": 1706783400000,
  "currentTenderPublishDate": 1704276546000,
  "currentTenderCancelDate": null,
  "currentTenderCancelReason": null,
  "currentTenderCancelAttachment": null,
  "currentTenderCancelAttachmentPath": null,
  "startDate": null,
  "endDate": null,
  "dateParam": 0,
  "procatId": 0,
  "typeId": 0,
  "textFilter": null
}