{
  "tenderid": 0,
  "tenderrefno": null,
  "publisheDateFrom": null,
  "publishDateTo": null,
  "closeDateFrom": null,
  "closeDateTo": null,
  "valueCriteriaFrom": null,
  "valueCriteriaTo": null,
  "bidPartList": null,
  "procurementCategoryList": null,
  "stateList": null,
  "tenderTypeList": null,
  "tenderCategoryList": null,
  "corrigendumFlag": null,
  "orgId": 0,
  "deptId": 0,
  "valueCriteriaId": 0,
  "dateCriteriaId": 0,
  "valueTypeId": 0,
  "dateCriteriaFrom": null,
  "dateCriteriaTo": null,
  "itemTitle": null,
  "isRollBack": "N",
  "currenttenderid": 52121,
  "currentOrgTenderId": 51975,
  "currenttenderrefno": "NIT 12/PHED/BGP EAST/2023-24/(MB F/MB As/MB Fe 04",
  "currentgroupid": 0,
  "currentorgid": 538,
  "currentdeptid": 790,
  "currenttendertypeid": 101,
  "currenttendercatid": 102,
  "currentproccatid": 1557,
  "currentpacamt": null,
  "currentstatus": 6,
  "currentauctionflag": null,
  "currentauctiontype": null,
  "currentinitiateauction": null,
  "currentdescription": "Design, Construction, Supply, Testing and Commissioning of Piped Water Supply Schemes for habitations left out under “Har Ghar nal Ka Jal” nischay yojna in areas having ground water quality issues; with Electric Driven Pumps and Fluoride Removal Treatment Plant having Technology (Adsorption/ Ion exchange/ Membrane/ Nano Technology/ etc.) certified by CSIR or any other institute of national repute. In the District of Bhagalpur, Bihar on turn-key basis with 6 months Trial Run Period and Comprehensive Operation and Maintenance of 60 months under Mukhyamantri Grameen Peyjal Nishchay Yojna (Quality Affected)  under P. H. Dvision Bhagalpur East, Bhagalpur, Panchayat Kirtainia under Block Pirpainti.",
  "currentownerdegitalcertid": null,
  "currenttendercurrency": null,
  "currentbidcurrency": null,
  "currentminbidno": 0,
  "currenttendercallno": 0,
  "currentqueryString": null,
  "currentindentNo": null,
  "currentBidPartNo": 2,
  "currentbidEndDate": 1705491014000,
  "currentbidStartDate": 1704263520000,
  "currentbidOpenDate": 1705573800000,
  "currentDocSubmissionEndDate": 1705570200000,
  "currentTenderPublishDate": 1704263435000,
  "currentTenderCancelDate": null,
  "currentTenderCancelReason": null,
  "currentTenderCancelAttachment": null,
  "currentTenderCancelAttachmentPath": null,
  "startDate": null,
  "endDate": null,
  "dateParam": 0,
  "procatId": 0,
  "typeId": 0,
  "textFilter": null
}