{
  "tenderid": 0,
  "tenderrefno": null,
  "publisheDateFrom": null,
  "publishDateTo": null,
  "closeDateFrom": null,
  "closeDateTo": null,
  "valueCriteriaFrom": null,
  "valueCriteriaTo": null,
  "bidPartList": null,
  "procurementCategoryList": null,
  "stateList": null,
  "tenderTypeList": null,
  "tenderCategoryList": null,
  "corrigendumFlag": null,
  "orgId": 0,
  "deptId": 0,
  "valueCriteriaId": 0,
  "dateCriteriaId": 0,
  "valueTypeId": 0,
  "dateCriteriaFrom": null,
  "dateCriteriaTo": null,
  "itemTitle": null,
  "isRollBack": "N",
  "currenttenderid": 52220,
  "currentOrgTenderId": 52074,
  "currenttenderrefno": "NIT 14/PHED/BGP EAST/2023-24 /SBNQ 07",
  "currentgroupid": 0,
  "currentorgid": 538,
  "currentdeptid": 790,
  "currenttendertypeid": 101,
  "currenttendercatid": 102,
  "currentproccatid": 1557,
  "currentpacamt": null,
  "currentstatus": 4,
  "currentauctionflag": null,
  "currentauctiontype": null,
  "currentinitiateauction": null,
  "currentdescription": "Design, Construction, Supply, Testing and Commissioning of Piped Water Supply Schemes for habitations left out under “Har Ghar nal Ka Jal” nischay yojna with Electric Driven Pumps in the District of Bhagalpur, Bihar on turn-key basis with 6 months Trial Run Period and Comprehensive Operation and Maintenance of 60 months under Mukhyamantri Grameen Peyjal Nishchay Yojna (Non Quality Affected) under P. H. Dvision Bhagalpur East, Bhagalpur.Panchayat Fatehpur Ward No. 2A, 6A, 12A, 12B and Panchayat Sabour Ward 5A, 8A under Block Sabour",
  "currentownerdegitalcertid": null,
  "currenttendercurrency": null,
  "currentbidcurrency": null,
  "currentminbidno": 0,
  "currenttendercallno": 0,
  "currentqueryString": null,
  "currentindentNo": null,
  "currentBidPartNo": 2,
  "currentbidEndDate": 1706182214000,
  "currentbidStartDate": 1704278400000,
  "currentbidOpenDate": 1706351400000,
  "currentDocSubmissionEndDate": 1706347800000,
  "currentTenderPublishDate": 1704278369000,
  "currentTenderCancelDate": null,
  "currentTenderCancelReason": null,
  "currentTenderCancelAttachment": null,
  "currentTenderCancelAttachmentPath": null,
  "startDate": null,
  "endDate": null,
  "dateParam": 0,
  "procatId": 0,
  "typeId": 0,
  "textFilter": null
}