{
  "tenderid": 0,
  "tenderrefno": null,
  "publisheDateFrom": null,
  "publishDateTo": null,
  "closeDateFrom": null,
  "closeDateTo": null,
  "valueCriteriaFrom": null,
  "valueCriteriaTo": null,
  "bidPartList": null,
  "procurementCategoryList": null,
  "stateList": null,
  "tenderTypeList": null,
  "tenderCategoryList": null,
  "corrigendumFlag": null,
  "orgId": 0,
  "deptId": 0,
  "valueCriteriaId": 0,
  "dateCriteriaId": 0,
  "valueTypeId": 0,
  "dateCriteriaFrom": null,
  "dateCriteriaTo": null,
  "itemTitle": null,
  "isRollBack": "N",
  "currenttenderid": 52334,
  "currentOrgTenderId": 52188,
  "currenttenderrefno": "04/PHED/SKP/2023-24 (MBF),GR-02",
  "currentgroupid": 0,
  "currentorgid": 538,
  "currentdeptid": 790,
  "currenttendertypeid": 101,
  "currenttendercatid": 102,
  "currentproccatid": 1557,
  "currentpacamt": null,
  "currentstatus": 7,
  "currentauctionflag": null,
  "currentauctiontype": null,
  "currentinitiateauction": null,
  "currentdescription": "Design, construction, supply, Testing, Commissioning of water supply schemes with electric driven moter pumps and Fluoride removel treatment plant having technology (Adsorption/Nano Technology etc.) of  CSIR  or certified by CSIR or any other technology endorsed/approved by GoI in the Fluoride Affected left out Habitations/ Wards of block-Ghatkusumbha,Panchyat-Mafo,Ward no-01 Oraiya, District of Sheikhpura on turn-key basis with 06 month trail run after commissioning and comprehensive Operation and Maintenance of 60 Months after Successful completion of Trail Run Period Under Mukhyamantri Nishchay (Quality Affected) Yojna on Turn-key basis under P.H. Division, Sheikhpura .",
  "currentownerdegitalcertid": null,
  "currenttendercurrency": null,
  "currentbidcurrency": null,
  "currentminbidno": 0,
  "currenttendercallno": 0,
  "currentqueryString": null,
  "currentindentNo": null,
  "currentBidPartNo": 1,
  "currentbidEndDate": 1705491037000,
  "currentbidStartDate": 1704300757000,
  "currentbidOpenDate": 1705573837000,
  "currentDocSubmissionEndDate": 1705570237000,
  "currentTenderPublishDate": 1704297429000,
  "currentTenderCancelDate": null,
  "currentTenderCancelReason": null,
  "currentTenderCancelAttachment": null,
  "currentTenderCancelAttachmentPath": null,
  "startDate": null,
  "endDate": null,
  "dateParam": 0,
  "procatId": 0,
  "typeId": 0,
  "textFilter": null
}