{
  "tenderid": 0,
  "tenderrefno": null,
  "publisheDateFrom": null,
  "publishDateTo": null,
  "closeDateFrom": null,
  "closeDateTo": null,
  "valueCriteriaFrom": null,
  "valueCriteriaTo": null,
  "bidPartList": null,
  "procurementCategoryList": null,
  "stateList": null,
  "tenderTypeList": null,
  "tenderCategoryList": null,
  "corrigendumFlag": null,
  "orgId": 0,
  "deptId": 0,
  "valueCriteriaId": 0,
  "dateCriteriaId": 0,
  "valueTypeId": 0,
  "dateCriteriaFrom": null,
  "dateCriteriaTo": null,
  "itemTitle": null,
  "isRollBack": "N",
  "currenttenderid": 52331,
  "currentOrgTenderId": 52185,
  "currenttenderrefno": "06/PHED/SKP/2023-24 (MBNQ),GR-02",
  "currentgroupid": 0,
  "currentorgid": 538,
  "currentdeptid": 790,
  "currenttendertypeid": 101,
  "currenttendercatid": 102,
  "currentproccatid": 1557,
  "currentpacamt": null,
  "currentstatus": 7,
  "currentauctionflag": null,
  "currentauctiontype": null,
  "currentinitiateauction": null,
  "currentdescription": "Design, Construction, Supply, Testing and Commissioning of Piped Water Supply Schemes for habitations left out under “Har Ghar nal Ka Jal” nischay yojna with Electric Driven Pumps in the District of Sheikhpura, Bihar on turn-key basis with 6 months Trial Run Period and Comprehensive Operation and Maintenance of 60 months after trail run period under Mukhyamantri Grameen Peyjal Nishchay Yojna (Non Quality Affected) under P.H.Division,Sheikhpura  for year 2023-24.( Block :- Ghatkusumbha, Panchayat :- Panapur, Ward No :- 3 Mahmadpur,  Panchayat :- Gagaur, Ward No :- 3 Kewat Tola, Panchayat :- Dihskumbha, Ward No :- 08 Vrindavan,Panchayat :- Bhadausi, Ward No :- 12 Dariyapur)",
  "currentownerdegitalcertid": null,
  "currenttendercurrency": null,
  "currentbidcurrency": null,
  "currentminbidno": 0,
  "currenttendercallno": 0,
  "currentqueryString": null,
  "currentindentNo": null,
  "currentBidPartNo": 1,
  "currentbidEndDate": 1705491037000,
  "currentbidStartDate": 1704297157000,
  "currentbidOpenDate": 1705573837000,
  "currentDocSubmissionEndDate": 1705570237000,
  "currentTenderPublishDate": 1704295628000,
  "currentTenderCancelDate": null,
  "currentTenderCancelReason": null,
  "currentTenderCancelAttachment": null,
  "currentTenderCancelAttachmentPath": null,
  "startDate": null,
  "endDate": null,
  "dateParam": 0,
  "procatId": 0,
  "typeId": 0,
  "textFilter": null
}