{
  "tenderid": 0,
  "tenderrefno": null,
  "publisheDateFrom": null,
  "publishDateTo": null,
  "closeDateFrom": null,
  "closeDateTo": null,
  "valueCriteriaFrom": null,
  "valueCriteriaTo": null,
  "bidPartList": null,
  "procurementCategoryList": null,
  "stateList": null,
  "tenderTypeList": null,
  "tenderCategoryList": null,
  "corrigendumFlag": null,
  "orgId": 0,
  "deptId": 0,
  "valueCriteriaId": 0,
  "dateCriteriaId": 0,
  "valueTypeId": 0,
  "dateCriteriaFrom": null,
  "dateCriteriaTo": null,
  "itemTitle": null,
  "isRollBack": "N",
  "currenttenderid": 52460,
  "currentOrgTenderId": 52314,
  "currenttenderrefno": "38/RE-E-TENDER/BSTDC/SBD/2023-24",
  "currentgroupid": 0,
  "currentorgid": 538,
  "currentdeptid": 1551,
  "currenttendertypeid": 101,
  "currenttendercatid": 102,
  "currentproccatid": 1557,
  "currentpacamt": null,
  "currentstatus": 7,
  "currentauctionflag": null,
  "currentauctiontype": null,
  "currentinitiateauction": null,
  "currentdescription": "DEVELOPMENT OF BEAUTIFICATION RENOVATION AND UPGRADATION OF TEMPLE PREMISES AT MAA CHANDIKA STHAN, VASUDEOPUR MUNGER.",
  "currentownerdegitalcertid": null,
  "currenttendercurrency": null,
  "currentbidcurrency": null,
  "currentminbidno": 0,
  "currenttendercallno": 0,
  "currentqueryString": null,
  "currentindentNo": null,
  "currentBidPartNo": 2,
  "currentbidEndDate": 1704965400000,
  "currentbidStartDate": 1704352500000,
  "currentbidOpenDate": 1705053600000,
  "currentDocSubmissionEndDate": 1705051800000,
  "currentTenderPublishDate": 1704351894000,
  "currentTenderCancelDate": null,
  "currentTenderCancelReason": null,
  "currentTenderCancelAttachment": null,
  "currentTenderCancelAttachmentPath": null,
  "startDate": null,
  "endDate": null,
  "dateParam": 0,
  "procatId": 0,
  "typeId": 0,
  "textFilter": null
}