{
  "tenderid": 0,
  "tenderrefno": null,
  "publisheDateFrom": null,
  "publishDateTo": null,
  "closeDateFrom": null,
  "closeDateTo": null,
  "valueCriteriaFrom": null,
  "valueCriteriaTo": null,
  "bidPartList": null,
  "procurementCategoryList": null,
  "stateList": null,
  "tenderTypeList": null,
  "tenderCategoryList": null,
  "corrigendumFlag": null,
  "orgId": 0,
  "deptId": 0,
  "valueCriteriaId": 0,
  "dateCriteriaId": 0,
  "valueTypeId": 0,
  "dateCriteriaFrom": null,
  "dateCriteriaTo": null,
  "itemTitle": null,
  "isRollBack": "N",
  "currenttenderid": 52479,
  "currentOrgTenderId": 52333,
  "currenttenderrefno": "NIT- ED-03/2023-24",
  "currentgroupid": 0,
  "currentorgid": 538,
  "currentdeptid": 1564,
  "currenttendertypeid": 101,
  "currenttendercatid": 101,
  "currentproccatid": 1554,
  "currentpacamt": null,
  "currentstatus": 7,
  "currentauctionflag": null,
  "currentauctiontype": null,
  "currentinitiateauction": null,
  "currentdescription": "providing Architectural & Structural Design services besides preparation of detailed computerized estimates and allied engineering works (i.e, Drawing, BOQ, detailed vetted estimate and tender documents etc) for total 11,500 MT capacity PEB Roofing godowns at various places (In Murliganj 4000 MT & 2 x 500  i.e 5000 MT, Malighat Muzaffarpur 2 x 2000 i.e 4000 MT, Masaurhi 1000 + 500 i.e 1500 MT and Fatuha 1000 MT).",
  "currentownerdegitalcertid": null,
  "currenttendercurrency": null,
  "currentbidcurrency": null,
  "currentminbidno": 0,
  "currenttendercallno": 0,
  "currentqueryString": null,
  "currentindentNo": null,
  "currentBidPartNo": 2,
  "currentbidEndDate": 1705919429000,
  "currentbidStartDate": 1704738720000,
  "currentbidOpenDate": 1705989629000,
  "currentDocSubmissionEndDate": null,
  "currentTenderPublishDate": 1704356225000,
  "currentTenderCancelDate": null,
  "currentTenderCancelReason": null,
  "currentTenderCancelAttachment": null,
  "currentTenderCancelAttachmentPath": null,
  "startDate": null,
  "endDate": null,
  "dateParam": 0,
  "procatId": 0,
  "typeId": 0,
  "textFilter": null
}