{
  "tenderid": 0,
  "tenderrefno": null,
  "publisheDateFrom": null,
  "publishDateTo": null,
  "closeDateFrom": null,
  "closeDateTo": null,
  "valueCriteriaFrom": null,
  "valueCriteriaTo": null,
  "bidPartList": null,
  "procurementCategoryList": null,
  "stateList": null,
  "tenderTypeList": null,
  "tenderCategoryList": null,
  "corrigendumFlag": null,
  "orgId": 0,
  "deptId": 0,
  "valueCriteriaId": 0,
  "dateCriteriaId": 0,
  "valueTypeId": 0,
  "dateCriteriaFrom": null,
  "dateCriteriaTo": null,
  "itemTitle": null,
  "isRollBack": "N",
  "currenttenderid": 52589,
  "currentOrgTenderId": 52443,
  "currenttenderrefno": "Group 4/NIT 19-2023-24 / MBNQ/PATNA WEST",
  "currentgroupid": 0,
  "currentorgid": 538,
  "currentdeptid": 790,
  "currenttendertypeid": 101,
  "currenttendercatid": 102,
  "currentproccatid": 1557,
  "currentpacamt": null,
  "currentstatus": 7,
  "currentauctionflag": null,
  "currentauctiontype": null,
  "currentinitiateauction": null,
  "currentdescription": "Design, Construction, Supply, Testing, commissioning of Water Supply Schemes with Electric Driven Pumps for  left out habitations under Non-Quality Wards of Districts of Bihar on turn-key basis with 6 months Trial Run after Commissioning and Comprehensive Operation and Maintenance of 60 months after successful completion of Trial Run Period under Mukhmantri Nishchay (Non-Quality Affected) Yojna Under P.H. Division, Patna West (Block- BIKRAM, PANCHYAT- PATUT , WARD- 5A,7A  &11A , PANCHYAT- DATIYANA, WARD- 7A  &12A)",
  "currentownerdegitalcertid": null,
  "currenttendercurrency": null,
  "currentbidcurrency": null,
  "currentminbidno": 0,
  "currenttendercallno": 0,
  "currentqueryString": null,
  "currentindentNo": null,
  "currentBidPartNo": 2,
  "currentbidEndDate": 1705491042000,
  "currentbidStartDate": 1704423642000,
  "currentbidOpenDate": 1705573842000,
  "currentDocSubmissionEndDate": 1705570242000,
  "currentTenderPublishDate": 1704422745000,
  "currentTenderCancelDate": null,
  "currentTenderCancelReason": null,
  "currentTenderCancelAttachment": null,
  "currentTenderCancelAttachmentPath": null,
  "startDate": null,
  "endDate": null,
  "dateParam": 0,
  "procatId": 0,
  "typeId": 0,
  "textFilter": null
}