{
  "tenderid": 0,
  "tenderrefno": null,
  "publisheDateFrom": null,
  "publishDateTo": null,
  "closeDateFrom": null,
  "closeDateTo": null,
  "valueCriteriaFrom": null,
  "valueCriteriaTo": null,
  "bidPartList": null,
  "procurementCategoryList": null,
  "stateList": null,
  "tenderTypeList": null,
  "tenderCategoryList": null,
  "corrigendumFlag": null,
  "orgId": 0,
  "deptId": 0,
  "valueCriteriaId": 0,
  "dateCriteriaId": 0,
  "valueTypeId": 0,
  "dateCriteriaFrom": null,
  "dateCriteriaTo": null,
  "itemTitle": null,
  "isRollBack": "N",
  "currenttenderid": 52802,
  "currentOrgTenderId": 52656,
  "currenttenderrefno": "NIT-26/2023-24(GR-5)(R2)",
  "currentgroupid": 0,
  "currentorgid": 538,
  "currentdeptid": 790,
  "currenttendertypeid": 101,
  "currenttendercatid": 102,
  "currentproccatid": 1554,
  "currentpacamt": null,
  "currentstatus": 4,
  "currentauctionflag": null,
  "currentauctiontype": null,
  "currentinitiateauction": null,
  "currentdescription": "SUPPLY, INSTALLATION AND COMMISSIONING OF INSTRUMENTS, EQUIPMENTS & OTHER MISCELLANEOUS  ITEMS IN 38 ESTABLISHED DISTRICT AND STATE LEVEL LABORATORIES, PATNA WITH COMPREHENSSIVE ANNUAL MAINTENANCE OF SUPPLIED INSTRUMETS AND EQUIPMENTS FOR THE PERIOD OF 3 YEARS. (Group-05)\nUV Laminar Air flow Chamber, Plate count Colony counter, Kjeldal distillation apparatus, Vacum Pump, Membrane Filtration Assembly, Centrifuge Machine",
  "currentownerdegitalcertid": null,
  "currenttendercurrency": null,
  "currentbidcurrency": null,
  "currentminbidno": 0,
  "currenttendercallno": 0,
  "currentqueryString": null,
  "currentindentNo": null,
  "currentBidPartNo": 2,
  "currentbidEndDate": 1704967200000,
  "currentbidStartDate": 1704526200000,
  "currentbidOpenDate": 1705055453000,
  "currentDocSubmissionEndDate": 1705051853000,
  "currentTenderPublishDate": 1704525086000,
  "currentTenderCancelDate": null,
  "currentTenderCancelReason": null,
  "currentTenderCancelAttachment": null,
  "currentTenderCancelAttachmentPath": null,
  "startDate": null,
  "endDate": null,
  "dateParam": 0,
  "procatId": 0,
  "typeId": 0,
  "textFilter": null
}