{
  "tenderid": 0,
  "tenderrefno": null,
  "publisheDateFrom": null,
  "publishDateTo": null,
  "closeDateFrom": null,
  "closeDateTo": null,
  "valueCriteriaFrom": null,
  "valueCriteriaTo": null,
  "bidPartList": null,
  "procurementCategoryList": null,
  "stateList": null,
  "tenderTypeList": null,
  "tenderCategoryList": null,
  "corrigendumFlag": null,
  "orgId": 0,
  "deptId": 0,
  "valueCriteriaId": 0,
  "dateCriteriaId": 0,
  "valueTypeId": 0,
  "dateCriteriaFrom": null,
  "dateCriteriaTo": null,
  "itemTitle": null,
  "isRollBack": "N",
  "currenttenderid": 52938,
  "currentOrgTenderId": 52792,
  "currenttenderrefno": "NIT08-23-24-01",
  "currentgroupid": 0,
  "currentorgid": 538,
  "currentdeptid": 800,
  "currenttendertypeid": 101,
  "currenttendercatid": 101,
  "currentproccatid": 1557,
  "currentpacamt": null,
  "currentstatus": 7,
  "currentauctionflag": null,
  "currentauctiontype": null,
  "currentinitiateauction": null,
  "currentdescription": "1. CONSTRUCTION OF CROSS DRAIN AND PCC ROAD AT MAYUR CHOWK ROAD  DASHO PODDAR GALI, PRABHAKAR GALI, SHAMBHUNATH CHATARJEE GALI AND SANJEEV SHARMA GALI   IN WARD NO. 27\n2. CONSTRUCTION OF  DRAIN AT MAYUR CHOWK ROAD MAHESH PRASAD KESHRI SE KALI CHARAN KE GHAR TAK IN WARD NO. 27\n3. CONSTURCTION  OF  DRAIN COVER SLAB AND PCC ROAD AT BEKAPUR SABJEE MANDI LEFT AND RIGHT SIDE AND PCC AT BEKAPUR SANI MANDIR (SABJEE MANDI) SE BALAJI HOUSE, MAIN ROAD TAK IN WARD NO. 27\n4. CONSTRUCTION  OF PCC ROAD  AT BEKAPUR PAWAN RAM KE GHAR SE FANTOOS PATWA KE GHAR TAK  IN WARD NO. 27\n5. CONSTRUCTION OF  DRAIN FROM BEKAPUR KRISHNA PASWAN KE GHAR KE CORNER SE KUSHWAHA PALACE KE PICHHE BARA NALA TAK (BOTH SIDE) IN  WARD NO. 27\n6. CONSTRUCTION OF  DRAIN FROM BEKAPUR RAM BAHADUR PRASAD KE GHAR KE CORNER SE VIJAY X-RAY HOTE HUYE HIRDAY NARAYAN SHARMA KE GHAR KE PICHHE TAK IN  WARD NO. 27\n7. CONSTRUCTION OF  DRAIN IN SAHAY PATH FROM SURESH CHANDRA JAIN KE GHAR SE CANARA BANK TAK IN  WARD NO. 27",
  "currentownerdegitalcertid": null,
  "currenttendercurrency": null,
  "currentbidcurrency": null,
  "currentminbidno": 0,
  "currenttendercallno": 0,
  "currentqueryString": null,
  "currentindentNo": null,
  "currentBidPartNo": 1,
  "currentbidEndDate": 1705570221000,
  "currentbidStartDate": 1704852741000,
  "currentbidOpenDate": 1705658421000,
  "currentDocSubmissionEndDate": 1705656600000,
  "currentTenderPublishDate": 1704538874000,
  "currentTenderCancelDate": null,
  "currentTenderCancelReason": null,
  "currentTenderCancelAttachment": null,
  "currentTenderCancelAttachmentPath": null,
  "startDate": null,
  "endDate": null,
  "dateParam": 0,
  "procatId": 0,
  "typeId": 0,
  "textFilter": null
}