{
  "tenderid": 0,
  "tenderrefno": null,
  "publisheDateFrom": null,
  "publishDateTo": null,
  "closeDateFrom": null,
  "closeDateTo": null,
  "valueCriteriaFrom": null,
  "valueCriteriaTo": null,
  "bidPartList": null,
  "procurementCategoryList": null,
  "stateList": null,
  "tenderTypeList": null,
  "tenderCategoryList": null,
  "corrigendumFlag": null,
  "orgId": 0,
  "deptId": 0,
  "valueCriteriaId": 0,
  "dateCriteriaId": 0,
  "valueTypeId": 0,
  "dateCriteriaFrom": null,
  "dateCriteriaTo": null,
  "itemTitle": null,
  "isRollBack": "N",
  "currenttenderid": 52961,
  "currentOrgTenderId": 52815,
  "currenttenderrefno": "NIT NO. 2 OF 2023-24,GROUP NO- NSB 13",
  "currentgroupid": 0,
  "currentorgid": 538,
  "currentdeptid": 1563,
  "currenttendertypeid": 101,
  "currenttendercatid": 101,
  "currentproccatid": 1557,
  "currentpacamt": null,
  "currentstatus": 7,
  "currentauctionflag": null,
  "currentauctiontype": null,
  "currentinitiateauction": null,
  "currentdescription": "CONSTRUCTION OF NEW SCHOOL BUILDING  ( 3 CLASSROOM WITH ELECTRIFICATION, 2 UNIT TOILET AND DRINKING WATER FACILITY) AT P.S PEMADHAAR SHERSHAHWADI TOLA, Block-ARARIA, Araria (Dise Code-10071206104) GROUP NO. - NSB-13)",
  "currentownerdegitalcertid": null,
  "currenttendercurrency": null,
  "currentbidcurrency": null,
  "currentminbidno": 0,
  "currenttendercallno": 0,
  "currentqueryString": null,
  "currentindentNo": null,
  "currentBidPartNo": 2,
  "currentbidEndDate": 1705224600000,
  "currentbidStartDate": 1704706200000,
  "currentbidOpenDate": 1705312800000,
  "currentDocSubmissionEndDate": 1705311000000,
  "currentTenderPublishDate": 1704547209000,
  "currentTenderCancelDate": null,
  "currentTenderCancelReason": null,
  "currentTenderCancelAttachment": null,
  "currentTenderCancelAttachmentPath": null,
  "startDate": null,
  "endDate": null,
  "dateParam": 0,
  "procatId": 0,
  "typeId": 0,
  "textFilter": null
}