objectid,year,sum_population
10-203-01013,2021,371457.140625
10-203-01014,2021,282762.671875
10-203-01015,2021,196171.2578125
10-203-01016,2021,194886.5078125
10-203-01017,2021,485075.578125
10-203-01018,2021,368412.890625
10-203-01019,2021,477456.15625
10-203-01021,2021,182048.453125
10-203-01022,2021,131041.90625
10-203-01023,2021,91147.25390625
10-203-01024,2021,342010.421875
10-203-01025,2021,378251.953125
10-203-01026,2021,245981.1015625
10-203-01027,2021,407313.421875
10-203-01028,2021,210301.734375
10-203-01029,2021,325024.25
10-203-01030,2021,366827.234375
10-204-01031,2021,207967.96875
10-204-01032,2021,222489.515625
10-204-01033,2021,258492.7421875
10-204-01034,2021,317380.84375
10-204-01035,2021,177867.3671875
10-204-01036,2021,223994.390625
10-204-01037,2021,108006.5625
10-204-01038,2021,194806.578125
10-204-01039,2021,372575.234375
10-204-01040,2021,356588.953125
10-204-01041,2021,429090.703125
10-204-01042,2021,253699.90625
10-204-01043,2021,275615.40625
10-204-01044,2021,187072.6328125
10-204-01045,2021,246019.640625
10-204-01046,2021,202020.015625
10-204-01047,2021,296808.96875
10-204-01048,2021,368230.5
10-204-01049,2021,313322.65625
10-204-01050,2021,63003.390625
10-204-01051,2021,243993.53125
10-204-01052,2021,181304.1328125
10-204-01053,2021,259201.7109375
10-204-01054,2021,108307.63671875
10-204-01055,2021,241635.890625
10-204-01056,2021,121614.45703125
10-204-01057,2021,255673.859375
10-205-01058,2021,96501.85546875
10-205-01059,2021,159020.5
10-205-01060,2021,201183.15625
10-205-01061,2021,118486.79296875
10-205-01062,2021,299085.921875
10-206-01063,2021,110604.8125
10-206-01064,2021,95695.18359375
10-206-01065,2021,80956.1328125
10-206-01066,2021,164636.046875
10-206-01067,2021,367905.484375
10-206-01068,2021,296976.71875
10-206-01069,2021,295749.5703125
10-206-01070,2021,252954.1875
10-206-01071,2021,111621.1484375
10-206-01072,2021,135300.8515625
10-206-01073,2021,735445.65625
10-206-01074,2021,569399.671875
10-206-01075,2021,261755.296875
10-206-01076,2021,123721.16796875
10-206-01077,2021,212550.1953125
10-206-01078,2021,329153.09375
10-206-01079,2021,133819.9921875
10-207-01080,2021,136002.87890625
10-207-01081,2021,182872.234375
10-207-01082,2021,119174.94921875
10-207-01083,2021,208702.671875
10-207-01084,2021,133720.0
10-207-01085,2021,181003.6328125
10-207-01086,2021,246009.546875
10-207-01087,2021,175836.453125
10-207-01088,2021,172399.9765625
10-207-01089,2021,185726.328125
10-207-01090,2021,137804.3671875
10-207-01091,2021,395339.46875
10-207-01092,2021,420902.875
10-207-01093,2021,412508.9375
10-207-01094,2021,411186.015625
10-207-01095,2021,306150.109375
10-207-01096,2021,207525.4921875
10-207-01097,2021,304619.984375
10-207-01098,2021,257331.15625
10-207-01099,2021,289578.640625
10-207-01100,2021,355703.078125
10-208-01101,2021,97999.72265625
10-208-01102,2021,204988.53125
10-208-01103,2021,343592.640625
10-208-01104,2021,160142.3984375
10-208-01105,2021,257279.3203125
10-208-01106,2021,215697.4140625
10-208-01107,2021,204379.828125
10-208-01108,2021,240649.8046875
10-208-01109,2021,540419.703125
10-208-01110,2021,285297.1328125
10-208-01111,2021,425498.578125
10-209-01112,2021,432389.828125
10-209-01113,2021,641936.1875
10-209-01114,2021,327246.1875
10-209-01115,2021,533386.84375
10-209-01116,2021,698481.0625
10-209-01117,2021,185011.4375
10-209-01118,2021,158739.6484375
10-209-01119,2021,263245.9609375
10-209-01120,2021,473825.96875
10-210-01121,2021,223607.65625
10-210-01122,2021,294614.390625
10-210-01123,2021,428017.265625
10-210-01124,2021,337784.515625
10-210-01125,2021,339974.234375
10-210-01126,2021,362401.3125
10-210-01127,2021,239248.6640625
10-211-01128,2021,470356.375
10-211-01129,2021,306304.046875
10-211-01130,2021,203196.515625
10-211-01131,2021,301511.375
10-211-01132,2021,345300.21875
10-211-01133,2021,344015.25
10-211-01134,2021,584939.5
10-211-01135,2021,204758.3828125
10-211-01136,2021,141800.47265625
10-211-01137,2021,166006.09375
10-211-01138,2021,386699.640625
10-211-01139,2021,224698.90625
10-211-01140,2021,282570.0234375
10-211-01141,2021,269908.609375
10-212-01142,2021,185905.7734375
10-212-01143,2021,328016.921875
10-212-01144,2021,59059.646484375
10-212-01145,2021,450644.8125
10-212-01146,2021,186127.640625
10-212-01147,2021,376531.953125
10-212-01148,2021,426236.078125
10-212-01149,2021,209494.71875
10-212-01150,2021,84339.9609375
10-212-01151,2021,416433.890625
10-212-01152,2021,114222.34375
10-212-01153,2021,360982.90625
10-212-01154,2021,97878.42578125
10-212-01155,2021,83986.3125
10-212-01156,2021,247917.90625
10-212-01157,2021,207241.78125
10-213-01158,2021,171142.4765625
10-213-01159,2021,104581.265625
10-213-01160,2021,154304.796875
10-213-01161,2021,375123.15625
10-213-01162,2021,96931.984375
10-213-01163,2021,279337.4375
10-213-01164,2021,276454.953125
10-213-01165,2021,107066.27734375
10-213-01166,2021,122528.7109375
10-213-01167,2021,198243.4140625
10-213-01168,2021,144847.3515625
10-213-01169,2021,260673.171875
10-213-01170,2021,283755.859375
10-214-01171,2021,201886.4453125
10-214-01172,2021,145320.921875
10-214-01173,2021,332931.65625
10-214-01174,2021,330254.59375
10-214-01175,2021,223605.671875
10-214-01176,2021,133101.9765625
10-214-01177,2021,267736.6953125
10-214-01178,2021,426402.25
10-214-01179,2021,272106.296875
10-214-01180,2021,141857.0234375
10-215-01181,2021,308846.421875
10-215-01182,2021,381469.0
10-215-01183,2021,326978.5625
10-215-01184,2021,636133.9375
10-215-01185,2021,289602.0
10-215-01186,2021,236204.1484375
10-215-01187,2021,249868.7265625
10-215-01188,2021,263847.9921875
10-215-01189,2021,381302.171875
10-215-01190,2021,160108.1953125
10-215-01191,2021,160809.5390625
10-215-01192,2021,330915.640625
10-215-01193,2021,333872.359375
10-215-01194,2021,125097.21484375
10-215-01195,2021,57885.240234375
10-215-01196,2021,209096.7109375
10-215-01197,2021,75914.7734375
10-215-01198,2021,124601.671875
10-216-01199,2021,338218.203125
10-216-01200,2021,437394.3125
10-216-01201,2021,532138.5
10-216-01202,2021,470011.484375
10-216-01203,2021,161591.453125
10-216-01204,2021,202717.9453125
10-216-01205,2021,493009.171875
10-216-01206,2021,305839.5
10-216-01207,2021,368605.546875
10-216-01208,2021,282881.34375
10-216-01209,2021,351932.4375
10-216-01210,2021,163179.625
10-216-01211,2021,84176.46484375
10-216-01212,2021,1211263.0625
10-216-01213,2021,399956.90625
10-216-01214,2021,486208.75
10-217-01215,2021,130140.890625
10-217-01216,2021,145442.0546875
10-217-01217,2021,285380.46875
10-217-01218,2021,117770.25
10-217-01219,2021,287554.078125
10-217-01220,2021,196767.1796875
10-217-01221,2021,338395.5625
10-217-01222,2021,169354.46875
10-217-01223,2021,136285.890625
10-217-01224,2021,163935.78125
10-217-01225,2021,262445.8046875
10-217-01226,2021,357402.796875
10-217-01227,2021,148871.703125
10-217-01228,2021,220099.7890625
10-218-01229,2021,79653.1484375
10-218-01230,2021,327296.28125
10-218-01231,2021,351199.796875
10-218-01232,2021,281550.9453125
10-218-01233,2021,111951.921875
10-218-01234,2021,100637.75
10-218-01235,2021,216413.0703125
10-218-01236,2021,263795.984375
10-218-01237,2021,338692.78125
10-218-01238,2021,232827.328125
10-218-01239,2021,195846.1640625
10-218-01240,2021,137532.03125
10-218-01241,2021,100857.265625
10-218-01242,2021,224610.953125
10-218-01243,2021,129471.0625
10-218-01244,2021,214353.625
10-218-01245,2021,170238.09375
10-218-01246,2021,320088.203125
10-218-01247,2021,163537.8984375
10-219-01248,2021,250724.7421875
10-219-01249,2021,180686.7421875
10-219-01250,2021,131333.21875
10-219-01251,2021,189204.359375
10-219-01252,2021,386719.859375
10-219-01253,2021,105354.59375
10-219-01254,2021,251196.53125
10-219-01255,2021,313398.796875
10-219-01256,2021,191963.8671875
10-219-01257,2021,139753.3828125
10-219-01258,2021,562992.21875
10-219-01259,2021,123499.1171875
10-219-01260,2021,365202.9375
10-219-01261,2021,191759.6171875
10-219-01262,2021,94070.13671875
10-219-01263,2021,145796.9296875
10-219-01264,2021,422100.75
10-219-01265,2021,342096.96875
10-219-01266,2021,153775.359375
10-219-01267,2021,176117.578125
10-220-01268,2021,235967.84375
10-220-01269,2021,111182.203125
10-220-01270,2021,348634.484375
10-220-01271,2021,375666.578125
10-220-01272,2021,164991.859375
10-220-01273,2021,168763.390625
10-220-01274,2021,541333.765625
10-220-01275,2021,351562.625
10-220-01276,2021,342134.65625
10-220-01277,2021,227919.15625
10-220-01278,2021,542167.375
10-220-01279,2021,311056.90625
10-220-01280,2021,298791.609375
10-220-01281,2021,168887.3984375
10-220-01282,2021,244905.5
10-220-01283,2021,315305.53125
10-221-01284,2021,453573.890625
10-221-01285,2021,240871.296875
10-221-01286,2021,290829.25
10-221-01287,2021,397196.625
10-221-01288,2021,244045.9140625
10-221-01289,2021,155456.1484375
10-221-01290,2021,177494.40625
10-221-01291,2021,197853.3359375
10-221-01292,2021,220790.953125
10-221-01293,2021,149429.828125
10-221-01294,2021,245530.25
10-221-01295,2021,295327.734375
10-221-01296,2021,183114.671875
10-221-01297,2021,260186.125
10-221-01298,2021,229223.671875
10-221-01299,2021,482130.21875
10-221-01300,2021,255516.109375
10-221-01301,2021,338331.9375
10-221-01302,2021,524859.71875
10-221-01303,2021,220842.3125
10-222-01304,2021,117123.40234375
10-222-01305,2021,198414.5
10-222-01306,2021,170680.4375
10-222-01307,2021,169160.796875
10-222-01308,2021,182040.9609375
10-222-01309,2021,59582.2734375
10-222-01310,2021,281418.59375
10-222-01311,2021,325542.25
10-222-01312,2021,332484.6875
10-222-01313,2021,85234.390625
10-222-01314,2021,737534.0625
10-222-01315,2021,175399.75
10-222-01316,2021,162576.3359375
10-222-01317,2021,147740.8671875
10-222-01318,2021,291327.171875
10-222-01319,2021,212774.53125
10-222-01320,2021,242530.2890625
10-222-01321,2021,25008.466796875
10-223-01322,2021,375388.734375
10-223-01323,2021,443298.8125
10-223-01324,2021,117654.45703125
10-223-01325,2021,168746.1953125
10-223-01326,2021,284745.421875
10-223-01327,2021,429001.0
10-223-01328,2021,291648.765625
10-224-01329,2021,111112.0
10-224-01330,2021,173998.984375
10-224-01331,2021,151323.0703125
10-224-01332,2021,186818.2421875
10-224-01333,2021,120731.6328125
10-224-01334,2021,106940.44140625
10-224-01335,2021,384992.984375
10-224-01336,2021,470353.375
10-224-01337,2021,25153.8515625
10-224-01338,2021,124086.13671875
10-224-01339,2021,141863.75
10-224-01340,2021,267789.6328125
10-224-01341,2021,236430.8203125
10-224-01342,2021,587312.84375
10-224-01343,2021,214359.1796875
10-224-01344,2021,275301.2890625
10-225-01345,2021,251178.3203125
10-225-01346,2021,309834.390625
10-225-01347,2021,326123.375
10-225-01348,2021,418783.890625
10-225-01349,2021,192911.9453125
10-225-01350,2021,268319.46875
10-225-01351,2021,225242.40625
10-225-01352,2021,217467.546875
10-225-01353,2021,190235.6875
10-225-01354,2021,229734.0625
10-225-01355,2021,217068.8984375
10-226-01356,2021,392976.6875
10-226-01357,2021,135203.1953125
10-226-01358,2021,287437.453125
10-226-01359,2021,221011.984375
10-226-01360,2021,238384.25
10-226-01361,2021,74053.91015625
10-226-01362,2021,156582.421875
10-226-01363,2021,88916.32421875
10-226-01364,2021,131413.953125
10-227-01365,2021,137890.2421875
10-227-01366,2021,70731.50390625
10-227-01367,2021,357419.125
10-227-01368,2021,253068.2578125
10-227-01369,2021,168431.1171875
10-227-01370,2021,97660.046875
10-227-01371,2021,117180.8828125
10-228-01372,2021,152278.984375
10-228-01373,2021,56911.263671875
10-228-01374,2021,224713.078125
10-228-01375,2021,96542.90625
10-228-01376,2021,169732.40625
10-228-01377,2021,127828.60546875
10-229-01378,2021,92913.02734375
10-229-01379,2021,119689.65234375
10-229-01380,2021,264152.3984375
10-229-01381,2021,187033.171875
10-229-01382,2021,226066.5703125
10-229-01383,2021,75503.59375
10-229-01384,2021,139624.3203125
10-229-01385,2021,268734.8359375
10-229-01386,2021,626678.53125
10-229-01387,2021,151914.5546875
10-229-01388,2021,95316.81640625
10-229-01389,2021,96367.828125
10-229-01390,2021,194928.8515625
10-229-01391,2021,263125.515625
10-229-01392,2021,291213.703125
10-229-01393,2021,118813.28515625
10-229-01394,2021,141630.15625
10-229-01395,2021,198977.0078125
10-229-01396,2021,111242.38671875
10-229-01397,2021,61311.33984375
10-230-01398,2021,241285.4609375
10-230-01399,2021,317167.46875
10-230-01400,2021,2156640.1875
10-230-01401,2021,206956.9375
10-230-01402,2021,369793.03125
10-230-01403,2021,279315.7109375
10-230-01404,2021,258619.2109375
10-230-01405,2021,188365.7265625
10-230-01406,2021,132184.02734375
10-230-01407,2021,345864.375
10-230-01408,2021,291260.34375
10-230-01409,2021,288470.171875
10-230-01410,2021,179962.5859375
10-230-01411,2021,315653.15625
10-230-01412,2021,60079.169921875
10-230-01413,2021,157516.96875
10-230-01414,2021,253430.234375
10-230-01415,2021,87011.1484375
10-230-01416,2021,69609.859375
10-230-01417,2021,203688.6328125
10-230-01418,2021,216509.71875
10-230-01419,2021,117711.44140625
10-230-01420,2021,268465.2890625
10-231-01421,2021,149934.609375
10-231-01422,2021,452282.75
10-231-01423,2021,206377.390625
10-231-01424,2021,312934.15625
10-231-01425,2021,236471.2578125
10-231-01426,2021,278053.6796875
10-231-01427,2021,212321.40625
10-231-01428,2021,326381.34375
10-231-01429,2021,243301.34375
10-231-01430,2021,112992.890625
10-231-01431,2021,124283.30859375
10-231-01432,2021,197581.5859375
10-231-01433,2021,250788.8125
10-231-01434,2021,260164.703125
10-232-01435,2021,196321.1171875
10-232-01436,2021,52275.23828125
10-232-01437,2021,224796.1875
10-232-01438,2021,54521.4140625
10-232-01439,2021,33449.0322265625
10-232-01440,2021,319003.03125
10-232-01441,2021,174187.84375
10-232-01442,2021,81235.5234375
10-232-01443,2021,315030.140625
10-232-01444,2021,260776.796875
10-232-01445,2021,375773.125
10-233-01446,2021,126330.359375
10-233-01447,2021,156749.6875
10-233-01448,2021,259678.375
10-233-01449,2021,302671.484375
10-233-01450,2021,152806.5390625
10-233-01451,2021,128677.06640625
10-233-01452,2021,194326.7109375
10-233-01453,2021,426480.65625
10-233-01454,2021,81007.78125
10-233-01455,2021,98273.07421875
10-233-01456,2021,83420.3359375
10-234-01457,2021,178440.046875
10-234-01458,2021,307108.890625
10-234-01459,2021,146112.078125
10-234-01460,2021,70679.44921875
10-234-01461,2021,213585.453125
10-234-01462,2021,282240.859375
10-234-01463,2021,235214.765625
10-234-01464,2021,95465.62890625
10-234-01465,2021,57401.01171875
10-234-01466,2021,190304.8671875
10-234-01467,2021,252246.71875
10-234-01468,2021,126240.33984375
10-234-01469,2021,83647.65625
10-234-01470,2021,244299.296875
10-234-01471,2021,341976.078125
10-234-01472,2021,120485.0859375
10-234-01473,2021,425795.3125
10-234-01474,2021,151524.984375
10-234-01475,2021,150747.3203125
10-235-01476,2021,296150.09375
10-235-01477,2021,206274.8828125
10-235-01478,2021,470070.34375
10-235-01479,2021,562326.1875
10-235-01480,2021,243189.5234375
10-235-01481,2021,360328.28125
10-235-01482,2021,192751.5
10-235-01483,2021,258171.0
10-235-01484,2021,194537.8828125
10-235-01485,2021,195099.3671875
10-235-01486,2021,254373.6484375
10-236-01487,2021,150074.90625
10-236-01488,2021,316762.640625
10-236-01489,2021,280584.7578125
10-236-01490,2021,240244.6328125
10-236-01491,2021,158718.3515625
10-236-01492,2021,128267.0
10-236-01493,2021,167714.5859375
10-236-01494,2021,294684.671875
10-236-01495,2021,737649.0625
10-236-01496,2021,129710.078125
10-236-01497,2021,127987.33984375
10-236-01498,2021,232232.3046875
10-236-01499,2021,108564.0703125
10-236-01500,2021,136253.18359375
10-236-01501,2021,237131.8203125
10-236-01502,2021,115183.0
10-236-01503,2021,197221.953125
10-236-01504,2021,183455.84375
10-236-01505,2021,301715.21875
10-236-01506,2021,141379.87109375
10-236-01507,2021,334206.53125
10-236-01508,2021,357236.5625
10-236-01509,2021,304257.671875
10-236-01510,2021,169452.4296875
10-237-01511,2021,125646.29296875
10-237-01512,2021,352831.59375
10-237-01513,2021,262044.8828125
10-237-01514,2021,103586.796875
10-237-01515,2021,295940.9375
10-237-01516,2021,214001.296875
10-237-01517,2021,229253.4296875
10-237-01518,2021,167835.3515625
10-237-01519,2021,327813.90625
10-237-01520,2021,152214.0
10-237-01521,2021,123776.44921875
10-237-01522,2021,124775.421875
10-237-01523,2021,145393.796875
10-237-01524,2021,194879.21875
10-238-01525,2021,175833.5
10-238-01526,2021,217425.5625
10-238-01527,2021,244649.0234375
10-238-01528,2021,106317.58203125
10-238-01529,2021,167977.328125
10-238-01530,2021,302195.796875
10-238-01531,2021,126454.4921875
10-238-01532,2021,310021.015625
10-238-01533,2021,304881.21875
10-238-01534,2021,295814.625
10-239-01535,2021,170789.7734375
10-239-01536,2021,253665.2421875
10-239-01537,2021,200110.625
10-239-01538,2021,167911.65625
10-239-01539,2021,132922.6796875
10-239-01540,2021,337325.46875
10-239-01541,2021,171142.0234375
10-240-01542,2021,118707.640625
10-240-01543,2021,72795.93359375
10-240-01544,2021,205194.9765625
10-240-01545,2021,94959.1484375
10-240-01546,2021,108677.6875
10-203-01013,2022,377804.4468750004
10-203-01014,2022,290126.5218749996
10-203-01015,2022,199365.43906249944
10-203-01016,2022,199965.68437500112
10-203-01017,2022,498691.38749999925
10-203-01018,2022,376759.33750000224
10-203-01019,2022,490500.50624999776
10-203-01021,2022,181166.76875000005
10-203-01022,2022,137511.76015624963
10-203-01023,2022,93366.34375
10-203-01024,2022,350550.69687500224
10-203-01025,2022,388179.26249999925
10-203-01026,2022,252060.97499999963
10-203-01027,2022,417401.81874999776
10-203-01028,2022,212984.03750000056
10-203-01029,2022,331933.2625000011
10-203-01030,2022,375905.6875
10-204-01031,2022,212125.82968750037
10-204-01032,2022,228010.859375
10-204-01033,2022,265101.5703125
10-204-01034,2022,323637.390625
10-204-01035,2022,183380.41093750112
10-204-01036,2022,229180.37031249888
10-204-01037,2022,110046.4742187499
10-204-01038,2022,200713.91718749888
10-204-01039,2022,380724.7718749996
10-204-01040,2022,364897.09999999776
10-204-01041,2022,438569.75624999776
10-204-01042,2022,261489.7890625
10-204-01043,2022,284128.09999999776
10-204-01044,2022,192587.34687499888
10-204-01045,2022,249608.5625
10-204-01046,2022,206312.08124999888
10-204-01047,2022,303739.7750000004
10-204-01048,2022,376597.921875
10-204-01049,2022,319841.2281250004
10-204-01050,2022,64769.37929687509
10-204-01051,2022,250177.64531250112
10-204-01052,2022,185264.0656249998
10-204-01053,2022,266477.5421874989
10-204-01054,2022,110252.76875000028
10-204-01055,2022,246987.16093750112
10-204-01056,2022,124828.04453124944
10-204-01057,2022,261249.78125
10-205-01058,2022,99557.93828125019
10-205-01059,2022,162471.2468750002
10-205-01060,2022,205696.66718749888
10-205-01061,2022,121487.703125
10-205-01062,2022,306949.71875
10-206-01063,2022,112840.17265625019
10-206-01064,2022,97952.68359375
10-206-01065,2022,82594.5882812501
10-206-01066,2022,167362.8156249998
10-206-01067,2022,377318.21562499925
10-206-01068,2022,302915.1812500004
10-206-01069,2022,304533.61250000075
10-206-01070,2022,258328.65937499888
10-206-01071,2022,114066.4375
10-206-01072,2022,139431.0929687498
10-206-01073,2022,752328.1374999955
10-206-01074,2022,581126.59375
10-206-01075,2022,267656.4906249996
10-206-01076,2022,126020.53203125019
10-206-01077,2022,217107.25468750112
10-206-01078,2022,337257.1937499996
10-206-01079,2022,136442.91562499944
10-207-01080,2022,139373.1015625
10-207-01081,2022,187537.52968749963
10-207-01082,2022,121659.02031250019
10-207-01083,2022,213043.390625
10-207-01084,2022,136772.5398437502
10-207-01085,2022,184961.5734374998
10-207-01086,2022,251916.609375
10-207-01087,2022,179474.7421875
10-207-01088,2022,176500.6796875
10-207-01089,2022,189951.71250000037
10-207-01090,2022,140482.3718750002
10-207-01091,2022,404094.53437500075
10-207-01092,2022,429054.1687500011
10-207-01093,2022,420576.9343750011
10-207-01094,2022,421524.296875
10-207-01095,2022,312686.5718750004
10-207-01096,2022,211905.6640625
10-207-01097,2022,311388.25
10-207-01098,2022,262301.6328125
10-207-01099,2022,295165.40625
10-207-01100,2022,362831.5656249989
10-208-01101,2022,100468.12734375056
10-208-01102,2022,209699.13906249963
10-208-01103,2022,352351.56562500075
10-208-01104,2022,164751.55781249888
10-208-01105,2022,264847.9249999989
10-208-01106,2022,220305.38750000112
10-208-01107,2022,209155.66093750112
10-208-01108,2022,245719.0625
10-208-01109,2022,553960.1937499978
10-208-01110,2022,291541.1062500011
10-208-01111,2022,434334.81562500075
10-209-01112,2022,444018.76875000075
10-209-01113,2022,655649.28125
10-209-01114,2022,335819.4375
10-209-01115,2022,547871.2281250022
10-209-01116,2022,715929.5812500045
10-209-01117,2022,188436.7312500002
10-209-01118,2022,163669.57968750037
10-209-01119,2022,269923.0671875011
10-209-01120,2022,484767.73750000075
10-210-01121,2022,229712.671875
10-210-01122,2022,301964.0625
10-210-01123,2022,439052.91562500224
10-210-01124,2022,345942.1281249989
10-210-01125,2022,348148.6687500011
10-210-01126,2022,371775.90312499925
10-210-01127,2022,242756.25156249944
10-211-01128,2022,481751.36562499776
10-211-01129,2022,313274.7249999996
10-211-01130,2022,207929.1171875
10-211-01131,2022,308735.359375
10-211-01132,2022,353318.421875
10-211-01133,2022,353766.28125
10-211-01134,2022,597613.4124999978
10-211-01135,2022,210078.38750000112
10-211-01136,2022,144630.109375
10-211-01137,2022,169654.05624999944
10-211-01138,2022,396727.55937499925
10-211-01139,2022,229754.30312499963
10-211-01140,2022,289704.2015624996
10-211-01141,2022,276103.8640625011
10-212-01142,2022,189965.76718749944
10-212-01143,2022,336191.2000000011
10-212-01144,2022,60475.05703125009
10-212-01145,2022,461205.00624999776
10-212-01146,2022,190545.9765625
10-212-01147,2022,385465.04062500224
10-212-01148,2022,436267.50937500224
10-212-01149,2022,215444.68125000037
10-212-01150,2022,86170.41796875
10-212-01151,2022,425606.54374999925
10-212-01152,2022,117334.84218750056
10-212-01153,2022,369396.97499999776
10-212-01154,2022,100393.41093750019
10-212-01155,2022,85801.96796875028
10-212-01156,2022,253669.47343750112
10-212-01157,2022,211360.9953124998
10-213-01158,2022,176295.07968750037
10-213-01159,2022,106724.75078125019
10-213-01160,2022,157988.7578125
10-213-01161,2022,384536.24375000224
10-213-01162,2022,99822.00390625
10-213-01163,2022,285805.4124999996
10-213-01164,2022,282744.8781249989
10-213-01165,2022,109628.59453125019
10-213-01166,2022,125288.74843750056
10-213-01167,2022,203793.84843750112
10-213-01168,2022,148593.4968750002
10-213-01169,2022,266621.0125000011
10-213-01170,2022,290716.0625
10-214-01171,2022,206111.05312499963
10-214-01172,2022,149631.36875000037
10-214-01173,2022,340006.1968750004
10-214-01174,2022,335370.6218750011
10-214-01175,2022,229281.08750000037
10-214-01176,2022,136459.421875
10-214-01177,2022,273538.3187499996
10-214-01178,2022,437537.34375
10-214-01179,2022,276386.0109374989
10-214-01180,2022,145709.35703124944
10-215-01181,2022,315193.7062499989
10-215-01182,2022,388222.8062500004
10-215-01183,2022,333371.171875
10-215-01184,2022,646502.71875
10-215-01185,2022,294362.7062499989
10-215-01186,2022,240554.70781250112
10-215-01187,2022,254304.93593749963
10-215-01188,2022,268087.8078124989
10-215-01189,2022,387407.9812500011
10-215-01190,2022,163312.6953125
10-215-01191,2022,163409.2296874998
10-215-01192,2022,337713.828125
10-215-01193,2022,341069.5343749989
10-215-01194,2022,127455.64999999944
10-215-01195,2022,58443.15078124986
10-215-01196,2022,212738.015625
10-215-01197,2022,77595.52421874972
10-215-01198,2022,126198.95703125
10-216-01199,2022,346606.68437499925
10-216-01200,2022,447831.140625
10-216-01201,2022,543941.0343750007
10-216-01202,2022,481369.59375
10-216-01203,2022,165594.9375
10-216-01204,2022,208384.42343750037
10-216-01205,2022,504241.80625000224
10-216-01206,2022,314184.31874999776
10-216-01207,2022,377786.06874999776
10-216-01208,2022,288018.0062499996
10-216-01209,2022,360324.265625
10-216-01210,2022,166482.73593749944
10-216-01211,2022,86703.68203125056
10-216-01212,2022,1237278.9750000015
10-216-01213,2022,408958.55937499925
10-216-01214,2022,497815.73124999925
10-217-01215,2022,131761.4624999999
10-217-01216,2022,148533.3390624998
10-217-01217,2022,289764.5593750011
10-217-01218,2022,120717.96015624981
10-217-01219,2022,290906.34375
10-217-01220,2022,200216.39687500056
10-217-01221,2022,346348.3562500011
10-217-01222,2022,171164.52812499972
10-217-01223,2022,138391.25156249944
10-217-01224,2022,166287.9296875
10-217-01225,2022,267843.2390625011
10-217-01226,2022,363399.4031250011
10-217-01227,2022,151272.39687500056
10-217-01228,2022,224740.453125
10-218-01229,2022,81490.70703125
10-218-01230,2022,334022.484375
10-218-01231,2022,357594.8624999989
10-218-01232,2022,287716.5906250011
10-218-01233,2022,113937.99140625028
10-218-01234,2022,101435.73359375005
10-218-01235,2022,221481.31562499888
10-218-01236,2022,267657.68124999944
10-218-01237,2022,344212.9437499996
10-218-01238,2022,237645.671875
10-218-01239,2022,199678.34531249944
10-218-01240,2022,140989.33437500056
10-218-01241,2022,103033.25
10-218-01242,2022,228999.77812500112
10-218-01243,2022,131697.47890625056
10-218-01244,2022,219303.125
10-218-01245,2022,173490.3093750002
10-218-01246,2022,327539.8375000004
10-218-01247,2022,167135.5031249998
10-219-01248,2022,255608.3671875
10-219-01249,2022,183447.59375
10-219-01250,2022,134493.5320312502
10-219-01251,2022,192314.88906250056
10-219-01252,2022,395615.828125
10-219-01253,2022,107058.6265624999
10-219-01254,2022,256068.47812500037
10-219-01255,2022,319409.0687499996
10-219-01256,2022,195922.93593750056
10-219-01257,2022,141601.75312500028
10-219-01258,2022,572223.8812499978
10-219-01259,2022,126311.03828124981
10-219-01260,2022,372192.5
10-219-01261,2022,195054.1593749998
10-219-01262,2022,95345.5367187499
10-219-01263,2022,149201.8624999998
10-219-01264,2022,429743.6375000011
10-219-01265,2022,347394.1500000004
10-219-01266,2022,156961.16562499944
10-219-01267,2022,180889.86562499963
10-220-01268,2022,241525.6484375
10-220-01269,2022,113678.18984375056
10-220-01270,2022,357131.12187499925
10-220-01271,2022,383871.2781250011
10-220-01272,2022,169241.953125
10-220-01273,2022,172925.89687499963
10-220-01274,2022,554064.0718750022
10-220-01275,2022,359573.4156250004
10-220-01276,2022,349905.5031249989
10-220-01277,2022,233307.62812499888
10-220-01278,2022,553685.3656249978
10-220-01279,2022,320460.19999999925
10-220-01280,2022,303707.5906250011
10-220-01281,2022,174199.17499999888
10-220-01282,2022,250965.4921875
10-220-01283,2022,322218.8937499989
10-221-01284,2022,462770.85312500224
10-221-01285,2022,244767.88906250056
10-221-01286,2022,296241.6375000011
10-221-01287,2022,405588.96250000224
10-221-01288,2022,247872.3125
10-221-01289,2022,158902.13906250056
10-221-01290,2022,180765.9093749998
10-221-01291,2022,202843.96718749963
10-221-01292,2022,225959.58281250112
10-221-01293,2022,153532.22031249944
10-221-01294,2022,251354.72499999963
10-221-01295,2022,301694.9281249996
10-221-01296,2022,187211.33437500056
10-221-01297,2022,265211.3890624996
10-221-01298,2022,234866.42812499963
10-221-01299,2022,494110.61250000075
10-221-01300,2022,261294.328125
10-221-01301,2022,344918.4749999996
10-221-01302,2022,535938.328125
10-221-01303,2022,225541.01874999888
10-222-01304,2022,119970.53671874944
10-222-01305,2022,200967.89999999944
10-222-01306,2022,175157.40625
10-222-01307,2022,172130.375
10-222-01308,2022,186756.74687500112
10-222-01309,2022,60598.41953125014
10-222-01310,2022,287619.3531250004
10-222-01311,2022,334420.76249999925
10-222-01312,2022,338885.796875
10-222-01313,2022,86494.40312499972
10-222-01314,2022,753885.0374999978
10-222-01315,2022,179710.93125000037
10-222-01316,2022,166547.9375
10-222-01317,2022,150775.56406249944
10-222-01318,2022,297533.234375
10-222-01319,2022,217093.91875000112
10-222-01320,2022,248399.1171875
10-222-01321,2022,25757.190234374953
10-223-01322,2022,383871.92500000075
10-223-01323,2022,455672.890625
10-223-01324,2022,119968.93359375
10-223-01325,2022,173236.29531249963
10-223-01326,2022,292217.4000000004
10-223-01327,2022,439430.97499999776
10-223-01328,2022,298700.2781250011
10-224-01329,2022,113808.19609375019
10-224-01330,2022,177356.02187500056
10-224-01331,2022,154556.97031249944
10-224-01332,2022,190370.5078125
10-224-01333,2022,123504.38359375019
10-224-01334,2022,109257.02499999944
10-224-01335,2022,392830.6187500004
10-224-01336,2022,480484.27500000224
10-224-01337,2022,25947.3828125
10-224-01338,2022,125500.91328125028
10-224-01339,2022,145727.24609375
10-224-01340,2022,273308.1015625
10-224-01341,2022,241723.8515625
10-224-01342,2022,599833.5250000022
10-224-01343,2022,217529.27968750056
10-224-01344,2022,281667.2562499996
10-225-01345,2022,256507.70468750037
10-225-01346,2022,316640.1906249989
10-225-01347,2022,332891.3250000011
10-225-01348,2022,429032.63749999925
10-225-01349,2022,196989.54531250056
10-225-01350,2022,274713.8875000011
10-225-01351,2022,230012.56718750112
10-225-01352,2022,222571.11406250112
10-225-01353,2022,194828.90625
10-225-01354,2022,234808.71406249888
10-225-01355,2022,221752.61249999888
10-226-01356,2022,400248.4968750011
10-226-01357,2022,138793.5007812502
10-226-01358,2022,293820.3968749996
10-226-01359,2022,224414.24374999944
10-226-01360,2022,242656.80312499963
10-226-01361,2022,75443.6484375
10-226-01362,2022,159373.38906250056
10-226-01363,2022,90669.7328125001
10-226-01364,2022,133299.23906249972
10-227-01365,2022,140712.94296874944
10-227-01366,2022,72095.7250000001
10-227-01367,2022,363721.84375
10-227-01368,2022,258467.70624999888
10-227-01369,2022,172399.9734375002
10-227-01370,2022,99692.1820312501
10-227-01371,2022,119390.56875000056
10-228-01372,2022,154873.7937500002
10-228-01373,2022,57645.537109375
10-228-01374,2022,227970.4375
10-228-01375,2022,98270.9867187501
10-228-01376,2022,173935.31562499888
10-228-01377,2022,129376.3460937501
10-229-01378,2022,94787.7421875
10-229-01379,2022,122182.46328125056
10-229-01380,2022,268845.7140624989
10-229-01381,2022,190527.61562500056
10-229-01382,2022,230190.3234374998
10-229-01383,2022,77239.2578125
10-229-01384,2022,142129.2453124998
10-229-01385,2022,274397.7234375011
10-229-01386,2022,637955.5500000007
10-229-01387,2022,154404.29843749944
10-229-01388,2022,97315.71875
10-229-01389,2022,97743.4515625001
10-229-01390,2022,197990.4453125
10-229-01391,2022,268287.2125000004
10-229-01392,2022,296803.3875000011
10-229-01393,2022,121135.20000000019
10-229-01394,2022,144308.0499999998
10-229-01395,2022,202359.39218749944
10-229-01396,2022,113134.86640625028
10-229-01397,2022,62568.91445312509
10-230-01398,2022,246124.5
10-230-01399,2022,324507.7000000011
10-230-01400,2022,2195600.837499991
10-230-01401,2022,212024.125
10-230-01402,2022,379214.34375
10-230-01403,2022,285399.8406250011
10-230-01404,2022,264674.4296875
10-230-01405,2022,191579.23593749944
10-230-01406,2022,134843.2585937502
10-230-01407,2022,353104.9124999996
10-230-01408,2022,295876.765625
10-230-01409,2022,293836.6812500004
10-230-01410,2022,182377.54843749944
10-230-01411,2022,321532.1656250004
10-230-01412,2022,61502.38593750028
10-230-01413,2022,161327.32187499944
10-230-01414,2022,257300.8828125
10-230-01415,2022,89378.68124999944
10-230-01416,2022,71144.6527343751
10-230-01417,2022,207003.17343749944
10-230-01418,2022,221185.07187500037
10-230-01419,2022,120436.22968749981
10-230-01420,2022,272675.9500000011
10-231-01421,2022,152265.43593750056
10-231-01422,2022,459294.4500000011
10-231-01423,2022,211823.4453125
10-231-01424,2022,317894.4000000004
10-231-01425,2022,242447.95156249963
10-231-01426,2022,283896.4500000011
10-231-01427,2022,216571.1796875
10-231-01428,2022,332991.8531250004
10-231-01429,2022,247873.90312500112
10-231-01430,2022,114829.2109375
10-231-01431,2022,126681.3515625
10-231-01432,2022,201156.4812500002
10-231-01433,2022,255749.57656249963
10-231-01434,2022,264540.9187500011
10-232-01435,2022,200549.73593750037
10-232-01436,2022,53263.46406250005
10-232-01437,2022,229376.62968750112
10-232-01438,2022,55908.91250000009
10-232-01439,2022,33975.26425781264
10-232-01440,2022,324972.8468749989
10-232-01441,2022,176340.4718749998
10-232-01442,2022,82858.8570312499
10-232-01443,2022,320624.4593749996
10-232-01444,2022,266516.5218749996
10-232-01445,2022,382451.140625
10-233-01446,2022,128807.51718749944
10-233-01447,2022,160158.4421875002
10-233-01448,2022,266107.2328124996
10-233-01449,2022,309364.0031249989
10-233-01450,2022,156297.6531250002
10-233-01451,2022,131802.54843749944
10-233-01452,2022,198099.29843749944
10-233-01453,2022,437391.09375
10-233-01454,2022,83043.2359374999
10-233-01455,2022,100148.8414062499
10-233-01456,2022,85385.1742187501
10-234-01457,2022,181220.6375000002
10-234-01458,2022,312148.25
10-234-01459,2022,148762.69375000056
10-234-01460,2022,71839.4351562499
10-234-01461,2022,217542.27187500056
10-234-01462,2022,286656.3531250004
10-234-01463,2022,240688.28281250037
10-234-01464,2022,96930.11328125
10-234-01465,2022,58207.994140625
10-234-01466,2022,193896.12656249944
10-234-01467,2022,257268.23749999888
10-234-01468,2022,128496.78125
10-234-01469,2022,85121.4437500001
10-234-01470,2022,249248.72031250037
10-234-01471,2022,347933.9406249989
10-234-01472,2022,122032.88984375028
10-234-01473,2022,433879.5656249989
10-234-01474,2022,153319.8062499999
10-234-01475,2022,153371.58437500056
10-235-01476,2022,303415.3156249989
10-235-01477,2022,210970.92499999888
10-235-01478,2022,478549.20937499776
10-235-01479,2022,576953.3968749978
10-235-01480,2022,248165.26250000112
10-235-01481,2022,367677.1312499996
10-235-01482,2022,197337.21718749963
10-235-01483,2022,263803.1796875
10-235-01484,2022,198638.33437500056
10-235-01485,2022,198851.328125
10-235-01486,2022,258596.40468749963
10-236-01487,2022,153865.39218749944
10-236-01488,2022,325349.51875000075
10-236-01489,2022,286196.265625
10-236-01490,2022,246749.46562500112
10-236-01491,2022,161753.828125
10-236-01492,2022,131426.6023437502
10-236-01493,2022,171763.59375
10-236-01494,2022,299354.8250000011
10-236-01495,2022,753360.3062500022
10-236-01496,2022,133129.0851562498
10-236-01497,2022,130588.37343750056
10-236-01498,2022,237872.2890625
10-236-01499,2022,110133.89531249972
10-236-01500,2022,139513.9031250002
10-236-01501,2022,242432.76874999888
10-236-01502,2022,117747.24921874981
10-236-01503,2022,201797.33124999888
10-236-01504,2022,187158.7531249998
10-236-01505,2022,308079.3125
10-236-01506,2022,144576.6281249998
10-236-01507,2022,341670.03125
10-236-01508,2022,364919.0093750004
10-236-01509,2022,311324.9406249989
10-236-01510,2022,173085.0234375
10-237-01511,2022,128003.1953125
10-237-01512,2022,359457.8562500011
10-237-01513,2022,266781.5093750004
10-237-01514,2022,105760.73125000019
10-237-01515,2022,302749.1156249996
10-237-01516,2022,218181.95937499963
10-237-01517,2022,234030.734375
10-237-01518,2022,171179.296875
10-237-01519,2022,334078.3093750011
10-237-01520,2022,154822.90781249944
10-237-01521,2022,126714.47265625
10-237-01522,2022,127272.7890625
10-237-01523,2022,148152.07968749944
10-237-01524,2022,198492.5625
10-238-01525,2022,179310.18906249944
10-238-01526,2022,222172.546875
10-238-01527,2022,248836.58124999888
10-238-01528,2022,108728.88515625056
10-238-01529,2022,171721.7937500002
10-238-01530,2022,308342.3062500004
10-238-01531,2022,129877.69062499981
10-238-01532,2022,318025.71875
10-238-01533,2022,311142.9562499989
10-238-01534,2022,302173.2593750004
10-239-01535,2022,173336.2453124998
10-239-01536,2022,256952.1984374998
10-239-01537,2022,205589.4375
10-239-01538,2022,172199.68593749963
10-239-01539,2022,135085.18124999944
10-239-01540,2022,343725.7874999996
10-239-01541,2022,174328.5750000002
10-240-01542,2022,119744.22031250014
10-240-01543,2022,73996.1070312499
10-240-01544,2022,209059.8203125
10-240-01545,2022,96561.99921875028
10-240-01546,2022,110701.4351562499
10-203-01013,2023,384151.75312500075
10-203-01014,2023,297490.37187499925
10-203-01015,2023,202559.6203124998
10-203-01016,2023,205044.86093750037
10-203-01017,2023,512307.1968749985
10-203-01018,2023,385105.78437500075
10-203-01019,2023,503544.85624999925
10-203-01021,2023,180285.0843750001
10-203-01022,2023,143981.61406249925
10-203-01023,2023,95585.43359375
10-203-01024,2023,359090.97187500075
10-203-01025,2023,398106.5718749985
10-203-01026,2023,258140.84843749925
10-203-01027,2023,427490.21562499925
10-203-01028,2023,215666.3406250002
10-203-01029,2023,338842.2750000004
10-203-01030,2023,384984.140625
10-204-01031,2023,216283.69062500075
10-204-01032,2023,233532.203125
10-204-01033,2023,271710.3984375
10-204-01034,2023,329893.9375
10-204-01035,2023,188893.45468750037
10-204-01036,2023,234366.34999999963
10-204-01037,2023,112086.38593749981
10-204-01038,2023,206621.25624999963
10-204-01039,2023,388874.30937499925
10-204-01040,2023,373205.24687499925
10-204-01041,2023,448048.80937499925
10-204-01042,2023,269279.671875
10-204-01043,2023,292640.79374999925
10-204-01044,2023,198102.06093749963
10-204-01045,2023,253197.484375
10-204-01046,2023,210604.14687499963
10-204-01047,2023,310670.58125000075
10-204-01048,2023,384965.34375
10-204-01049,2023,326359.80000000075
10-204-01050,2023,66535.36796875019
10-204-01051,2023,256361.75937500037
10-204-01052,2023,189223.99843749963
10-204-01053,2023,273753.3734374996
10-204-01054,2023,112197.9007812501
10-204-01055,2023,252338.43125000037
10-204-01056,2023,128041.63203124981
10-204-01057,2023,266825.703125
10-205-01058,2023,102614.02109375037
10-205-01059,2023,165921.99375000037
10-205-01060,2023,210210.17812499963
10-205-01061,2023,124488.61328125
10-205-01062,2023,314813.515625
10-206-01063,2023,115075.53281250037
10-206-01064,2023,100210.18359375
10-206-01065,2023,84233.04375000019
10-206-01066,2023,170089.58437499963
10-206-01067,2023,386730.9468749985
10-206-01068,2023,308853.64375000075
10-206-01069,2023,313317.6546875015
10-206-01070,2023,263703.1312499996
10-206-01071,2023,116511.7265625
10-206-01072,2023,143561.33437499963
10-206-01073,2023,769210.6187499985
10-206-01074,2023,592853.515625
10-206-01075,2023,273557.68437499925
10-206-01076,2023,128319.89609375037
10-206-01077,2023,221664.31406250037
10-206-01078,2023,345361.29374999925
10-206-01079,2023,139065.8390624998
10-207-01080,2023,142743.32421875
10-207-01081,2023,192202.82499999925
10-207-01082,2023,124143.09140625037
10-207-01083,2023,217384.109375
10-207-01084,2023,139825.07968750037
10-207-01085,2023,188919.51406249963
10-207-01086,2023,257823.671875
10-207-01087,2023,183113.03125
10-207-01088,2023,180601.3828125
10-207-01089,2023,194177.09687500075
10-207-01090,2023,143160.37656250037
10-207-01091,2023,412849.6000000015
10-207-01092,2023,437205.4625000004
10-207-01093,2023,428644.9312500004
10-207-01094,2023,431862.578125
10-207-01095,2023,319223.03437500075
10-207-01096,2023,216285.8359375
10-207-01097,2023,318156.515625
10-207-01098,2023,267272.109375
10-207-01099,2023,300752.171875
10-207-01100,2023,369960.0531249996
10-208-01101,2023,102936.53203125019
10-208-01102,2023,214409.74687499925
10-208-01103,2023,361110.4906250015
10-208-01104,2023,169360.71718749963
10-208-01105,2023,272416.5296874996
10-208-01106,2023,224913.36093750037
10-208-01107,2023,213931.49375000037
10-208-01108,2023,250788.3203125
10-208-01109,2023,567500.6843749993
10-208-01110,2023,297785.0796875004
10-208-01111,2023,443171.0531250015
10-209-01112,2023,455647.7093750015
10-209-01113,2023,669362.375
10-209-01114,2023,344392.6875
10-209-01115,2023,562355.6125000007
10-209-01116,2023,733378.1000000015
10-209-01117,2023,191862.02500000037
10-209-01118,2023,168599.51093750075
10-209-01119,2023,276600.1734375004
10-209-01120,2023,495709.5062500015
10-210-01121,2023,235817.6875
10-210-01122,2023,309313.734375
10-210-01123,2023,450088.56562500075
10-210-01124,2023,354099.7406249996
10-210-01125,2023,356323.1031250004
10-210-01126,2023,381150.4937499985
10-210-01127,2023,246263.8390624998
10-211-01128,2023,493146.35624999925
10-211-01129,2023,320245.40312499925
10-211-01130,2023,212661.71875
10-211-01131,2023,315959.34375
10-211-01132,2023,361336.625
10-211-01133,2023,363517.3125
10-211-01134,2023,610287.3249999993
10-211-01135,2023,215398.39218750037
10-211-01136,2023,147459.74609375
10-211-01137,2023,173302.0187499998
10-211-01138,2023,406755.4781249985
10-211-01139,2023,234809.69999999925
10-211-01140,2023,296838.37968749925
10-211-01141,2023,282299.1187500004
10-212-01142,2023,194025.7609374998
10-212-01143,2023,344365.4781250004
10-212-01144,2023,61890.467578125186
10-212-01145,2023,471765.19999999925
10-212-01146,2023,194964.3125
10-212-01147,2023,394398.12812500075
10-212-01148,2023,446298.94062500075
10-212-01149,2023,221394.64375000075
10-212-01150,2023,88000.875
10-212-01151,2023,434779.1968749985
10-212-01152,2023,120447.34062500019
10-212-01153,2023,377811.04374999925
10-212-01154,2023,102908.39609375037
10-212-01155,2023,87617.6234375001
10-212-01156,2023,259421.04062500037
10-212-01157,2023,215480.20937499963
10-213-01158,2023,181447.68281250075
10-213-01159,2023,108868.23593750037
10-213-01160,2023,161672.71875
10-213-01161,2023,393949.33125000075
10-213-01162,2023,102712.0234375
10-213-01163,2023,292273.38749999925
10-213-01164,2023,289034.8031249996
10-213-01165,2023,112190.91171875037
10-213-01166,2023,128048.78593750019
10-213-01167,2023,209344.28281250037
10-213-01168,2023,152339.64218750037
10-213-01169,2023,272568.8531250004
10-213-01170,2023,297676.265625
10-214-01171,2023,210335.66093749925
10-214-01172,2023,153941.81562500075
10-214-01173,2023,347080.73750000075
10-214-01174,2023,340486.6500000004
10-214-01175,2023,234956.50312500075
10-214-01176,2023,139816.8671875
10-214-01177,2023,279339.94218749925
10-214-01178,2023,448672.4375
10-214-01179,2023,280665.7249999996
10-214-01180,2023,149561.6906249998
10-215-01181,2023,321540.9906249996
10-215-01182,2023,394976.61250000075
10-215-01183,2023,339763.78125
10-215-01184,2023,656871.5
10-215-01185,2023,299123.4124999996
10-215-01186,2023,244905.26718750037
10-215-01187,2023,258741.14531249925
10-215-01188,2023,272327.6234374996
10-215-01189,2023,393513.7906250004
10-215-01190,2023,166517.1953125
10-215-01191,2023,166008.92031249963
10-215-01192,2023,344512.015625
10-215-01193,2023,348266.7093749996
10-215-01194,2023,129814.08515624981
10-215-01195,2023,59001.06132812495
10-215-01196,2023,216379.3203125
10-215-01197,2023,79276.2749999999
10-215-01198,2023,127796.2421875
10-216-01199,2023,354995.1656249985
10-216-01200,2023,458267.96875
10-216-01201,2023,555743.5687500015
10-216-01202,2023,492727.703125
10-216-01203,2023,169598.421875
10-216-01204,2023,214050.90156250075
10-216-01205,2023,515474.44062500075
10-216-01206,2023,322529.13749999925
10-216-01207,2023,386966.59062499925
10-216-01208,2023,293154.66874999925
10-216-01209,2023,368716.09375
10-216-01210,2023,169785.8468749998
10-216-01211,2023,89230.89921875019
10-216-01212,2023,1263294.887500003
10-216-01213,2023,417960.2124999985
10-216-01214,2023,509422.7124999985
10-217-01215,2023,133382.0343749998
10-217-01216,2023,151624.62343749963
10-217-01217,2023,294148.6500000004
10-217-01218,2023,123665.67031249963
10-217-01219,2023,294258.609375
10-217-01220,2023,203665.6140625002
10-217-01221,2023,354301.1500000004
10-217-01222,2023,172974.5874999999
10-217-01223,2023,140496.6124999998
10-217-01224,2023,168640.078125
10-217-01225,2023,273240.6734375004
10-217-01226,2023,369396.0093750004
10-217-01227,2023,153673.0906250002
10-217-01228,2023,229381.1171875
10-218-01229,2023,83328.265625
10-218-01230,2023,340748.6875
10-218-01231,2023,363989.9281249996
10-218-01232,2023,293882.2359375004
10-218-01233,2023,115924.0609375001
10-218-01234,2023,102233.7171875001
10-218-01235,2023,226549.56093749963
10-218-01236,2023,271519.3781249998
10-218-01237,2023,349733.10624999925
10-218-01238,2023,242464.015625
10-218-01239,2023,203510.5265624998
10-218-01240,2023,144446.6375000002
10-218-01241,2023,105209.234375
10-218-01242,2023,233388.60312500037
10-218-01243,2023,133923.8953125002
10-218-01244,2023,224252.625
10-218-01245,2023,176742.52500000037
10-218-01246,2023,334991.47187500075
10-218-01247,2023,170733.10781249963
10-219-01248,2023,260491.9921875
10-219-01249,2023,186208.4453125
10-219-01250,2023,137653.84531250037
10-219-01251,2023,195425.4187500002
10-219-01252,2023,404511.796875
10-219-01253,2023,108762.65937499981
10-219-01254,2023,260940.42500000075
10-219-01255,2023,325419.34062499925
10-219-01256,2023,199882.0046875002
10-219-01257,2023,143450.1234375001
10-219-01258,2023,581455.5437499993
10-219-01259,2023,129122.95937499963
10-219-01260,2023,379182.0625
10-219-01261,2023,198348.70156249963
10-219-01262,2023,96620.93671874981
10-219-01263,2023,152606.79531249963
10-219-01264,2023,437386.5250000004
10-219-01265,2023,352691.33125000075
10-219-01266,2023,160146.9718749998
10-219-01267,2023,185662.15312499925
10-220-01268,2023,247083.453125
10-220-01269,2023,116174.17656250019
10-220-01270,2023,365627.7593749985
10-220-01271,2023,392075.9781250004
10-220-01272,2023,173492.046875
10-220-01273,2023,177088.40312499925
10-220-01274,2023,566794.3781250007
10-220-01275,2023,367584.20625000075
10-220-01276,2023,357676.3499999996
10-220-01277,2023,238696.09999999963
10-220-01278,2023,565203.3562499993
10-220-01279,2023,329863.4937499985
10-220-01280,2023,308623.5718750004
10-220-01281,2023,179510.95156249963
10-220-01282,2023,257025.484375
10-220-01283,2023,329132.2562499996
10-221-01284,2023,471967.81562500075
10-221-01285,2023,248664.4812500002
10-221-01286,2023,301654.0250000004
10-221-01287,2023,413981.30000000075
10-221-01288,2023,251698.7109375
10-221-01289,2023,162348.1296875002
10-221-01290,2023,184037.41249999963
10-221-01291,2023,207834.59843749925
10-221-01292,2023,231128.21250000037
10-221-01293,2023,157634.6124999998
10-221-01294,2023,257179.19999999925
10-221-01295,2023,308062.12187499925
10-221-01296,2023,191307.9968750002
10-221-01297,2023,270236.65312499925
10-221-01298,2023,240509.18437499925
10-221-01299,2023,506091.0062500015
10-221-01300,2023,267072.546875
10-221-01301,2023,351505.01249999925
10-221-01302,2023,547016.9375
10-221-01303,2023,230239.72499999963
10-222-01304,2023,122817.67109374981
10-222-01305,2023,203521.2999999998
10-222-01306,2023,179634.375
10-222-01307,2023,175099.953125
10-222-01308,2023,191472.53281250037
10-222-01309,2023,61614.56562500005
10-222-01310,2023,293820.11250000075
10-222-01311,2023,343299.2749999985
10-222-01312,2023,345286.90625
10-222-01313,2023,87754.4156249999
10-222-01314,2023,770236.0124999993
10-222-01315,2023,184022.11250000075
10-222-01316,2023,170519.5390625
10-222-01317,2023,153810.2609374998
10-222-01318,2023,303739.296875
10-222-01319,2023,221413.30625000037
10-222-01320,2023,254267.9453125
10-222-01321,2023,26505.913671874907
10-223-01322,2023,392355.1156250015
10-223-01323,2023,468046.96875
10-223-01324,2023,122283.41015625
10-223-01325,2023,177726.39531249925
10-223-01326,2023,299689.37812500075
10-223-01327,2023,449860.94999999925
10-223-01328,2023,305751.7906250004
10-224-01329,2023,116504.39218750037
10-224-01330,2023,180713.0593750002
10-224-01331,2023,157790.8703124998
10-224-01332,2023,193922.7734375
10-224-01333,2023,126277.13437500037
10-224-01334,2023,111573.60859374981
10-224-01335,2023,400668.25312500075
10-224-01336,2023,490615.17500000075
10-224-01337,2023,26740.9140625
10-224-01338,2023,126915.6898437501
10-224-01339,2023,149590.7421875
10-224-01340,2023,278826.5703125
10-224-01341,2023,247016.8828125
10-224-01342,2023,612354.2062500007
10-224-01343,2023,220699.3796875002
10-224-01344,2023,288033.22343749925
10-225-01345,2023,261837.08906250075
10-225-01346,2023,323445.9906249996
10-225-01347,2023,339659.2750000004
10-225-01348,2023,439281.3843749985
10-225-01349,2023,201067.1453125002
10-225-01350,2023,281108.3062500004
10-225-01351,2023,234782.72812500037
10-225-01352,2023,227674.68125000037
10-225-01353,2023,199422.125
10-225-01354,2023,239883.36562499963
10-225-01355,2023,226436.32656249963
10-226-01356,2023,407520.3062500004
10-226-01357,2023,142383.80625000037
10-226-01358,2023,300203.34062499925
10-226-01359,2023,227816.5031249998
10-226-01360,2023,246929.35624999925
10-226-01361,2023,76833.38671875
10-226-01362,2023,162164.3562500002
10-226-01363,2023,92423.14140625019
10-226-01364,2023,135184.5249999999
10-227-01365,2023,143535.6437499998
10-227-01366,2023,73459.94609375019
10-227-01367,2023,370024.5625
10-227-01368,2023,263867.1546874996
10-227-01369,2023,176368.82968750037
10-227-01370,2023,101724.31718750019
10-227-01371,2023,121600.25468750019
10-228-01372,2023,157468.60312500037
10-228-01373,2023,58379.810546875
10-228-01374,2023,231227.796875
10-228-01375,2023,99999.06718750019
10-228-01376,2023,178138.22499999963
10-228-01377,2023,130924.08671875019
10-229-01378,2023,96662.45703125
10-229-01379,2023,124675.27421875019
10-229-01380,2023,273539.0296874996
10-229-01381,2023,194022.0593750002
10-229-01382,2023,234314.07656249963
10-229-01383,2023,78974.921875
10-229-01384,2023,144634.17031249963
10-229-01385,2023,280060.6109375004
10-229-01386,2023,649232.5687500015
10-229-01387,2023,156894.0421874998
10-229-01388,2023,99314.62109375
10-229-01389,2023,99119.07500000019
10-229-01390,2023,201052.0390625
10-229-01391,2023,273448.90937500075
10-229-01392,2023,302393.0718750004
10-229-01393,2023,123457.11484375037
10-229-01394,2023,146985.94374999963
10-229-01395,2023,205741.7765624998
10-229-01396,2023,115027.3460937501
10-229-01397,2023,63826.489062500186
10-230-01398,2023,250963.5390625
10-230-01399,2023,331847.9312500004
10-230-01400,2023,2234561.487499997
10-230-01401,2023,217091.3125
10-230-01402,2023,388635.65625
10-230-01403,2023,291483.9703125004
10-230-01404,2023,270729.6484375
10-230-01405,2023,194792.7453124998
10-230-01406,2023,137502.48984375037
10-230-01407,2023,360345.44999999925
10-230-01408,2023,300493.1875
10-230-01409,2023,299203.19062500075
10-230-01410,2023,184792.5109374998
10-230-01411,2023,327411.17500000075
10-230-01412,2023,62925.60195312509
10-230-01413,2023,165137.6749999998
10-230-01414,2023,261171.53125
10-230-01415,2023,91746.21406249981
10-230-01416,2023,72679.44609375019
10-230-01417,2023,210317.7140624998
10-230-01418,2023,225860.42500000075
10-230-01419,2023,123161.01796874963
10-230-01420,2023,276886.6109375004
10-231-01421,2023,154596.2625000002
10-231-01422,2023,466306.1500000004
10-231-01423,2023,217269.5
10-231-01424,2023,322854.64375000075
10-231-01425,2023,248424.64531249925
10-231-01426,2023,289739.2203125004
10-231-01427,2023,220820.953125
10-231-01428,2023,339602.36250000075
10-231-01429,2023,252446.46250000037
10-231-01430,2023,116665.53125
10-231-01431,2023,129079.39453125
10-231-01432,2023,204731.37656250037
10-231-01433,2023,260710.34062499925
10-231-01434,2023,268917.1343750004
10-232-01435,2023,204778.35468750075
10-232-01436,2023,54251.68984375009
10-232-01437,2023,233957.07187500037
10-232-01438,2023,57296.410937500186
10-232-01439,2023,34501.49628906255
10-232-01440,2023,330942.6624999996
10-232-01441,2023,178493.09999999963
10-232-01442,2023,84482.19062499981
10-232-01443,2023,326218.77812499925
10-232-01444,2023,272256.24687499925
10-232-01445,2023,389129.15625
10-233-01446,2023,131284.6749999998
10-233-01447,2023,163567.19687500037
10-233-01448,2023,272536.09062499925
10-233-01449,2023,316056.5218749996
10-233-01450,2023,159788.76718750037
10-233-01451,2023,134928.0304687498
10-233-01452,2023,201871.8859374998
10-233-01453,2023,448301.53125
10-233-01454,2023,85078.69062499981
10-233-01455,2023,102024.60859374981
10-233-01456,2023,87350.01250000019
10-234-01457,2023,184001.22812500037
10-234-01458,2023,317187.609375
10-234-01459,2023,151413.3093750002
10-234-01460,2023,72999.42109374981
10-234-01461,2023,221499.0906250002
10-234-01462,2023,291071.84687500075
10-234-01463,2023,246161.80000000075
10-234-01464,2023,98394.59765625
10-234-01465,2023,59014.9765625
10-234-01466,2023,197487.3859374998
10-234-01467,2023,262289.7562499996
10-234-01468,2023,130753.22265625
10-234-01469,2023,86595.23125000019
10-234-01470,2023,254198.14375000075
10-234-01471,2023,353891.8031249996
10-234-01472,2023,123580.6937500001
10-234-01473,2023,441963.8187499996
10-234-01474,2023,155114.6281249998
10-234-01475,2023,155995.8484375002
10-235-01476,2023,310680.5374999996
10-235-01477,2023,215666.96718749963
10-235-01478,2023,487028.07499999925
10-235-01479,2023,591580.6062499993
10-235-01480,2023,253141.00156250037
10-235-01481,2023,375025.98124999925
10-235-01482,2023,201922.93437499925
10-235-01483,2023,269435.359375
10-235-01484,2023,202738.7859375002
10-235-01485,2023,202603.2890625
10-235-01486,2023,262819.16093749925
10-236-01487,2023,157655.8781249998
10-236-01488,2023,333936.3968750015
10-236-01489,2023,291807.7734375
10-236-01490,2023,253254.29843750037
10-236-01491,2023,164789.3046875
10-236-01492,2023,134586.20468750037
10-236-01493,2023,175812.6015625
10-236-01494,2023,304024.9781250004
10-236-01495,2023,769071.5500000007
10-236-01496,2023,136548.09218749963
10-236-01497,2023,133189.4070312502
10-236-01498,2023,243512.2734375
10-236-01499,2023,111703.7203124999
10-236-01500,2023,142774.62265625037
10-236-01501,2023,247733.71718749963
10-236-01502,2023,120311.49843749963
10-236-01503,2023,206372.70937499963
10-236-01504,2023,190861.66249999963
10-236-01505,2023,314443.40625
10-236-01506,2023,147773.38515624963
10-236-01507,2023,349133.53125
10-236-01508,2023,372601.45625000075
10-236-01509,2023,318392.2093749996
10-236-01510,2023,176717.6171875
10-237-01511,2023,130360.09765625
10-237-01512,2023,366084.1187500004
10-237-01513,2023,271518.13593750075
10-237-01514,2023,107934.66562500037
10-237-01515,2023,309557.29374999925
10-237-01516,2023,222362.62187499925
10-237-01517,2023,238808.0390625
10-237-01518,2023,174523.2421875
10-237-01519,2023,340342.7125000004
10-237-01520,2023,157431.8156249998
10-237-01521,2023,129652.49609375
10-237-01522,2023,129770.15625
10-237-01523,2023,150910.3624999998
10-237-01524,2023,202105.90625
10-238-01525,2023,182786.8781249998
10-238-01526,2023,226919.53125
10-238-01527,2023,253024.13906249963
10-238-01528,2023,111140.18828125019
10-238-01529,2023,175466.25937500037
10-238-01530,2023,314488.81562500075
10-238-01531,2023,133300.88906249963
10-238-01532,2023,326030.421875
10-238-01533,2023,317404.6937499996
10-238-01534,2023,308531.89375000075
10-239-01535,2023,175882.71718749963
10-239-01536,2023,260239.15468749963
10-239-01537,2023,211068.25
10-239-01538,2023,176487.71562499925
10-239-01539,2023,137247.6828124998
10-239-01540,2023,350126.10624999925
10-239-01541,2023,177515.12656250037
10-240-01542,2023,120780.80000000005
10-240-01543,2023,75196.28046874981
10-240-01544,2023,212924.6640625
10-240-01545,2023,98164.8500000001
10-240-01546,2023,112725.18281249981
10-203-01013,2024,390499.0593750011
10-203-01014,2024,304854.2218749989
10-203-01015,2024,205753.8015625002
10-203-01016,2024,210124.03749999963
10-203-01017,2024,525923.0062499978
10-203-01018,2024,393452.23124999925
10-203-01019,2024,516589.20625000075
10-203-01021,2024,179403.40000000014
10-203-01022,2024,150451.46796874888
10-203-01023,2024,97804.5234375
10-203-01024,2024,367631.24687499925
10-203-01025,2024,408033.88124999776
10-203-01026,2024,264220.7218749989
10-203-01027,2024,437578.61250000075
10-203-01028,2024,218348.6437499998
10-203-01029,2024,345751.2874999996
10-203-01030,2024,394062.59375
10-204-01031,2024,220441.55156250112
10-204-01032,2024,239053.546875
10-204-01033,2024,278319.2265625
10-204-01034,2024,336150.484375
10-204-01035,2024,194406.49843749963
10-204-01036,2024,239552.32968750037
10-204-01037,2024,114126.29765624972
10-204-01038,2024,212528.59531250037
10-204-01039,2024,397023.8468749989
10-204-01040,2024,381513.39375000075
10-204-01041,2024,457527.86250000075
10-204-01042,2024,277069.5546875
10-204-01043,2024,301153.48750000075
10-204-01044,2024,203616.77500000037
10-204-01045,2024,256786.40625
10-204-01046,2024,214896.21250000037
10-204-01047,2024,317601.3875000011
10-204-01048,2024,393332.765625
10-204-01049,2024,332878.3718750011
10-204-01050,2024,68301.35664062528
10-204-01051,2024,262545.8734374996
10-204-01052,2024,193183.93124999944
10-204-01053,2024,281029.2046875004
10-204-01054,2024,114143.0328124999
10-204-01055,2024,257689.70156249963
10-204-01056,2024,131255.2195312502
10-204-01057,2024,272401.625
10-205-01058,2024,105670.10390625056
10-205-01059,2024,169372.74062500056
10-205-01060,2024,214723.68906250037
10-205-01061,2024,127489.5234375
10-205-01062,2024,322677.3125
10-206-01063,2024,117310.89296875056
10-206-01064,2024,102467.68359375
10-206-01065,2024,85871.49921875028
10-206-01066,2024,172816.35312499944
10-206-01067,2024,396143.67812499776
10-206-01068,2024,314792.1062500011
10-206-01069,2024,322101.69687500224
10-206-01070,2024,269077.6031250004
10-206-01071,2024,118957.015625
10-206-01072,2024,147691.57578124944
10-206-01073,2024,786093.1000000015
10-206-01074,2024,604580.4375
10-206-01075,2024,279458.8781249989
10-206-01076,2024,130619.26015625056
10-206-01077,2024,226221.37343749963
10-206-01078,2024,353465.3937499989
10-206-01079,2024,141688.7625000002
10-207-01080,2024,146113.546875
10-207-01081,2024,196868.12031249888
10-207-01082,2024,126627.16250000056
10-207-01083,2024,221724.828125
10-207-01084,2024,142877.61953125056
10-207-01085,2024,192877.45468749944
10-207-01086,2024,263730.734375
10-207-01087,2024,186751.3203125
10-207-01088,2024,184702.0859375
10-207-01089,2024,198402.48125000112
10-207-01090,2024,145838.38125000056
10-207-01091,2024,421604.66562500224
10-207-01092,2024,445356.7562499996
10-207-01093,2024,436712.9281249996
10-207-01094,2024,442200.859375
10-207-01095,2024,325759.4968750011
10-207-01096,2024,220666.0078125
10-207-01097,2024,324924.78125
10-207-01098,2024,272242.5859375
10-207-01099,2024,306338.9375
10-207-01100,2024,377088.5406250004
10-208-01101,2024,105404.93671874981
10-208-01102,2024,219120.35468749888
10-208-01103,2024,369869.41562500224
10-208-01104,2024,173969.87656250037
10-208-01105,2024,279985.1343750004
10-208-01106,2024,229521.33437499963
10-208-01107,2024,218707.32656249963
10-208-01108,2024,255857.578125
10-208-01109,2024,581041.1750000007
10-208-01110,2024,304029.0531249996
10-208-01111,2024,452007.29062500224
10-209-01112,2024,467276.65000000224
10-209-01113,2024,683075.46875
10-209-01114,2024,352965.9375
10-209-01115,2024,576839.9968749993
10-209-01116,2024,750826.6187499985
10-209-01117,2024,195287.31875000056
10-209-01118,2024,173529.44218750112
10-209-01119,2024,283277.2796874996
10-209-01120,2024,506651.27500000224
10-210-01121,2024,241922.703125
10-210-01122,2024,316663.40625
10-210-01123,2024,461124.21562499925
10-210-01124,2024,362257.3531250004
10-210-01125,2024,364497.5374999996
10-210-01126,2024,390525.08437499776
10-210-01127,2024,249771.4265625002
10-211-01128,2024,504541.34687500075
10-211-01129,2024,327216.0812499989
10-211-01130,2024,217394.3203125
10-211-01131,2024,323183.328125
10-211-01132,2024,369354.828125
10-211-01133,2024,373268.34375
10-211-01134,2024,622961.2375000007
10-211-01135,2024,220718.39687499963
10-211-01136,2024,150289.3828125
10-211-01137,2024,176949.9812500002
10-211-01138,2024,416783.39687499776
10-211-01139,2024,239865.09687499888
10-211-01140,2024,303972.5578124989
10-211-01141,2024,288494.3734374996
10-212-01142,2024,198085.7546875002
10-212-01143,2024,352539.7562499996
10-212-01144,2024,63305.87812500028
10-212-01145,2024,482325.39375000075
10-212-01146,2024,199382.6484375
10-212-01147,2024,403331.21562499925
10-212-01148,2024,456330.37187499925
10-212-01149,2024,227344.60625000112
10-212-01150,2024,89831.33203125
10-212-01151,2024,443951.84999999776
10-212-01152,2024,123559.83906249981
10-212-01153,2024,386225.11250000075
10-212-01154,2024,105423.38125000056
10-212-01155,2024,89433.2789062499
10-212-01156,2024,265172.6078124996
10-212-01157,2024,219599.42343749944
10-213-01158,2024,186600.28593750112
10-213-01159,2024,111011.72109375056
10-213-01160,2024,165356.6796875
10-213-01161,2024,403362.41874999925
10-213-01162,2024,105602.04296875
10-213-01163,2024,298741.3624999989
10-213-01164,2024,295324.7281250004
10-213-01165,2024,114753.22890625056
10-213-01166,2024,130808.82343749981
10-213-01167,2024,214894.71718749963
10-213-01168,2024,156085.78750000056
10-213-01169,2024,278516.6937499996
10-213-01170,2024,304636.46875
10-214-01171,2024,214560.26874999888
10-214-01172,2024,158252.26250000112
10-214-01173,2024,354155.2781250011
10-214-01174,2024,345602.6781249996
10-214-01175,2024,240631.91875000112
10-214-01176,2024,143174.3125
10-214-01177,2024,285141.5656249989
10-214-01178,2024,459807.53125
10-214-01179,2024,284945.4390625004
10-214-01180,2024,153414.0242187502
10-215-01181,2024,327888.2750000004
10-215-01182,2024,401730.4187500011
10-215-01183,2024,346156.390625
10-215-01184,2024,667240.28125
10-215-01185,2024,303884.1187500004
10-215-01186,2024,249255.82656249963
10-215-01187,2024,263177.3546874989
10-215-01188,2024,276567.4390625004
10-215-01189,2024,399619.5999999996
10-215-01190,2024,169721.6953125
10-215-01191,2024,168608.61093749944
10-215-01192,2024,351310.203125
10-215-01193,2024,355463.8843750004
10-215-01194,2024,132172.5203125002
10-215-01195,2024,59558.97187500005
10-215-01196,2024,220020.625
10-215-01197,2024,80957.0257812501
10-215-01198,2024,129393.52734375
10-216-01199,2024,363383.64687499776
10-216-01200,2024,468704.796875
10-216-01201,2024,567546.1031250022
10-216-01202,2024,504085.8125
10-216-01203,2024,173601.90625
10-216-01204,2024,219717.37968750112
10-216-01205,2024,526707.0749999993
10-216-01206,2024,330873.95625000075
10-216-01207,2024,396147.11250000075
10-216-01208,2024,298291.3312499989
10-216-01209,2024,377107.921875
10-216-01210,2024,173088.9578125002
10-216-01211,2024,91758.11640624981
10-216-01212,2024,1289310.8000000045
10-216-01213,2024,426961.86562499776
10-216-01214,2024,521029.69374999776
10-217-01215,2024,135002.60624999972
10-217-01216,2024,154715.90781249944
10-217-01217,2024,298532.7406249996
10-217-01218,2024,126613.38046874944
10-217-01219,2024,297610.875
10-217-01220,2024,207114.8312499998
10-217-01221,2024,362253.9437499996
10-217-01222,2024,174784.6468750001
10-217-01223,2024,142601.9734375002
10-217-01224,2024,170992.2265625
10-217-01225,2024,278638.1078124996
10-217-01226,2024,375392.6156249996
10-217-01227,2024,156073.7843749998
10-217-01228,2024,234021.78125
10-218-01229,2024,85165.82421875
10-218-01230,2024,347474.890625
10-218-01231,2024,370384.9937500004
10-218-01232,2024,300047.8812499996
10-218-01233,2024,117910.1304687499
10-218-01234,2024,103031.70078125014
10-218-01235,2024,231617.80625000037
10-218-01236,2024,275381.0750000002
10-218-01237,2024,355253.2687499989
10-218-01238,2024,247282.359375
10-218-01239,2024,207342.7078125002
10-218-01240,2024,147903.9406249998
10-218-01241,2024,107385.21875
10-218-01242,2024,237777.42812499963
10-218-01243,2024,136150.3117187498
10-218-01244,2024,229202.125
10-218-01245,2024,179994.74062500056
10-218-01246,2024,342443.1062500011
10-218-01247,2024,174330.71249999944
10-219-01248,2024,265375.6171875
10-219-01249,2024,188969.296875
10-219-01250,2024,140814.15859375056
10-219-01251,2024,198535.9484374998
10-219-01252,2024,413407.765625
10-219-01253,2024,110466.69218749972
10-219-01254,2024,265812.3718750011
10-219-01255,2024,331429.6124999989
10-219-01256,2024,203841.0734374998
10-219-01257,2024,145298.4937499999
10-219-01258,2024,590687.2062500007
10-219-01259,2024,131934.88046874944
10-219-01260,2024,386171.625
10-219-01261,2024,201643.24374999944
10-219-01262,2024,97896.33671874972
10-219-01263,2024,156011.72812499944
10-219-01264,2024,445029.4124999996
10-219-01265,2024,357988.5125000011
10-219-01266,2024,163332.7781250002
10-219-01267,2024,190434.44062499888
10-220-01268,2024,252641.2578125
10-220-01269,2024,118670.16328124981
10-220-01270,2024,374124.39687499776
10-220-01271,2024,400280.6781249996
10-220-01272,2024,177742.140625
10-220-01273,2024,181250.90937499888
10-220-01274,2024,579524.6843749993
10-220-01275,2024,375594.9968750011
10-220-01276,2024,365447.1968750004
10-220-01277,2024,244084.57187500037
10-220-01278,2024,576721.3468750007
10-220-01279,2024,339266.78749999776
10-220-01280,2024,313539.5531249996
10-220-01281,2024,184822.72812500037
10-220-01282,2024,263085.4765625
10-220-01283,2024,336045.6187500004
10-221-01284,2024,481164.77812499925
10-221-01285,2024,252561.0734374998
10-221-01286,2024,307066.4124999996
10-221-01287,2024,422373.63749999925
10-221-01288,2024,255525.109375
10-221-01289,2024,165794.1203124998
10-221-01290,2024,187308.91562499944
10-221-01291,2024,212825.22968749888
10-221-01292,2024,236296.84218749963
10-221-01293,2024,161737.0046875002
10-221-01294,2024,263003.6749999989
10-221-01295,2024,314429.3156249989
10-221-01296,2024,195404.6593749998
10-221-01297,2024,275261.9171874989
10-221-01298,2024,246151.94062499888
10-221-01299,2024,518071.40000000224
10-221-01300,2024,272850.765625
10-221-01301,2024,358091.5499999989
10-221-01302,2024,558095.546875
10-221-01303,2024,234938.43125000037
10-222-01304,2024,125664.80546875019
10-222-01305,2024,206074.7000000002
10-222-01306,2024,184111.34375
10-222-01307,2024,178069.53125
10-222-01308,2024,196188.31874999963
10-222-01309,2024,62630.71171874995
10-222-01310,2024,300020.8718750011
10-222-01311,2024,352177.78749999776
10-222-01312,2024,351688.015625
10-222-01313,2024,89014.4281250001
10-222-01314,2024,786586.9875000007
10-222-01315,2024,188333.29375000112
10-222-01316,2024,174491.140625
10-222-01317,2024,156844.9578125002
10-222-01318,2024,309945.359375
10-222-01319,2024,225732.69374999963
10-222-01320,2024,260136.7734375
10-222-01321,2024,27254.63710937486
10-223-01322,2024,400838.30625000224
10-223-01323,2024,480421.046875
10-223-01324,2024,124597.88671875
10-223-01325,2024,182216.49531249888
10-223-01326,2024,307161.3562500011
10-223-01327,2024,460290.92500000075
10-223-01328,2024,312803.3031249996
10-224-01329,2024,119200.58828125056
10-224-01330,2024,184070.0968749998
10-224-01331,2024,161024.7703125002
10-224-01332,2024,197475.0390625
10-224-01333,2024,129049.88515625056
10-224-01334,2024,113890.19218750019
10-224-01335,2024,408505.8875000011
10-224-01336,2024,500746.07499999925
10-224-01337,2024,27534.4453125
10-224-01338,2024,128330.4664062499
10-224-01339,2024,153454.23828125
10-224-01340,2024,284345.0390625
10-224-01341,2024,252309.9140625
10-224-01342,2024,624874.8874999993
10-224-01343,2024,223869.4796874998
10-224-01344,2024,294399.1906249989
10-225-01345,2024,267166.4734375011
10-225-01346,2024,330251.7906250004
10-225-01347,2024,346427.2249999996
10-225-01348,2024,449530.13124999776
10-225-01349,2024,205144.7453124998
10-225-01350,2024,287502.7249999996
10-225-01351,2024,239552.88906249963
10-225-01352,2024,232778.24843749963
10-225-01353,2024,204015.34375
10-225-01354,2024,244958.01718750037
10-225-01355,2024,231120.04062500037
10-226-01356,2024,414792.1156249996
10-226-01357,2024,145974.11171875056
10-226-01358,2024,306586.2843749989
10-226-01359,2024,231218.7625000002
10-226-01360,2024,251201.90937499888
10-226-01361,2024,78223.125
10-226-01362,2024,164955.3234374998
10-226-01363,2024,94176.55000000028
10-226-01364,2024,137069.8109375001
10-227-01365,2024,146358.3445312502
10-227-01366,2024,74824.16718750028
10-227-01367,2024,376327.28125
10-227-01368,2024,269266.6031250004
10-227-01369,2024,180337.68593750056
10-227-01370,2024,103756.45234375028
10-227-01371,2024,123809.94062499981
10-228-01372,2024,160063.41250000056
10-228-01373,2024,59114.083984375
10-228-01374,2024,234485.15625
10-228-01375,2024,101727.14765625028
10-228-01376,2024,182341.13437500037
10-228-01377,2024,132471.82734375028
10-229-01378,2024,98537.171875
10-229-01379,2024,127168.08515624981
10-229-01380,2024,278232.3453125004
10-229-01381,2024,197516.5031249998
10-229-01382,2024,238437.82968749944
10-229-01383,2024,80710.5859375
10-229-01384,2024,147139.09531249944
10-229-01385,2024,285723.4984374996
10-229-01386,2024,660509.5875000022
10-229-01387,2024,159383.7859375002
10-229-01388,2024,101313.5234375
10-229-01389,2024,100494.69843750028
10-229-01390,2024,204113.6328125
10-229-01391,2024,278610.6062500011
10-229-01392,2024,307982.7562499996
10-229-01393,2024,125779.02968750056
10-229-01394,2024,149663.83749999944
10-229-01395,2024,209124.1609375002
10-229-01396,2024,116919.8257812499
10-229-01397,2024,65084.06367187528
10-230-01398,2024,255802.578125
10-230-01399,2024,339188.1624999996
10-230-01400,2024,2273522.137500003
10-230-01401,2024,222158.5
10-230-01402,2024,398056.96875
10-230-01403,2024,297568.0999999996
10-230-01404,2024,276784.8671875
10-230-01405,2024,198006.2546875002
10-230-01406,2024,140161.72109375056
10-230-01407,2024,367585.9874999989
10-230-01408,2024,305109.609375
10-230-01409,2024,304569.7000000011
10-230-01410,2024,187207.4734375002
10-230-01411,2024,333290.1843750011
10-230-01412,2024,64348.81796874991
10-230-01413,2024,168948.0281250002
10-230-01414,2024,265042.1796875
10-230-01415,2024,94113.74687500019
10-230-01416,2024,74214.23945312528
10-230-01417,2024,213632.2546875002
10-230-01418,2024,230535.77812500112
10-230-01419,2024,125885.80624999944
10-230-01420,2024,281097.2718749996
10-231-01421,2024,156927.0890624998
10-231-01422,2024,473317.8499999996
10-231-01423,2024,222715.5546875
10-231-01424,2024,327814.8875000011
10-231-01425,2024,254401.33906249888
10-231-01426,2024,295581.9906249996
10-231-01427,2024,225070.7265625
10-231-01428,2024,346212.8718750011
10-231-01429,2024,257019.02187499963
10-231-01430,2024,118501.8515625
10-231-01431,2024,131477.4375
10-231-01432,2024,208306.27187500056
10-231-01433,2024,265671.1046874989
10-231-01434,2024,273293.3499999996
10-232-01435,2024,209006.97343750112
10-232-01436,2024,55239.91562500014
10-232-01437,2024,238537.51406249963
10-232-01438,2024,58683.90937500028
10-232-01439,2024,35027.72832031245
10-232-01440,2024,336912.4781250004
10-232-01441,2024,180645.72812499944
10-232-01442,2024,86105.52421874972
10-232-01443,2024,331813.0968749989
10-232-01444,2024,277995.9718749989
10-232-01445,2024,395807.171875
10-233-01446,2024,133761.8328125002
10-233-01447,2024,166975.95156250056
10-233-01448,2024,278964.9484374989
10-233-01449,2024,322749.0406250004
10-233-01450,2024,163279.88125000056
10-233-01451,2024,138053.5125000002
10-233-01452,2024,205644.4734375002
10-233-01453,2024,459211.96875
10-233-01454,2024,87114.14531249972
10-233-01455,2024,103900.37578124972
10-233-01456,2024,89314.85078125028
10-234-01457,2024,186781.81875000056
10-234-01458,2024,322226.96875
10-234-01459,2024,154063.9249999998
10-234-01460,2024,74159.40703124972
10-234-01461,2024,225455.9093749998
10-234-01462,2024,295487.3406250011
10-234-01463,2024,251635.31718750112
10-234-01464,2024,99859.08203125
10-234-01465,2024,59821.958984375
10-234-01466,2024,201078.6453125002
10-234-01467,2024,267311.2750000004
10-234-01468,2024,133009.6640625
10-234-01469,2024,88069.01875000028
10-234-01470,2024,259147.56718750112
10-234-01471,2024,359849.6656250004
10-234-01472,2024,125128.4976562499
10-234-01473,2024,450048.0718750004
10-234-01474,2024,156909.44999999972
10-234-01475,2024,158620.1124999998
10-235-01476,2024,317945.7593750004
10-235-01477,2024,220363.00937500037
10-235-01478,2024,495506.94062500075
10-235-01479,2024,606207.8156250007
10-235-01480,2024,258116.74062499963
10-235-01481,2024,382374.8312499989
10-235-01482,2024,206508.65156249888
10-235-01483,2024,275067.5390625
10-235-01484,2024,206839.2374999998
10-235-01485,2024,206355.25
10-235-01486,2024,267041.9171874989
10-236-01487,2024,161446.3640625002
10-236-01488,2024,342523.27500000224
10-236-01489,2024,297419.28125
10-236-01490,2024,259759.13124999963
10-236-01491,2024,167824.78125
10-236-01492,2024,137745.80703125056
10-236-01493,2024,179861.609375
10-236-01494,2024,308695.1312499996
10-236-01495,2024,784782.7937499993
10-236-01496,2024,139967.09921874944
10-236-01497,2024,135790.4406249998
10-236-01498,2024,249152.2578125
10-236-01499,2024,113273.5453125001
10-236-01500,2024,146035.34218750056
10-236-01501,2024,253034.66562500037
10-236-01502,2024,122875.74765624944
10-236-01503,2024,210948.08750000037
10-236-01504,2024,194564.57187499944
10-236-01505,2024,320807.5
10-236-01506,2024,150970.14218749944
10-236-01507,2024,356597.03125
10-236-01508,2024,380283.9031250011
10-236-01509,2024,325459.4781250004
10-236-01510,2024,180350.2109375
10-237-01511,2024,132717.0
10-237-01512,2024,372710.3812499996
10-237-01513,2024,276254.7625000011
10-237-01514,2024,110108.60000000056
10-237-01515,2024,316365.4718749989
10-237-01516,2024,226543.28437499888
10-237-01517,2024,243585.34375
10-237-01518,2024,177867.1875
10-237-01519,2024,346607.1156249996
10-237-01520,2024,160040.7234375002
10-237-01521,2024,132590.51953125
10-237-01522,2024,132267.5234375
10-237-01523,2024,153668.6453125002
10-237-01524,2024,205719.25
10-238-01525,2024,186263.5671875002
10-238-01526,2024,231666.515625
10-238-01527,2024,257211.69687500037
10-238-01528,2024,113551.49140624981
10-238-01529,2024,179210.72500000056
10-238-01530,2024,320635.3250000011
10-238-01531,2024,136724.08749999944
10-238-01532,2024,334035.125
10-238-01533,2024,323666.4312500004
10-238-01534,2024,314890.5281250011
10-239-01535,2024,178429.18906249944
10-239-01536,2024,263526.11093749944
10-239-01537,2024,216547.0625
10-239-01538,2024,180775.74531249888
10-239-01539,2024,139410.1843750002
10-239-01540,2024,356526.4249999989
10-239-01541,2024,180701.67812500056
10-240-01542,2024,121817.37968749995
10-240-01543,2024,76396.45390624972
10-240-01544,2024,216789.5078125
10-240-01545,2024,99767.7007812499
10-240-01546,2024,114748.93046874972
