object_id,stname,dtname,sdtname,st_area_sh,st_length_,remarks,dist_lgd,state_lgd,subdt_lgd,ac_no,st_length(shape),st_area(shape),sum_population
10-206-01064,BIHAR,Sitamarhi,Suppi,0.0,0.0,,221,10,1064,,71084.15120823232,92250451.53846286,94053.671875
10-234-01463,BIHAR,Rohtas,Nasriganj,0.0,0.0,,215,10,1463,,90034.07903274363,167356919.18355417,229088.703125
10-234-01464,BIHAR,Rohtas,Rajpur,0.0,0.0,,215,10,1464,,68660.48684625747,85633596.4997788,94312.109375
10-234-01465,BIHAR,Rohtas,Sanjhauli,0.0,0.0,,215,10,1465,,56591.722358052,83833486.39015438,56423.3203125
10-203-01023,BIHAR,Pashchim Champaran,Thakrahan,0.0,0.0,,211,10,1023,,79847.09402015881,199004696.79409248,88037.7578125
10-204-01054,BIHAR,Purbi Champaran,Phenhara,0.0,0.0,,213,10,1054,,44565.43736457999,67645025.94776015,103616.09375
10-219-01262,BIHAR,Saran,Maker,0.0,0.0,,218,10,1262,,62357.8736467211,96585777.9808088,91807.546875
10-220-01282,BIHAR,Vaishali,Sahdai Buzurg,0.0,0.0,,224,10,1282,,74546.65030748869,114161677.3631406,239314.28125
10-229-01388,BIHAR,Nalanda,Tharthari,0.0,0.0,,209,10,1388,,71853.42144919158,77411758.12428828,93044.34375
10-229-01389,BIHAR,Nalanda,Parbalpur,0.0,0.0,,209,10,1389,,54466.2339431045,76043839.88376136,95410.59375
10-203-01022,BIHAR,Pashchim Champaran,Bhitaha,0.0,0.0,,211,10,1022,,72626.86760213553,166969906.7472905,122004.359375
10-203-01013,BIHAR,Pashchim Champaran,Sidhaw,0.0,0.0,,211,10,1013,,195582.3602130639,1085337194.6715722,362095.5
10-203-01014,BIHAR,Pashchim Champaran,Ramnagar,0.0,0.0,,211,10,1014,,230865.78384139363,866139404.2451236,275373.25
10-203-01015,BIHAR,Pashchim Champaran,Gaunaha,0.0,0.0,,211,10,1015,,136504.94021895694,605322845.3823951,191579.875
10-203-01016,BIHAR,Pashchim Champaran,Mainatanr,0.0,0.0,,211,10,1016,,115419.13930249632,312998546.4010918,189521.65625
10-203-01017,BIHAR,Pashchim Champaran,Narkatiaganj,0.0,0.0,,211,10,1017,,149144.20649331805,441857686.2127825,472797.75
10-203-01018,BIHAR,Pashchim Champaran,Lauriya,0.0,0.0,,211,10,1018,,120853.32018665274,255440417.54612216,361371.875
10-203-01019,BIHAR,Pashchim Champaran,Bagaha,0.0,0.0,,211,10,1019,,135587.24079810514,491292931.53180623,466186.84375
10-203-01021,BIHAR,Pashchim Champaran,Madhubani,0.0,0.0,,211,10,1021,,144670.82201821523,386116138.1353823,175175.40625
10-203-01024,BIHAR,Pashchim Champaran,Jogapatti,0.0,0.0,,211,10,1024,,88530.23644360513,258722436.3759333,334690.71875
10-203-01029,BIHAR,Pashchim Champaran,Bairia,0.0,0.0,,211,10,1029,,105039.82861382668,288505226.87341565,316625.25
10-203-01025,BIHAR,Pashchim Champaran,Chanpatia,0.0,0.0,,211,10,1025,,113543.7602983494,310017349.34780717,368765.40625
10-206-01071,BIHAR,Sitamarhi,Parsauni,0.0,0.0,,221,10,1071,,63729.135625112256,74724139.64418457,109063.1640625
10-203-01026,BIHAR,Pashchim Champaran,Sikta,0.0,0.0,,211,10,1026,,93443.22825707054,255004178.86147365,241782.296875
10-203-01027,BIHAR,Pashchim Champaran,Majhaulia,0.0,0.0,,211,10,1027,,123374.4030721297,371511179.15939575,398150.21875
10-203-01028,BIHAR,Pashchim Champaran,Bettiah,0.0,0.0,,211,10,1028,,53968.26030594324,83182055.35378212,204867.515625
10-203-01030,BIHAR,Pashchim Champaran,Nautan,0.0,0.0,,211,10,1030,,122656.63983711715,245738630.13883996,358243.9375
10-204-01031,BIHAR,Purbi Champaran,Raxaul,0.0,0.0,,213,10,1031,,98709.78801801558,166685360.13968688,202950.0
10-206-01072,BIHAR,Sitamarhi,Belsand,0.0,0.0,,221,10,1072,,66235.5873217276,97354060.86547032,134127.90625
10-206-01073,BIHAR,Sitamarhi,Runisaidpur,0.0,0.0,,221,10,1073,,152472.54206325076,334873257.0825382,718386.3125
10-204-01032,BIHAR,Purbi Champaran,Adapur,0.0,0.0,,213,10,1032,,94532.37688292323,199608924.7111849,215368.03125
10-206-01074,BIHAR,Sitamarhi,Dumra,0.0,0.0,,221,10,1074,,111649.34177378344,241159212.36062923,557756.0625
10-204-01033,BIHAR,Purbi Champaran,Ramgarhwa,0.0,0.0,,213,10,1033,,90718.26831189607,213035907.5226096,251647.53125
10-204-01034,BIHAR,Purbi Champaran,Sugauli,0.0,0.0,,213,10,1034,,84892.41923436844,209336830.19001696,310398.15625
10-204-01038,BIHAR,Purbi Champaran,Ghorasahan,0.0,0.0,,213,10,1038,,75335.10865687576,144368243.47105,190530.640625
10-204-01035,BIHAR,Purbi Champaran,Banjaria,0.0,0.0,,213,10,1035,,102381.40449613356,176960195.87167916,172696.671875
10-204-01047,BIHAR,Purbi Champaran,Kesaria,0.0,0.0,,213,10,1047,,87546.8206889307,229535442.11688668,290707.25
10-204-01036,BIHAR,Purbi Champaran,Narkatia,0.0,0.0,,213,10,1036,,105607.09704406632,168338010.30978012,218846.453125
10-204-01037,BIHAR,Purbi Champaran,Bankatwa,0.0,0.0,,213,10,1037,,99233.37216886049,115311013.90225838,104835.21875
10-204-01039,BIHAR,Purbi Champaran,Dhaka,0.0,0.0,,213,10,1039,,97673.73467814895,202386545.86227983,364001.34375
10-204-01048,BIHAR,Purbi Champaran,Kalyanpur,0.0,0.0,,213,10,1048,,109413.20044555076,313300912.50613195,357322.71875
10-204-01040,BIHAR,Purbi Champaran,Chiraia,0.0,0.0,,213,10,1040,,110764.71696779084,272984575.32652414,346921.71875
10-204-01041,BIHAR,Purbi Champaran,Motihari,0.0,0.0,,213,10,1041,,181544.26702654368,319814691.13850176,420493.71875
10-204-01049,BIHAR,Purbi Champaran,Kotwa,0.0,0.0,,213,10,1049,,78879.98205471091,178282937.71225017,306729.5
10-204-01042,BIHAR,Purbi Champaran,Turkaulia,0.0,0.0,,213,10,1042,,99475.78497366334,174748315.94966665,246636.984375
10-204-01050,BIHAR,Purbi Champaran,Piprakothi,0.0,0.0,,213,10,1050,,58369.33889310607,62223774.49301849,62405.7578125
10-204-01043,BIHAR,Purbi Champaran,Harsidhi,0.0,0.0,,213,10,1043,,133904.34238337883,240218359.62130272,269968.8125
10-204-01044,BIHAR,Purbi Champaran,Paharpur,0.0,0.0,,213,10,1044,,108730.62076802726,192061375.0173064,182048.203125
10-204-01045,BIHAR,Purbi Champaran,Areraj,0.0,0.0,,213,10,1045,,93331.67353690567,242725576.26244012,239792.546875
10-204-01046,BIHAR,Purbi Champaran,Sangrampur,0.0,0.0,,213,10,1046,,78133.67961210197,187659878.02718252,195767.71875
10-204-01051,BIHAR,Purbi Champaran,Chakia(Pipra),0.0,0.0,,213,10,1051,,129110.66914194856,212940547.80779588,238582.859375
10-204-01052,BIHAR,Purbi Champaran,Pakri Dayal,0.0,0.0,,213,10,1052,,90143.40730437863,148110040.62869397,175918.046875
10-204-01053,BIHAR,Purbi Champaran,Patahi,0.0,0.0,,213,10,1053,,85994.51677214028,144960443.14880535,255307.84375
10-204-01055,BIHAR,Purbi Champaran,Madhuban,0.0,0.0,,213,10,1055,,112681.00006095257,152424272.44650427,235633.828125
10-204-01056,BIHAR,Purbi Champaran,Tetaria,0.0,0.0,,213,10,1056,,82320.72754353678,104458405.63845472,117381.5625
10-205-01058,BIHAR,Sheohar,Purnahiya,0.0,0.0,,220,10,1058,,57294.126150412616,80859097.14068061,95300.59375
10-204-01057,BIHAR,Purbi Champaran,Mehsi,0.0,0.0,,213,10,1057,,125063.78039343117,149773808.08158112,249021.859375
10-205-01059,BIHAR,Sheohar,Piprarhi,0.0,0.0,,220,10,1059,,105870.45511307275,104265216.9562483,155389.984375
10-205-01060,BIHAR,Sheohar,Sheohar,0.0,0.0,,220,10,1060,,81007.5322908237,115638983.35873616,197056.1875
10-205-01061,BIHAR,Sheohar,Dumri Katsari,0.0,0.0,,220,10,1061,,65038.65439014734,84655470.24819931,116255.734375
10-205-01062,BIHAR,Sheohar,Tariani Chowk,0.0,0.0,,220,10,1062,,97491.22869259815,171878914.60720828,292951.0
10-206-01063,BIHAR,Sitamarhi,Bairgania,0.0,0.0,,221,10,1063,,59598.621146511534,94417571.99630062,107565.203125
10-206-01065,BIHAR,Sitamarhi,Majorganj,0.0,0.0,,221,10,1065,,62808.55729710282,95411217.42446172,80213.4453125
10-206-01066,BIHAR,Sitamarhi,Sonbarsa,0.0,0.0,,221,10,1066,,92820.94699371175,224104085.6083578,160170.875
10-206-01067,BIHAR,Sitamarhi,Parihar,0.0,0.0,,221,10,1067,,86838.20299610356,272812569.4060281,360677.46875
10-207-01095,BIHAR,Madhubani,Rajnagar,0.0,0.0,,206,10,1095,,78809.12744912357,223111125.2667772,299022.34375
10-206-01068,BIHAR,Sitamarhi,Sursand,0.0,0.0,,221,10,1068,,91215.71647520129,181412871.1123928,289800.46875
10-206-01069,BIHAR,Sitamarhi,Bathnaha,0.0,0.0,,221,10,1069,,120764.04051803834,251403523.12922087,287502.875
10-206-01070,BIHAR,Sitamarhi,Riga,0.0,0.0,,221,10,1070,,129433.73210860479,163724219.02092636,245548.984375
10-210-01123,BIHAR,Kishanganj,Thakurganj,0.0,0.0,,203,10,1123,,224971.2940646554,491161543.46963537,416794.90625
10-210-01124,BIHAR,Kishanganj,Pothia,0.0,0.0,,203,10,1124,,167388.9118766352,443844792.4531903,330209.5625
10-210-01125,BIHAR,Kishanganj,Bahadurganj,0.0,0.0,,203,10,1125,,155296.13881782343,347494200.8377232,331890.28125
10-210-01126,BIHAR,Kishanganj,Kochadhamin,0.0,0.0,,203,10,1126,,139640.52665725534,360840233.8364798,354410.0
10-211-01128,BIHAR,Purnia,Banmankhi,0.0,0.0,,214,10,1128,,142815.61519736593,459936087.34673214,458771.875
10-206-01075,BIHAR,Sitamarhi,Bajpatti,0.0,0.0,,221,10,1075,,90407.29439213518,174303329.1783474,255715.96875
10-206-01076,BIHAR,Sitamarhi,Charaut,0.0,0.0,,221,10,1076,,85128.15752493152,91349700.81924292,119184.296875
10-206-01077,BIHAR,Sitamarhi,Pupri,0.0,0.0,,221,10,1077,,73992.24203369493,115338203.66308306,208891.453125
10-206-01078,BIHAR,Sitamarhi,Nanpur,0.0,0.0,,221,10,1078,,73315.01223618646,135892566.9983101,321670.90625
10-220-01283,BIHAR,Vaishali,Mahnar,0.0,0.0,,224,10,1283,,81638.1139853176,126474580.44313861,309202.78125
10-206-01079,BIHAR,Sitamarhi,Bokhara,0.0,0.0,,221,10,1079,,81978.13188098712,108574895.39827529,129950.296875
10-207-01080,BIHAR,Madhubani,Madhwapur,0.0,0.0,,206,10,1080,,88808.76172423853,137557654.90878707,133025.40625
10-207-01081,BIHAR,Madhubani,Harlakhi,0.0,0.0,,206,10,1081,,90217.76640094945,187441757.00046396,178335.109375
10-207-01082,BIHAR,Madhubani,Basopatti,0.0,0.0,,206,10,1082,,97634.90682970545,164238774.4639331,117393.84375
10-207-01089,BIHAR,Madhubani,Khajauli,0.0,0.0,,206,10,1089,,91171.28062794723,150968724.81279027,183091.5
10-207-01083,BIHAR,Madhubani,Jainagar,0.0,0.0,,206,10,1083,,81489.61423509955,161880108.8306139,204069.609375
10-207-01090,BIHAR,Madhubani,Kaluahi,0.0,0.0,,206,10,1090,,62305.281593423286,101560283.08963235,134412.34375
10-207-01084,BIHAR,Madhubani,Ladania,0.0,0.0,,206,10,1084,,97928.14946240213,232665607.5684243,130472.71875
10-207-01085,BIHAR,Madhubani,Laukaha,0.0,0.0,,206,10,1085,,102032.19667129294,266340932.00179368,177489.46875
10-207-01086,BIHAR,Madhubani,Laukahi,0.0,0.0,,206,10,1086,,109679.24973352649,329223432.564553,241016.296875
10-207-01087,BIHAR,Madhubani,Phulparas,0.0,0.0,,206,10,1087,,117974.41186319289,199352334.8677591,171435.875
10-207-01088,BIHAR,Madhubani,Babubarhi,0.0,0.0,,206,10,1088,,118996.04641992833,237192379.86086744,168195.59375
10-207-01091,BIHAR,Madhubani,Benipatti,0.0,0.0,,206,10,1091,,128414.2409747215,328987645.9449377,386426.25
10-207-01092,BIHAR,Madhubani,Bisfi,0.0,0.0,,206,10,1092,,99754.46134559005,226192948.413646,412223.9375
10-207-01093,BIHAR,Madhubani,Madhubani,0.0,0.0,,206,10,1093,,109764.71764889831,200359220.56727448,403536.3125
10-207-01094,BIHAR,Madhubani,Pandaul,0.0,0.0,,206,10,1094,,102372.75527307783,208327489.63825428,402328.3125
10-207-01096,BIHAR,Madhubani,Andhratharhi,0.0,0.0,,206,10,1096,,97300.5167595078,186769445.10608673,203678.671875
10-207-01097,BIHAR,Madhubani,Jhanjharpur,0.0,0.0,,206,10,1097,,125261.96837896874,181284371.95402232,298528.09375
10-207-01098,BIHAR,Madhubani,Ghoghardiha,0.0,0.0,,206,10,1098,,114215.40677637524,211228851.4219488,251548.8125
10-207-01099,BIHAR,Madhubani,Lakhnaur,0.0,0.0,,206,10,1099,,72956.74167609161,146945623.14022,285126.3125
10-207-01100,BIHAR,Madhubani,Madhepur,0.0,0.0,,206,10,1100,,144505.38034518834,300452948.5687113,347424.59375
10-208-01101,BIHAR,Supaul,Nirmali,0.0,0.0,,223,10,1101,,123310.21889922836,162734364.67066902,96162.203125
10-208-01102,BIHAR,Supaul,Basantpur,0.0,0.0,,223,10,1102,,136288.63693043106,319456339.75100917,200663.640625
10-208-01103,BIHAR,Supaul,Chhatapur,0.0,0.0,,223,10,1103,,142271.17176584958,398825687.2446475,334479.71875
10-208-01104,BIHAR,Supaul,Pratapganj,0.0,0.0,,223,10,1104,,71155.69013184242,133032565.19323792,157298.71875
10-208-01105,BIHAR,Supaul,Raghopur,0.0,0.0,,223,10,1105,,111831.20983491397,255841046.48838165,251441.1875
10-221-01285,BIHAR,Samastipur,Warisnagar,0.0,0.0,,217,10,1285,,90241.30323013186,163846086.5162723,234964.578125
10-208-01106,BIHAR,Supaul,Saraigarh Bhaptiyahi,0.0,0.0,,223,10,1106,,105489.5116383213,257042943.27229512,210190.015625
10-208-01107,BIHAR,Supaul,Kishanpur,0.0,0.0,,223,10,1107,,125516.73810076228,248613546.3002807,199764.640625
10-208-01108,BIHAR,Supaul,Marauna,0.0,0.0,,223,10,1108,,114969.59778192453,206419565.01179272,235000.171875
10-208-01109,BIHAR,Supaul,Supaul,0.0,0.0,,223,10,1109,,122628.008173687,390920691.5720901,527835.25
10-208-01110,BIHAR,Supaul,Pipra,0.0,0.0,,223,10,1110,,113516.78657800167,247320462.25611627,278735.78125
10-221-01287,BIHAR,Samastipur,Khanpur,0.0,0.0,,217,10,1287,,89337.20668890505,173313349.37261373,388630.125
10-208-01111,BIHAR,Supaul,Tribeniganj,0.0,0.0,,223,10,1111,,136684.8917573132,402291551.99740016,414552.125
10-209-01112,BIHAR,Araria,Narpatganj,0.0,0.0,,188,10,1112,,196352.82868709194,482872068.7863751,421146.90625
10-209-01113,BIHAR,Araria,Forbesganj,0.0,0.0,,188,10,1113,,165874.55860340688,546946456.996027,626388.0
10-209-01114,BIHAR,Araria,Bhargama,0.0,0.0,,188,10,1114,,140909.75235341018,280499778.1128878,320088.90625
10-209-01115,BIHAR,Araria,Raniganj,0.0,0.0,,188,10,1115,,160625.61646677545,576910744.770993,521451.53125
10-209-01116,BIHAR,Araria,Araria,0.0,0.0,,188,10,1116,,192057.15187743204,506918787.2643526,680154.75
10-209-01117,BIHAR,Araria,Kursakatta,0.0,0.0,,188,10,1117,,96566.38525637137,201032230.408231,180044.3125
10-209-01118,BIHAR,Araria,Sikti,0.0,0.0,,188,10,1118,,116798.35346995249,237753016.2819182,155038.34375
10-209-01119,BIHAR,Araria,Palasi,0.0,0.0,,188,10,1119,,132578.70192307016,306240761.34804773,257509.046875
10-209-01120,BIHAR,Araria,Jokihat,0.0,0.0,,188,10,1120,,155370.9524619173,341005127.7602247,462136.3125
10-210-01121,BIHAR,Kishanganj,Terhagachh,0.0,0.0,,203,10,1121,,121953.02658094271,245208326.38245347,216987.625
10-210-01122,BIHAR,Kishanganj,Dighalbank,0.0,0.0,,203,10,1122,,147432.83262190674,314385668.4331173,288920.4375
10-211-01129,BIHAR,Purnia,Barhara,0.0,0.0,,214,10,1129,,111073.17449432175,288009141.38478667,298839.8125
10-211-01130,BIHAR,Purnia,Bhawanipur,0.0,0.0,,214,10,1130,,116656.34435182877,201938838.4795833,198802.6875
10-211-01131,BIHAR,Purnia,Rupauli,0.0,0.0,,214,10,1131,,113946.660566684,308195114.8462847,294129.34375
10-211-01132,BIHAR,Purnia,Dhamdaha,0.0,0.0,,214,10,1132,,135370.01293426772,446856166.039676,337458.96875
10-211-01133,BIHAR,Purnia,Krityanand Nagar,0.0,0.0,,214,10,1133,,149407.41850079046,364443041.21247435,335943.75
10-211-01134,BIHAR,Purnia,Purnia East,0.0,0.0,,214,10,1134,,127662.13358515713,309272824.56310594,572918.9375
10-211-01135,BIHAR,Purnia,Kasba,0.0,0.0,,214,10,1135,,130095.64608516233,215123054.3424731,200214.34375
10-211-01136,BIHAR,Purnia,Srinagar,0.0,0.0,,214,10,1136,,106220.57404900706,172405807.6412187,137363.09375
10-211-01137,BIHAR,Purnia,Jalalgarh,0.0,0.0,,214,10,1137,,87146.39992638786,142107808.6772385,162245.078125
10-211-01138,BIHAR,Purnia,Amour,0.0,0.0,,214,10,1138,,141371.93624621196,307011870.96961224,376905.1875
10-211-01139,BIHAR,Purnia,Baisa,0.0,0.0,,214,10,1139,,132173.35304950457,275191667.549805,219287.171875
10-211-01140,BIHAR,Purnia,Baisi,0.0,0.0,,214,10,1140,,118169.54825440844,253873549.02719215,276590.03125
10-211-01141,BIHAR,Purnia,Dagarua,0.0,0.0,,214,10,1141,,129309.28146976323,257465778.6329552,264047.125
10-212-01142,BIHAR,Katihar,Falka,0.0,0.0,,201,10,1142,,100518.70580952488,208374539.8829749,181751.28125
10-212-01143,BIHAR,Katihar,Korha,0.0,0.0,,201,10,1143,,137118.64195203967,368801327.90483874,320472.96875
10-212-01144,BIHAR,Katihar,Hasanganj,0.0,0.0,,201,10,1144,,78227.29832785497,86155111.41022065,57768.4375
10-212-01145,BIHAR,Katihar,Kadwa,0.0,0.0,,201,10,1145,,157692.68144088247,420129854.10490626,439129.8125
10-212-01146,BIHAR,Katihar,Balrampur,0.0,0.0,,201,10,1146,,141815.18317465586,216253207.31133217,181412.96875
10-212-01147,BIHAR,Katihar,Barsoi,0.0,0.0,,201,10,1147,,172308.8160052511,357713388.6445612,367122.53125
10-212-01148,BIHAR,Katihar,Azamnagar,0.0,0.0,,201,10,1148,,141791.77759222616,349759708.1212404,415509.75
10-221-01290,BIHAR,Samastipur,Tajpur,0.0,0.0,,217,10,1290,,57166.77792153786,83856612.1105223,173873.78125
10-212-01149,BIHAR,Katihar,Pranpur,0.0,0.0,,201,10,1149,,111803.70370561493,191475637.62126103,205889.390625
10-212-01150,BIHAR,Katihar,Dandkhora,0.0,0.0,,201,10,1150,,70987.07501110679,111201189.06340708,82589.53125
10-212-01151,BIHAR,Katihar,Katihar,0.0,0.0,,201,10,1151,,76845.81968857624,136830037.77828172,406277.78125
10-212-01152,BIHAR,Katihar,Mansahi,0.0,0.0,,201,10,1152,,73279.06289841712,97405011.1871763,111785.828125
10-212-01155,BIHAR,Katihar,Kursela,0.0,0.0,,201,10,1155,,80348.39413748268,153683091.52761996,82058.6796875
10-212-01153,BIHAR,Katihar,Barari,0.0,0.0,,201,10,1153,,107333.93297446336,407446973.1478653,352260.4375
10-212-01154,BIHAR,Katihar,Sameli,0.0,0.0,,201,10,1154,,75105.36277909,118027198.2496544,95347.03125
10-212-01156,BIHAR,Katihar,Manihari,0.0,0.0,,201,10,1156,,130162.81635074862,303859830.4099729,242146.078125
10-212-01157,BIHAR,Katihar,Amdabad,0.0,0.0,,201,10,1157,,103742.71814675455,228302986.79665467,201408.5
10-213-01158,BIHAR,Madhepura,Gamharia,0.0,0.0,,205,10,1158,,80141.00377515821,125479849.27382244,167655.015625
10-213-01160,BIHAR,Madhepura,Ghailarh,0.0,0.0,,205,10,1160,,78865.70647224285,116219722.2388165,150608.609375
10-213-01159,BIHAR,Madhepura,Singheshwar,0.0,0.0,,205,10,1159,,111627.30849980874,111167268.35246354,101873.5625
10-216-01210,BIHAR,Muzaffarpur,Bandra,0.0,0.0,,208,10,1210,,74293.85759884378,142020443.31484023,157863.390625
10-213-01161,BIHAR,Madhepura,Madhepura,0.0,0.0,,205,10,1161,,115084.47931226583,237801277.85767865,365069.15625
10-213-01162,BIHAR,Madhepura,Shankarpur,0.0,0.0,,205,10,1162,,63984.56408470212,128790837.874554,94140.9296875
10-213-01163,BIHAR,Madhepura,Kumarkhand,0.0,0.0,,205,10,1163,,118191.24796123093,316976886.68211347,272483.96875
10-213-01164,BIHAR,Madhepura,Murliganj,0.0,0.0,,205,10,1164,,94211.11378994165,247086114.21145928,270030.0625
10-221-01293,BIHAR,Samastipur,Mohanpur,0.0,0.0,,217,10,1293,,74468.46489139357,163000016.77407515,146103.390625
10-213-01165,BIHAR,Madhepura,Gwalpara,0.0,0.0,,205,10,1165,,78037.2495556277,147267353.58482873,104139.6796875
10-214-01172,BIHAR,Saharsa,Satar Kataiya,0.0,0.0,,216,10,1172,,77878.75925155886,177382280.64763528,142250.109375
10-213-01166,BIHAR,Madhepura,Bihariganj,0.0,0.0,,205,10,1166,,79669.40805645821,133818744.70956944,119641.7734375
10-216-01211,BIHAR,Muzaffarpur,Dholi (Moraul),0.0,0.0,,208,10,1211,,63030.361633940505,73298422.6275262,82967.875
10-213-01167,BIHAR,Madhepura,Kishanganj,0.0,0.0,,205,10,1167,,99817.47531025465,188055937.5971522,193084.578125
10-216-01212,BIHAR,Muzaffarpur,Musahri,0.0,0.0,,208,10,1212,,211487.75457487197,365415439.5943066,1183801.5
10-213-01168,BIHAR,Madhepura,Puraini,0.0,0.0,,205,10,1168,,63416.842365887525,103114850.3546553,141311.296875
10-214-01174,BIHAR,Saharsa,Kahara,0.0,0.0,,216,10,1174,,81070.16203244023,176788302.3737116,322350.78125
10-213-01169,BIHAR,Madhepura,Alamnagar,0.0,0.0,,205,10,1169,,94357.42058114092,211989804.11375904,254549.515625
10-213-01170,BIHAR,Madhepura,Chausa,0.0,0.0,,205,10,1170,,87285.75133964,172516848.53860697,276804.40625
10-214-01171,BIHAR,Saharsa,Nauhatta,0.0,0.0,,216,10,1171,,93228.84620468391,212763144.21707585,198153.875
10-217-01227,BIHAR,Gopalganj,Sidhwalia,0.0,0.0,,197,10,1227,,69457.48217743407,152022198.31601515,146579.59375
10-214-01173,BIHAR,Saharsa,Mahishi,0.0,0.0,,216,10,1173,,106372.46434789852,273075178.2794974,326948.53125
10-214-01175,BIHAR,Saharsa,Saur Bazar,0.0,0.0,,216,10,1175,,88121.22998090234,233228921.9025612,219189.140625
10-214-01176,BIHAR,Saharsa,Patarghat,0.0,0.0,,216,10,1176,,67497.21582029684,149681422.04156074,129844.2109375
10-214-01177,BIHAR,Saharsa,Sonbarsa,0.0,0.0,,216,10,1177,,90185.02153799882,263952116.041209,262871.625
10-216-01199,BIHAR,Muzaffarpur,Sahebganj,0.0,0.0,,208,10,1199,,80060.99972290538,253055918.70266867,331220.5
10-214-01178,BIHAR,Saharsa,Simri Bakhtiarpur,0.0,0.0,,216,10,1178,,119116.35548129058,266466354.66217396,415148.65625
10-214-01179,BIHAR,Saharsa,Salkhua,0.0,0.0,,216,10,1179,,82412.26684571667,221182533.93573853,267345.125
10-214-01180,BIHAR,Saharsa,Banma Itahri,0.0,0.0,,216,10,1180,,54286.501575749484,92822449.4552088,138022.671875
10-215-01181,BIHAR,Darbhanga,Jale,0.0,0.0,,195,10,1181,,112473.57051363293,234172285.01568127,302691.15625
10-215-01182,BIHAR,Darbhanga,Singhwara,0.0,0.0,,195,10,1182,,121368.62688362494,223279889.67870736,377028.0625
10-215-01183,BIHAR,Darbhanga,Keotiranway,0.0,0.0,,195,10,1183,,89515.08566239705,180205403.4644349,320459.375
10-215-01184,BIHAR,Darbhanga,Darbhanga,0.0,0.0,,195,10,1184,,131883.04966973627,240721362.1475316,625387.0625
10-215-01185,BIHAR,Darbhanga,Manigachhi,0.0,0.0,,195,10,1185,,96856.01003306538,158887287.31255177,285353.1875
10-215-01186,BIHAR,Darbhanga,Tardih,0.0,0.0,,195,10,1186,,96398.42232606321,109520018.96976715,231915.453125
10-215-01187,BIHAR,Darbhanga,Alinagar,0.0,0.0,,195,10,1187,,105560.56246873255,146523357.5416611,245579.9375
10-215-01188,BIHAR,Darbhanga,Benipur,0.0,0.0,,195,10,1188,,118482.30854716274,204643530.87647069,258685.453125
10-215-01189,BIHAR,Darbhanga,Bahadurpur,0.0,0.0,,195,10,1189,,155637.00049509996,221161760.4253616,374882.46875
10-215-01190,BIHAR,Darbhanga,Hanumannagar,0.0,0.0,,195,10,1190,,114393.83215098479,181536916.32106537,157445.9375
10-215-01191,BIHAR,Darbhanga,Hayaghat,0.0,0.0,,195,10,1191,,66118.49929402806,108810529.75916524,159679.5625
10-215-01192,BIHAR,Darbhanga,Baheri,0.0,0.0,,195,10,1192,,128629.1579498372,271307286.95794886,323813.96875
10-215-01193,BIHAR,Darbhanga,Biraul,0.0,0.0,,195,10,1193,,135706.32971678255,230203939.26841983,328201.34375
10-215-01194,BIHAR,Darbhanga,Ghanshyampur,0.0,0.0,,195,10,1194,,76766.91373126305,103945643.9979024,124006.453125
10-215-01195,BIHAR,Darbhanga,Kiratpur,0.0,0.0,,195,10,1195,,78793.19278562842,78915927.53877336,56063.0703125
10-215-01196,BIHAR,Darbhanga,Gora Bauram,0.0,0.0,,195,10,1196,,99804.03366816713,145653476.81698695,205268.578125
10-215-01197,BIHAR,Darbhanga,Kusheshwar Asthan,0.0,0.0,,195,10,1197,,87220.16498537568,144130520.9401011,76643.9453125
10-215-01198,BIHAR,Darbhanga,Kusheshwar Asthan Purbi,0.0,0.0,,195,10,1198,,91858.86035222423,150084285.43545517,121270.125
10-216-01200,BIHAR,Muzaffarpur,Baruraj (Motipur),0.0,0.0,,208,10,1200,,125110.13599018812,365259305.4740948,427136.5
10-216-01201,BIHAR,Muzaffarpur,Paroo,0.0,0.0,,208,10,1201,,136934.87791145188,413033977.3448192,517806.96875
10-216-01202,BIHAR,Muzaffarpur,Saraiya,0.0,0.0,,208,10,1202,,155820.80051537574,301402655.1404849,458932.25
10-216-01203,BIHAR,Muzaffarpur,Marwan,0.0,0.0,,208,10,1203,,84959.92762229654,138736310.53842777,158400.28125
10-216-01204,BIHAR,Muzaffarpur,Kanti,0.0,0.0,,208,10,1204,,97122.90469976026,124757584.36625764,198115.40625
10-216-01205,BIHAR,Muzaffarpur,Minapur,0.0,0.0,,208,10,1205,,166218.11946715685,316124209.98756105,481725.375
10-216-01206,BIHAR,Muzaffarpur,Bochaha,0.0,0.0,,208,10,1206,,126044.68100944142,233148755.94160384,297286.1875
10-216-01207,BIHAR,Muzaffarpur,Aurai,0.0,0.0,,208,10,1207,,101267.16719990574,247748190.77792475,361179.1875
10-216-01208,BIHAR,Muzaffarpur,Katra,0.0,0.0,,208,10,1208,,118891.9342746819,235108975.17115793,275150.375
10-216-01209,BIHAR,Muzaffarpur,Gaighat,0.0,0.0,,208,10,1209,,111008.49869520529,259762671.68662548,344157.0625
10-216-01213,BIHAR,Muzaffarpur,Kurhani,0.0,0.0,,208,10,1213,,108106.10574110712,256354911.2077163,391310.5
10-216-01214,BIHAR,Muzaffarpur,Sakra,0.0,0.0,,208,10,1214,,105121.4777371614,236360031.18726787,475307.90625
10-217-01215,BIHAR,Gopalganj,Katiya,0.0,0.0,,197,10,1215,,94755.55253264701,158441587.458013,127527.7265625
10-217-01216,BIHAR,Gopalganj,Bijaipur,0.0,0.0,,197,10,1216,,81309.59717969262,163112176.36717936,143808.78125
10-217-01217,BIHAR,Gopalganj,Bhorey,0.0,0.0,,197,10,1217,,78790.65552761848,196013266.46535653,280260.5625
10-217-01218,BIHAR,Gopalganj,Pach Deuri,0.0,0.0,,197,10,1218,,53698.212932643866,118295317.11973979,116563.875
10-217-01219,BIHAR,Gopalganj,Kuchaikote,0.0,0.0,,197,10,1219,,101077.28158428885,316078491.04748106,283317.96875
10-217-01220,BIHAR,Gopalganj,Phulwaria,0.0,0.0,,197,10,1220,,81339.22200232239,118763292.85091434,194488.75
10-217-01221,BIHAR,Gopalganj,Hathua,0.0,0.0,,197,10,1221,,91546.96202775641,183613061.83342972,330329.40625
10-217-01222,BIHAR,Gopalganj,Uchkagaon,0.0,0.0,,197,10,1222,,80102.93001981139,142235093.67043933,166119.0625
10-217-01223,BIHAR,Gopalganj,Thawe,0.0,0.0,,197,10,1223,,57244.55575246375,89300191.60424533,133836.15625
10-217-01224,BIHAR,Gopalganj,Gopalganj,0.0,0.0,,197,10,1224,,110313.13172782106,244420793.60160467,160435.734375
10-218-01232,BIHAR,Siwan,Goriakothi,0.0,0.0,,222,10,1232,,73201.39147651673,174963939.23516312,275215.4375
10-217-01225,BIHAR,Gopalganj,Manjha,0.0,0.0,,197,10,1225,,80242.78538873792,179389027.9828925,259512.171875
10-217-01226,BIHAR,Gopalganj,Barauli,0.0,0.0,,197,10,1226,,105754.79057670098,232227972.12586737,351405.59375
10-217-01228,BIHAR,Gopalganj,Baikunthpur,0.0,0.0,,197,10,1228,,97825.58906166903,256614409.24172768,217250.375
10-218-01229,BIHAR,Siwan,Nautan,0.0,0.0,,222,10,1229,,58324.35348563096,81827813.66620097,78866.9609375
10-218-01230,BIHAR,Siwan,Siwan,0.0,0.0,,222,10,1230,,92599.06904644772,168879532.28230655,320817.75
10-218-01235,BIHAR,Siwan,Bhagwanpur Hat,0.0,0.0,,222,10,1235,,86430.4184146014,189582799.91524476,211906.96875
10-218-01231,BIHAR,Siwan,Barharia,0.0,0.0,,222,10,1231,,90315.6629531122,219606934.01516393,346910.34375
10-218-01233,BIHAR,Siwan,Lakri Nabiganj,0.0,0.0,,222,10,1233,,79648.98713303795,120773104.6039552,110035.5859375
10-218-01234,BIHAR,Siwan,Basantpur,0.0,0.0,,222,10,1234,,57871.378293950496,76675463.02480637,98646.2578125
10-218-01236,BIHAR,Siwan,Maharajganj,0.0,0.0,,222,10,1236,,119387.58843212528,142817377.5161484,260158.875
10-218-01237,BIHAR,Siwan,Pachrukhi,0.0,0.0,,222,10,1237,,99183.2392802834,160709761.40986398,332257.78125
10-218-01238,BIHAR,Siwan,Hussainganj,0.0,0.0,,222,10,1238,,68784.84800107122,105975934.30464326,229398.25
10-218-01239,BIHAR,Siwan,Ziradei,0.0,0.0,,222,10,1239,,98825.50869312549,152221780.48504183,191644.59375
10-218-01240,BIHAR,Siwan,Mairwa,0.0,0.0,,222,10,1240,,65279.2242200428,88898123.37504825,135259.140625
10-218-01242,BIHAR,Siwan,Darauli,0.0,0.0,,222,10,1242,,90305.00161970501,214758375.6239279,219713.09375
10-218-01241,BIHAR,Siwan,Guthani,0.0,0.0,,222,10,1241,,78778.78773845347,115110806.99004474,99739.921875
10-219-01248,BIHAR,Saran,Mashrakh,0.0,0.0,,218,10,1248,,82075.7710341599,165898243.02109933,246747.5
10-218-01243,BIHAR,Siwan,Andar,0.0,0.0,,222,10,1243,,83358.60866933218,125625010.62434034,126421.109375
10-219-01249,BIHAR,Saran,Panapur,0.0,0.0,,218,10,1249,,75875.09329534958,182360909.7404776,177300.65625
10-218-01244,BIHAR,Siwan,Raghunathpur,0.0,0.0,,222,10,1244,,87824.68008836384,193566358.3438411,210968.953125
10-219-01250,BIHAR,Saran,Taraiya,0.0,0.0,,218,10,1250,,53629.0613522338,97307015.09151264,129821.3515625
10-218-01245,BIHAR,Siwan,Hasanpura,0.0,0.0,,222,10,1245,,82786.09108287447,121956119.03175904,166968.0625
10-219-01251,BIHAR,Saran,Ishupur,0.0,0.0,,218,10,1251,,62425.60798229613,109300191.56908256,185201.984375
10-218-01246,BIHAR,Siwan,Daraundha,0.0,0.0,,222,10,1246,,105400.53795370483,157911066.26165873,312578.75
10-219-01256,BIHAR,Saran,Jalalpur,0.0,0.0,,218,10,1256,,65042.73641147566,147549697.72689733,188421.65625
10-218-01247,BIHAR,Siwan,Siswan,0.0,0.0,,222,10,1247,,98184.39847010886,155554872.77293277,160795.984375
10-219-01259,BIHAR,Saran,Nagra,0.0,0.0,,218,10,1259,,43289.948409307304,65110006.46242106,121168.640625
10-219-01252,BIHAR,Saran,Baniapur,0.0,0.0,,218,10,1252,,89199.8841803021,219417775.87250236,380629.21875
10-219-01253,BIHAR,Saran,Lahladpur,0.0,0.0,,218,10,1253,,49287.19248841685,70233795.44130237,103009.234375
10-219-01254,BIHAR,Saran,Ekma,0.0,0.0,,218,10,1254,,99716.17236158185,176114988.01319405,246598.078125
10-219-01255,BIHAR,Saran,Manjhi,0.0,0.0,,218,10,1255,,127085.43562979231,244607530.98349065,308673.5
10-219-01257,BIHAR,Saran,Revelganj,0.0,0.0,,218,10,1257,,84877.1419542779,179359801.45379385,136155.0625
10-219-01258,BIHAR,Saran,Chapra,0.0,0.0,,218,10,1258,,119729.94798472138,239470568.44351175,552862.75
10-219-01260,BIHAR,Saran,Marhaura,0.0,0.0,,218,10,1260,,87240.95030017926,190752130.05196184,358435.78125
10-219-01261,BIHAR,Saran,Amnour,0.0,0.0,,218,10,1261,,94922.90618840617,160109081.4065653,188553.0
10-219-01263,BIHAR,Saran,Parsa,0.0,0.0,,218,10,1263,,85595.91054800974,122749042.93573296,143268.234375
10-219-01266,BIHAR,Saran,Dighwara,0.0,0.0,,218,10,1266,,81943.45164265168,101347015.6655549,150674.0625
10-219-01264,BIHAR,Saran,Dariapur,0.0,0.0,,218,10,1264,,115477.27251924115,281302380.67878103,414165.0625
10-219-01265,BIHAR,Saran,Garkha,0.0,0.0,,218,10,1265,,90147.74693968748,213336409.9887166,334764.71875
10-220-01269,BIHAR,Vaishali,Paterhi Belsar,0.0,0.0,,224,10,1269,,56227.36197278124,93522597.26160131,107990.4921875
10-219-01267,BIHAR,Saran,Sonepur,0.0,0.0,,218,10,1267,,70412.64000247594,214865144.18564072,175664.515625
10-220-01268,BIHAR,Vaishali,Vaishali,0.0,0.0,,224,10,1268,,72706.90824879723,158663399.21103516,231821.109375
10-220-01270,BIHAR,Vaishali,Lalganj,0.0,0.0,,224,10,1270,,89595.71916906572,184177988.41986412,341444.28125
10-221-01294,BIHAR,Samastipur,Mohiuddinagar,0.0,0.0,,217,10,1294,,80607.53716768604,178536106.2701614,240411.859375
10-220-01271,BIHAR,Vaishali,Bhagwanpur,0.0,0.0,,224,10,1271,,98965.72708266653,142473218.81446454,367618.96875
10-220-01272,BIHAR,Vaishali,Goraul,0.0,0.0,,224,10,1272,,101989.77906286377,122446101.92943335,160738.96875
10-220-01273,BIHAR,Vaishali,Chehra Kalan,0.0,0.0,,224,10,1273,,63204.34388206024,89818122.94593617,164078.78125
10-220-01277,BIHAR,Vaishali,Raja Pakar,0.0,0.0,,224,10,1277,,58946.08844196175,93673217.82917874,221375.890625
10-220-01274,BIHAR,Vaishali,Patepur,0.0,0.0,,224,10,1274,,118180.33822078991,317029999.71255994,528797.4375
10-220-01275,BIHAR,Vaishali,Mahua,0.0,0.0,,224,10,1275,,86273.82517515696,171155586.12447235,343612.84375
10-220-01276,BIHAR,Vaishali,Jandaha,0.0,0.0,,224,10,1276,,99044.76663725945,179891527.10359335,333122.75
10-220-01278,BIHAR,Vaishali,Hajipur,0.0,0.0,,224,10,1278,,80048.24731377292,194916759.16986817,529367.1875
10-220-01280,BIHAR,Vaishali,Bidupur,0.0,0.0,,224,10,1280,,88122.3198685409,139375575.9420912,292986.3125
10-220-01279,BIHAR,Vaishali,Raghopur,0.0,0.0,,224,10,1279,,128641.49950069311,338499790.0832371,300645.5
10-220-01281,BIHAR,Vaishali,Desri,0.0,0.0,,224,10,1281,,50183.809114488824,56627949.53624974,166438.359375
10-221-01284,BIHAR,Samastipur,Kalyanpur,0.0,0.0,,217,10,1284,,147387.26660455638,294821482.9966942,444318.9375
10-221-01286,BIHAR,Samastipur,Shivaji Nagar,0.0,0.0,,217,10,1286,,96209.25031894707,172333979.18990555,286414.875
10-221-01288,BIHAR,Samastipur,Samastipur,0.0,0.0,,217,10,1288,,112474.97484539819,170577777.20953664,238629.953125
10-221-01289,BIHAR,Samastipur,Pusa,0.0,0.0,,217,10,1289,,64081.7615729533,95008289.7510354,152441.671875
10-221-01291,BIHAR,Samastipur,Morwa,0.0,0.0,,217,10,1291,,104551.97847793197,152111293.7773472,193074.5625
10-221-01292,BIHAR,Samastipur,Patori,0.0,0.0,,217,10,1292,,69422.25062895294,130638318.44440164,215044.0
10-221-01295,BIHAR,Samastipur,Sarairanjan,0.0,0.0,,217,10,1295,,96463.23467310029,185572344.2706523,289775.65625
10-221-01296,BIHAR,Samastipur,Vidyapati Nagar,0.0,0.0,,217,10,1296,,62930.2690484309,106322816.42401849,179209.1875
10-221-01297,BIHAR,Samastipur,Dalsinghsarai,0.0,0.0,,217,10,1297,,80515.23552986495,118201268.21451648,255135.015625
10-221-01298,BIHAR,Samastipur,Ujiarpur,0.0,0.0,,217,10,1298,,81756.09445970641,209497824.1015558,224235.5625
10-221-01300,BIHAR,Samastipur,Rosera,0.0,0.0,,217,10,1300,,84599.34785899956,138535375.895554,250369.234375
10-221-01299,BIHAR,Samastipur,Bibhutpur,0.0,0.0,,217,10,1299,,96600.53522783429,258332531.194082,471139.96875
10-221-01301,BIHAR,Samastipur,Singhia,0.0,0.0,,217,10,1301,,76055.88015393679,178639507.67998633,331479.84375
10-222-01307,BIHAR,Begusarai,Cheria Bariarpur,0.0,0.0,,191,10,1307,,80422.0696045629,127840547.1243011,165423.28125
10-221-01302,BIHAR,Samastipur,Hasanpur,0.0,0.0,,217,10,1302,,122795.93417076243,188091095.39019313,511073.21875
10-221-01303,BIHAR,Samastipur,Bithan,0.0,0.0,,217,10,1303,,72838.55780104545,149849875.79630712,217125.5625
10-222-01304,BIHAR,Begusarai,Khudabandpur,0.0,0.0,,191,10,1304,,49522.71992212785,59617610.47663844,114848.65625
10-222-01305,BIHAR,Begusarai,Chhorahi,0.0,0.0,,191,10,1305,,96201.09768359947,128309829.49376953,192410.8125
10-222-01306,BIHAR,Begusarai,Garhpura,0.0,0.0,,191,10,1306,,69581.28073662621,88651595.91159394,168878.9375
10-222-01308,BIHAR,Begusarai,Bhagwanpur,0.0,0.0,,191,10,1308,,102620.52088176137,147276258.21886113,178535.296875
10-223-01324,BIHAR,Khagaria,Mansi,0.0,0.0,,202,10,1324,,70720.37786012898,86151878.56106131,115180.7421875
10-222-01309,BIHAR,Begusarai,Mansurchak,0.0,0.0,,191,10,1309,,55538.61039021854,42158333.283958256,58495.171875
10-224-01333,BIHAR,Bhagalpur,Rangra Chowk,0.0,0.0,,192,10,1333,,56200.86409227388,97946271.45940188,118332.09375
10-222-01310,BIHAR,Begusarai,Bachhwara,0.0,0.0,,191,10,1310,,112893.55520851951,186501763.14040864,275054.34375
10-222-01311,BIHAR,Begusarai,Teghra,0.0,0.0,,191,10,1311,,93442.93751421869,180050069.66821858,317985.34375
10-222-01312,BIHAR,Begusarai,Barauni,0.0,0.0,,191,10,1312,,90573.71511882372,141812926.41245717,325323.1875
10-222-01313,BIHAR,Begusarai,Birpur,0.0,0.0,,191,10,1313,,69057.86510087451,64693086.30641256,83240.65625
10-222-01314,BIHAR,Begusarai,Begusarai,0.0,0.0,,191,10,1314,,114572.02827886646,273941103.5239774,721705.5625
10-222-01315,BIHAR,Begusarai,Naokothi,0.0,0.0,,191,10,1315,,61794.845266753924,91575422.87048158,170880.671875
10-222-01316,BIHAR,Begusarai,Bakhri,0.0,0.0,,191,10,1316,,74902.13049058078,94921186.04856166,159933.78125
10-222-01317,BIHAR,Begusarai,Dandari,0.0,0.0,,191,10,1317,,77075.31892237118,85364223.36403492,144987.09375
10-222-01318,BIHAR,Begusarai,Sahebpur Kamal,0.0,0.0,,191,10,1318,,97820.3506924087,179327758.1582562,285054.90625
10-222-01319,BIHAR,Begusarai,Balia,0.0,0.0,,191,10,1319,,95726.56851828664,181873531.04775092,208075.625
10-222-01320,BIHAR,Begusarai,Matihani,0.0,0.0,,191,10,1320,,104199.58891726227,214311339.790948,238187.21875
10-222-01321,BIHAR,Begusarai,Shamho Akha Kurha,0.0,0.0,,191,10,1321,,47884.70174269599,82130306.58899558,24054.25
10-223-01322,BIHAR,Khagaria,Alauli,0.0,0.0,,202,10,1322,,117176.16085281859,337532903.06560946,366786.1875
10-223-01323,BIHAR,Khagaria,Khagaria,0.0,0.0,,202,10,1323,,164255.4907534744,325761754.1557925,431653.78125
10-223-01325,BIHAR,Khagaria,Chautham,0.0,0.0,,202,10,1325,,88833.5659059585,205164632.7891582,164229.046875
10-228-01376,BIHAR,Sheikhpura,Chewara,0.0,0.0,,219,10,1376,,77279.14911837938,141385828.1075451,166704.5
10-223-01326,BIHAR,Khagaria,Beldaur,0.0,0.0,,202,10,1326,,101449.44415348554,276820454.1841197,277345.0625
10-223-01327,BIHAR,Khagaria,Gogri,0.0,0.0,,202,10,1327,,109725.85953588395,321971045.3784509,419572.28125
10-223-01328,BIHAR,Khagaria,Parbatta,0.0,0.0,,202,10,1328,,89952.53209418767,286770838.53234714,283757.0
10-224-01329,BIHAR,Bhagalpur,Narayanpur,0.0,0.0,,192,10,1329,,96964.50839109154,173637043.38008544,108851.2109375
10-224-01330,BIHAR,Bhagalpur,Bihpur,0.0,0.0,,192,10,1330,,98960.16392998041,189427956.2070791,170682.578125
10-234-01472,BIHAR,Rohtas,Akorhi Gola,0.0,0.0,,215,10,1472,,71741.57946050014,124356844.03544964,119061.203125
10-224-01331,BIHAR,Bhagalpur,Kharik,0.0,0.0,,192,10,1331,,103106.05203500649,169292223.68779984,147895.546875
10-224-01332,BIHAR,Bhagalpur,Naugachhia,0.0,0.0,,192,10,1332,,91833.23423872421,134223697.96961665,183308.796875
10-224-01335,BIHAR,Bhagalpur,Pirpainti,0.0,0.0,,192,10,1335,,138631.2255747686,411429376.6216011,376980.90625
10-224-01336,BIHAR,Bhagalpur,Kahalgaon,0.0,0.0,,192,10,1336,,128722.99744742387,352186242.20537144,461073.6875
10-224-01337,BIHAR,Bhagalpur,Ismailpur,0.0,0.0,,192,10,1337,,66332.03197363381,102752037.41138108,24643.02734375
10-224-01338,BIHAR,Bhagalpur,Sabour,0.0,0.0,,192,10,1338,,85492.0541239663,141198925.34276122,121885.421875
10-226-01359,BIHAR,Munger,Dharhara,0.0,0.0,,207,10,1359,,105188.90103685112,355220468.750446,217876.078125
10-224-01339,BIHAR,Bhagalpur,Nathnagar,0.0,0.0,,192,10,1339,,105259.93673308079,163498377.60317266,138785.078125
10-226-01360,BIHAR,Munger,Kharagpur,0.0,0.0,,207,10,1360,,169586.30903503796,398589433.5102216,233988.734375
10-224-01340,BIHAR,Bhagalpur,Sultanganj,0.0,0.0,,192,10,1340,,139861.1879796442,266407467.3450057,262603.125
10-224-01341,BIHAR,Bhagalpur,Shahkund,0.0,0.0,,192,10,1341,,93276.90256650816,208798734.37786233,231464.140625
10-224-01342,BIHAR,Bhagalpur,Goradih,0.0,0.0,,192,10,1342,,106918.08891287447,178026414.43832883,572735.25
10-224-01343,BIHAR,Bhagalpur,Jagdishpur,0.0,0.0,,192,10,1343,,107045.71303668506,127447147.46016994,210733.84375
10-224-01344,BIHAR,Bhagalpur,Sonhaula,0.0,0.0,,192,10,1344,,84463.86530366821,214425428.57327408,269185.875
10-225-01345,BIHAR,Banka,Shambhuganj,0.0,0.0,,190,10,1345,,85765.27415008907,217970788.89652416,245423.65625
10-225-01346,BIHAR,Banka,Amarpur,0.0,0.0,,190,10,1346,,98000.87839154692,234663534.19316816,303238.59375
10-225-01347,BIHAR,Banka,Rajaun,0.0,0.0,,190,10,1347,,86718.04358754268,242814641.5593075,318878.78125
10-226-01363,BIHAR,Munger,Tetiha Bambor,0.0,0.0,,207,10,1363,,73286.15332623897,95190725.80042528,87562.421875
10-225-01348,BIHAR,Banka,Dhuraiya,0.0,0.0,,190,10,1348,,106681.6377356153,285703540.38620996,412342.59375
10-225-01349,BIHAR,Banka,Barahat,0.0,0.0,,190,10,1349,,122910.23058217819,181202001.14064544,188324.734375
10-225-01350,BIHAR,Banka,Banka,0.0,0.0,,190,10,1350,,137083.07375503817,365153241.48788345,262571.25
10-225-01351,BIHAR,Banka,Phulidumar,0.0,0.0,,190,10,1351,,117105.67306472127,248400685.45023423,220557.484375
10-225-01352,BIHAR,Banka,Belhar,0.0,0.0,,190,10,1352,,118426.40149548957,290570448.277483,212290.671875
10-225-01353,BIHAR,Banka,Chanan,0.0,0.0,,190,10,1353,,169565.08902723462,550876204.0147796,186237.296875
10-225-01354,BIHAR,Banka,Katoria,0.0,0.0,,190,10,1354,,180268.89530762268,687665367.2781417,224771.09375
10-225-01355,BIHAR,Banka,Bausi,0.0,0.0,,190,10,1355,,109314.78149810205,385846183.7170387,212163.34375
10-226-01356,BIHAR,Munger,Munger,0.0,0.0,,207,10,1356,,162390.1628928388,306519605.49277806,382114.90625
10-226-01357,BIHAR,Munger,Bariarpur,0.0,0.0,,207,10,1357,,122433.4478606843,198040113.63802013,131314.453125
10-226-01358,BIHAR,Munger,Jamalpur,0.0,0.0,,207,10,1358,,72817.19566814511,112971204.64248075,283425.78125
10-226-01361,BIHAR,Munger,Asarganj,0.0,0.0,,207,10,1361,,61173.52838786665,72491453.98190036,72563.96875
10-226-01362,BIHAR,Munger,Tarapur,0.0,0.0,,207,10,1362,,54416.57713098438,86962445.68425661,154082.0625
10-226-01364,BIHAR,Munger,Sangrampur,0.0,0.0,,207,10,1364,,71205.18318302365,105786037.21986651,129127.4453125
10-227-01366,BIHAR,Lakhisarai,Pipariya,0.0,0.0,,204,10,1366,,87968.2901826016,106258171.87143916,68750.5234375
10-227-01365,BIHAR,Lakhisarai,Barahiya,0.0,0.0,,204,10,1365,,95965.48426593257,248505135.43154767,135116.390625
10-227-01367,BIHAR,Lakhisarai,Surajgarha,0.0,0.0,,204,10,1367,,140312.1609931406,462726462.37366486,350791.1875
10-227-01368,BIHAR,Lakhisarai,Lakhisarai,0.0,0.0,,204,10,1368,,117670.76745524361,181316338.94823277,247886.265625
10-227-01369,BIHAR,Lakhisarai,Chanan*,0.0,0.0,,204,10,1369,,86014.87070350182,177670731.10250506,164584.09375
10-228-01375,BIHAR,Sheikhpura,Ghat Kusumbha,0.0,0.0,,219,10,1375,,80592.24583619394,99088070.68237934,94290.4375
10-227-01370,BIHAR,Lakhisarai,Ramgarh Chowk,0.0,0.0,,204,10,1370,,98990.57354622113,128567389.13844268,95722.3828125
10-227-01371,BIHAR,Lakhisarai,Halsi,0.0,0.0,,204,10,1371,,82594.8188222393,191441208.6304817,114662.734375
10-228-01372,BIHAR,Sheikhpura,Barbigha,0.0,0.0,,219,10,1372,,83879.7675047183,115941853.486741,149583.171875
10-228-01373,BIHAR,Sheikhpura,Shekhopur Sarai,0.0,0.0,,219,10,1373,,59774.96229914819,65955650.61796794,55734.7734375
10-228-01374,BIHAR,Sheikhpura,Sheikhpura,0.0,0.0,,219,10,1374,,119718.3677454689,225551054.81458032,221127.4375
10-228-01377,BIHAR,Sheikhpura,Ariari,0.0,0.0,,219,10,1377,,87552.5859976097,183445963.63454768,125283.03125
10-229-01378,BIHAR,Nalanda,Karai Parsurai,0.0,0.0,,209,10,1378,,58523.47447411047,82148146.79064696,91176.265625
10-229-01379,BIHAR,Nalanda,Nagar Nausa,0.0,0.0,,209,10,1379,,82570.35159490984,108015836.82811198,117434.3125
10-229-01380,BIHAR,Nalanda,Harnaut,0.0,0.0,,209,10,1380,,124869.90123154312,224385440.0517296,259744.953125
10-229-01381,BIHAR,Nalanda,Chandi,0.0,0.0,,209,10,1381,,70527.81459673235,147156102.481168,183703.75
10-229-01382,BIHAR,Nalanda,Rahui,0.0,0.0,,209,10,1382,,77076.6108369453,152249665.90613127,222038.46875
10-229-01383,BIHAR,Nalanda,Bind,0.0,0.0,,209,10,1383,,70364.80140905235,88091657.81671415,74025.0
10-229-01384,BIHAR,Nalanda,Sarmera,0.0,0.0,,209,10,1384,,91044.34634338948,167201876.42476654,136874.046875
10-229-01385,BIHAR,Nalanda,Asthawan,0.0,0.0,,209,10,1385,,92263.18064708126,171325630.7179731,264326.21875
10-229-01387,BIHAR,Nalanda,Noorsarai,0.0,0.0,,209,10,1387,,78528.62700534344,151514769.88009417,149652.921875
10-229-01386,BIHAR,Nalanda,Bihar,0.0,0.0,,209,10,1386,,98561.8371020671,215840179.0991975,614343.4375
10-229-01390,BIHAR,Nalanda,Hilsa,0.0,0.0,,209,10,1390,,93433.88804652911,175765721.10991755,191542.734375
10-229-01391,BIHAR,Nalanda,Ekangarsarai,0.0,0.0,,209,10,1391,,87121.32234693572,166605847.460251,257675.609375
10-229-01392,BIHAR,Nalanda,Islampur,0.0,0.0,,209,10,1392,,109868.69145522316,273834151.4326934,285404.25
10-229-01393,BIHAR,Nalanda,Ben,0.0,0.0,,209,10,1393,,66947.54721379357,127526149.56798536,116917.1796875
10-230-01398,BIHAR,Patna,Maner,0.0,0.0,,212,10,1398,,96133.56350709034,213315300.3597084,236690.171875
10-229-01394,BIHAR,Nalanda,Rajgir,0.0,0.0,,209,10,1394,,88740.45664753366,198129288.77271983,139128.828125
10-229-01395,BIHAR,Nalanda,Silao,0.0,0.0,,209,10,1395,,79220.42929786978,154752836.13944647,195527.71875
10-229-01396,BIHAR,Nalanda,Giriak,0.0,0.0,,209,10,1396,,88347.46773236175,99576022.5731765,109218.53125
10-229-01397,BIHAR,Nalanda,Katrisarai,0.0,0.0,,209,10,1397,,38918.76300208476,48673462.28309288,60194.04296875
10-230-01399,BIHAR,Patna,Dinapur-Cum-Khagaul,0.0,0.0,,212,10,1399,,78598.21354533077,184765788.04152673,311529.0625
10-234-01474,BIHAR,Rohtas,Tilouthu,0.0,0.0,,215,10,1474,,73885.57639601533,193504401.97342023,149105.46875
10-230-01400,BIHAR,Patna,Patna Rural,0.0,0.0,,212,10,1400,,87518.10425735511,179850223.48881748,2104897.25
10-230-01401,BIHAR,Patna,Sampatchak,0.0,0.0,,212,10,1401,,53219.7118618291,78902366.60372826,202924.28125
10-230-01406,BIHAR,Patna,Dulhin Bazar,0.0,0.0,,212,10,1406,,77792.54009458271,136539622.4680228,129190.6171875
10-230-01402,BIHAR,Patna,Phulwari,0.0,0.0,,212,10,1402,,70659.26045014715,135940825.49713776,364158.0625
10-230-01413,BIHAR,Patna,Khusrupur,0.0,0.0,,212,10,1413,,46143.60198551767,78201544.387751,155013.28125
10-230-01403,BIHAR,Patna,Bihta,0.0,0.0,,212,10,1403,,116564.9809665079,244879174.98088208,273763.5
10-230-01415,BIHAR,Patna,Athmalgola,0.0,0.0,,212,10,1415,,47997.69261940102,62827293.65665197,85008.6640625
10-230-01404,BIHAR,Patna,Naubatpur,0.0,0.0,,212,10,1404,,105087.74367689912,205320191.59612688,253110.828125
10-230-01405,BIHAR,Patna,Bikram,0.0,0.0,,212,10,1405,,86626.03512108007,186422313.04867813,185003.875
10-234-01475,BIHAR,Rohtas,Rohtas,0.0,0.0,,215,10,1475,,88257.59288547112,389741138.17794544,148280.96875
10-230-01407,BIHAR,Patna,Paliganj,0.0,0.0,,212,10,1407,,129476.3041410336,293354152.7667747,339111.875
10-230-01408,BIHAR,Patna,Masaurhi,0.0,0.0,,212,10,1408,,108866.13277400887,248716954.87290823,285224.03125
10-230-01409,BIHAR,Patna,Dhanarua,0.0,0.0,,212,10,1409,,95102.40821522896,225577653.19725513,282501.65625
10-230-01410,BIHAR,Patna,Punpun,0.0,0.0,,212,10,1410,,82554.93388622913,161116560.78819045,175697.421875
10-230-01411,BIHAR,Patna,Fatwah,0.0,0.0,,212,10,1411,,97950.27190535897,155697451.47083917,312892.0
10-230-01412,BIHAR,Patna,Daniawan,0.0,0.0,,212,10,1412,,69689.77872311571,79566220.36857046,58887.75
10-230-01414,BIHAR,Patna,Bakhtiarpur,0.0,0.0,,212,10,1414,,120205.01587822943,168153072.20481881,250229.046875
10-230-01416,BIHAR,Patna,Belchhi,0.0,0.0,,212,10,1416,,88573.78025963024,87443681.0926542,68339.421875
10-230-01417,BIHAR,Patna,Barh,0.0,0.0,,212,10,1417,,95365.9771693495,147280816.515725,197069.640625
10-230-01419,BIHAR,Patna,Ghoswari,0.0,0.0,,212,10,1419,,66454.95033385535,164897376.1169027,115191.3984375
10-230-01418,BIHAR,Patna,Pandarak,0.0,0.0,,212,10,1418,,106894.44852036482,252509471.6555304,214361.765625
10-232-01438,BIHAR,Buxar,Chaugain,0.0,0.0,,194,10,1438,,52625.33924401454,66025696.44875917,53706.59375
10-232-01439,BIHAR,Buxar,Kesath,0.0,0.0,,194,10,1439,,34661.84662025829,38236018.49691825,32526.396484375
10-230-01420,BIHAR,Patna,Mokameh,0.0,0.0,,212,10,1420,,127700.39840194934,244519830.48183808,263185.625
10-231-01421,BIHAR,Bhojpur,Shahpur,0.0,0.0,,193,10,1421,,110658.91431619873,211766871.4500774,146677.1875
10-234-01460,BIHAR,Rohtas,Suryapura,0.0,0.0,,215,10,1460,,56159.7630280001,69765063.31452103,69210.859375
10-231-01422,BIHAR,Bhojpur,Arrah,0.0,0.0,,193,10,1422,,120924.06747051864,221925641.7145924,442708.90625
10-231-01423,BIHAR,Bhojpur,Barhara,0.0,0.0,,193,10,1423,,128817.96875565937,258494738.36324885,203832.78125
10-231-01424,BIHAR,Bhojpur,Koilwar,0.0,0.0,,193,10,1424,,94779.33453556667,208456312.66749656,307230.3125
10-231-01425,BIHAR,Bhojpur,Sandesh,0.0,0.0,,193,10,1425,,60697.76797134289,164599530.19806212,232287.296875
10-231-01426,BIHAR,Bhojpur,Udwant Nagar,0.0,0.0,,193,10,1426,,92445.60417460876,217797556.82002312,273873.125
10-234-01461,BIHAR,Rohtas,Bikramganj,0.0,0.0,,215,10,1461,,88556.32896667719,168723569.68103397,209747.578125
10-231-01427,BIHAR,Bhojpur,Behea,0.0,0.0,,193,10,1427,,114516.77527652554,206091349.70539597,208191.765625
10-231-01428,BIHAR,Bhojpur,Jagdishpur,0.0,0.0,,193,10,1428,,109726.00219208181,318463526.4488765,320378.40625
10-231-01429,BIHAR,Bhojpur,Piro,0.0,0.0,,193,10,1429,,100703.96274410955,268205354.86689487,238742.0
10-234-01462,BIHAR,Rohtas,Karakat,0.0,0.0,,215,10,1462,,102232.22868007293,251121712.10833624,278544.78125
10-231-01430,BIHAR,Bhojpur,Charpokhari,0.0,0.0,,193,10,1430,,88834.1327790213,135855258.49695313,110984.4296875
10-231-01431,BIHAR,Bhojpur,Garhani,0.0,0.0,,193,10,1431,,93054.52180151101,137128723.85739592,121817.78125
10-231-01432,BIHAR,Bhojpur,Agiaon,0.0,0.0,,193,10,1432,,87534.07309197474,191419206.17039648,194394.359375
10-231-01433,BIHAR,Bhojpur,Tarari,0.0,0.0,,193,10,1433,,95157.98131215997,247108515.4982669,246381.5625
10-231-01434,BIHAR,Bhojpur,Sahar,0.0,0.0,,193,10,1434,,61748.81499939302,157154129.14318892,255357.625
10-232-01435,BIHAR,Buxar,Simri,0.0,0.0,,194,10,1435,,87047.69219699135,222195796.247413,193073.6875
10-232-01436,BIHAR,Buxar,Chakki,0.0,0.0,,194,10,1436,,73799.54032015939,80420668.23199363,51244.515625
10-232-01437,BIHAR,Buxar,Barhampur,0.0,0.0,,194,10,1437,,133928.15369382405,240152233.65370417,220848.265625
10-232-01440,BIHAR,Buxar,Dumraon,0.0,0.0,,194,10,1440,,115797.88145848007,238641355.07175583,314424.09375
10-232-01441,BIHAR,Buxar,Buxar,0.0,0.0,,194,10,1441,,90996.21871903203,211591033.38394436,169942.40625
10-232-01442,BIHAR,Buxar,Chausa,0.0,0.0,,194,10,1442,,99103.08457070828,138502720.57991108,79792.625
10-232-01443,BIHAR,Buxar,Rajpur,0.0,0.0,,194,10,1443,,121142.9666413415,336933113.12217736,309680.9375
10-232-01444,BIHAR,Buxar,Itarhi,0.0,0.0,,194,10,1444,,109439.3274763228,293713382.2816445,255859.671875
10-232-01445,BIHAR,Buxar,Nawanagar,0.0,0.0,,194,10,1445,,126567.10382889764,229774401.79100823,368265.46875
10-233-01446,BIHAR,Kaimur (Bhabua),Ramgarh,0.0,0.0,,200,10,1446,,124781.0721120257,206666195.02442607,123357.96875
10-233-01447,BIHAR,Kaimur (Bhabua),Nuaon,0.0,0.0,,200,10,1447,,121732.74643995032,235834986.4758632,153229.9375
10-233-01448,BIHAR,Kaimur (Bhabua),Kudra,0.0,0.0,,200,10,1448,,132624.50147962422,255577893.54332253,254162.6875
10-233-01449,BIHAR,Kaimur (Bhabua),Mohania,0.0,0.0,,200,10,1449,,142323.6809133636,349176573.6513165,294959.71875
10-233-01450,BIHAR,Kaimur (Bhabua),Durgawati,0.0,0.0,,200,10,1450,,108544.41183902678,212580801.4059764,149350.96875
10-233-01451,BIHAR,Kaimur (Bhabua),Chand,0.0,0.0,,200,10,1451,,97099.60209928264,257974481.1925409,125884.515625
10-233-01452,BIHAR,Kaimur (Bhabua),Chainpur,0.0,0.0,,200,10,1452,,170712.34536647963,555311526.8488017,190549.3125
10-233-01453,BIHAR,Kaimur (Bhabua),Bhabua,0.0,0.0,,200,10,1453,,143727.89821118704,407618990.38615096,417392.4375
10-233-01454,BIHAR,Kaimur (Bhabua),Rampur,0.0,0.0,,200,10,1454,,126612.15498309073,210660395.23746365,79311.7265625
10-233-01455,BIHAR,Kaimur (Bhabua),Bhagwanpur,0.0,0.0,,200,10,1455,,134815.05705103654,292151198.96788174,95376.125
10-233-01456,BIHAR,Kaimur (Bhabua),Adhaura,0.0,0.0,,200,10,1456,,271357.2345421078,1135984955.9859164,81517.1796875
10-234-01457,BIHAR,Rohtas,Kochas,0.0,0.0,,215,10,1457,,90248.48407846906,187033418.62218276,175800.59375
10-234-01458,BIHAR,Rohtas,Dinara,0.0,0.0,,215,10,1458,,157118.7651045217,464648316.8452498,301734.84375
10-234-01459,BIHAR,Rohtas,Dawath,0.0,0.0,,215,10,1459,,78120.6651060775,129910427.66035384,143401.78125
10-234-01466,BIHAR,Rohtas,Nokha,0.0,0.0,,215,10,1466,,82152.91978314315,208772248.59610957,187394.0
10-235-01476,BIHAR,Aurangabad,Daudnagar,0.0,0.0,,189,10,1476,,91010.07504965532,238139281.75712803,289988.03125
10-234-01467,BIHAR,Rohtas,Kargahar,0.0,0.0,,215,10,1467,,128509.87472624176,406135690.59563094,247546.921875
10-234-01468,BIHAR,Rohtas,Chenari,0.0,0.0,,215,10,1468,,121720.69626398994,292642418.8385522,123660.2109375
10-234-01469,BIHAR,Rohtas,Nauhatta,0.0,0.0,,215,10,1469,,175494.75594492842,478591449.404211,82301.9765625
10-234-01470,BIHAR,Rohtas,Sheosagar,0.0,0.0,,215,10,1470,,135463.8765525897,406503956.12222886,240563.34375
10-234-01471,BIHAR,Rohtas,Sasaram,0.0,0.0,,215,10,1471,,135810.11950728856,394273130.8742507,334657.1875
10-234-01473,BIHAR,Rohtas,Dehri,0.0,0.0,,215,10,1473,,97323.52013589225,199371136.99043605,417905.1875
10-235-01477,BIHAR,Aurangabad,Haspura,0.0,0.0,,189,10,1477,,88845.10694940752,164519986.5205008,201748.75
10-235-01478,BIHAR,Aurangabad,Goh,0.0,0.0,,189,10,1478,,122286.20877621078,374665187.3660463,460159.8125
10-236-01491,BIHAR,Gaya,Neem Chak Bathani,0.0,0.0,,196,10,1491,,79540.44278654993,146770773.7769567,155369.296875
10-235-01479,BIHAR,Aurangabad,Rafiganj,0.0,0.0,,189,10,1479,,167069.30684925965,465687847.79432577,550032.8125
10-235-01480,BIHAR,Aurangabad,Obra,0.0,0.0,,189,10,1480,,130720.05569071589,327203821.09876627,238312.734375
10-236-01494,BIHAR,Gaya,Manpur,0.0,0.0,,196,10,1494,,77081.78707553667,161226183.41058797,288849.71875
10-235-01481,BIHAR,Aurangabad,Aurangabad,0.0,0.0,,189,10,1481,,125502.68609205673,344679798.38062614,353198.0625
10-237-01511,BIHAR,Nawada,Nardiganj,0.0,0.0,,210,10,1511,,60262.24041371029,129808165.4472442,123531.3515625
10-235-01482,BIHAR,Aurangabad,Barun,0.0,0.0,,189,10,1482,,117269.30390529483,381782699.30215496,187664.828125
10-235-01483,BIHAR,Aurangabad,Nabinagar,0.0,0.0,,189,10,1483,,173491.30877801325,657546828.2218357,253017.734375
10-235-01484,BIHAR,Aurangabad,Kutumba,0.0,0.0,,189,10,1484,,110495.73757590447,319048251.76106954,190425.9375
10-235-01485,BIHAR,Aurangabad,Deo,0.0,0.0,,189,10,1485,,158578.88849021672,336990745.1586724,190527.703125
10-235-01486,BIHAR,Aurangabad,Madanpur,0.0,0.0,,189,10,1486,,153529.37367368402,418713952.50229967,248903.90625
10-236-01487,BIHAR,Gaya,Konch,0.0,0.0,,196,10,1487,,154041.56172387034,319288521.7326548,146768.234375
10-236-01488,BIHAR,Gaya,Tikari,0.0,0.0,,196,10,1488,,122221.36853604284,290576655.12704176,310175.65625
10-236-01489,BIHAR,Gaya,Belaganj,0.0,0.0,,196,10,1489,,113473.13279109563,240372540.95814112,274494.03125
10-236-01490,BIHAR,Gaya,Khizirsarai,0.0,0.0,,196,10,1490,,103698.13096672995,223124430.97950032,235580.828125
10-236-01492,BIHAR,Gaya,Muhra,0.0,0.0,,196,10,1492,,93681.45756176667,181269438.2139707,125508.5546875
10-236-01493,BIHAR,Gaya,Atri,0.0,0.0,,196,10,1493,,103075.15367958385,161340647.62451813,163837.921875
10-236-01495,BIHAR,Gaya,Gaya Town C.D.Block,0.0,0.0,,196,10,1495,,91678.58033080616,224144813.6021213,720777.125
10-236-01496,BIHAR,Gaya,Paraiya,0.0,0.0,,196,10,1496,,75593.31264449215,167300846.5298876,126646.3828125
10-236-01497,BIHAR,Gaya,Guraru,0.0,0.0,,196,10,1497,,81292.54933661391,199646285.7542363,125084.90625
10-237-01512,BIHAR,Nawada,Nawada,0.0,0.0,,210,10,1512,,86822.75137888109,219317998.1072041,345980.46875
10-236-01498,BIHAR,Gaya,Gurua,0.0,0.0,,196,10,1498,,117859.62964526065,238015237.1519128,227489.203125
10-236-01499,BIHAR,Gaya,Amas,0.0,0.0,,196,10,1499,,100546.69423332924,128484051.44985774,105557.9453125
10-237-01517,BIHAR,Nawada,Roh,0.0,0.0,,210,10,1517,,77804.52626079548,192537548.9783989,224578.609375
10-236-01500,BIHAR,Gaya,Banke Bazar,0.0,0.0,,196,10,1500,,85166.97220092022,256240042.68049288,134050.421875
10-236-01501,BIHAR,Gaya,Imamganj,0.0,0.0,,196,10,1501,,136271.57775821586,316917295.57645696,232433.953125
10-236-01502,BIHAR,Gaya,Dumaria,0.0,0.0,,196,10,1502,,119690.94596035974,390676703.928496,112284.8515625
10-236-01503,BIHAR,Gaya,Sherghati,0.0,0.0,,196,10,1503,,100322.2973073121,167902109.12194017,191879.34375
10-238-01531,BIHAR,Jamui,Gidhaur,0.0,0.0,,198,10,1531,,55211.5633940527,100392309.18230554,123163.953125
10-236-01504,BIHAR,Gaya,Dobhi,0.0,0.0,,196,10,1504,,103572.88994215836,218837778.49499393,179424.03125
10-236-01505,BIHAR,Gaya,Bodh Gaya,0.0,0.0,,196,10,1505,,120948.91182130505,306843965.9119923,295057.90625
10-236-01506,BIHAR,Gaya,Tan Kuppa,0.0,0.0,,196,10,1506,,108147.94853451202,190099968.23000297,137829.09375
10-240-01542,BIHAR,Arwal,Arwal,0.0,0.0,,611,10,1542,,73924.8054791393,147787869.27798152,116675.859375
10-236-01507,BIHAR,Gaya,Wazirganj,0.0,0.0,,196,10,1507,,105472.06999302967,323030583.61833626,326691.15625
10-236-01508,BIHAR,Gaya,Fatehpur,0.0,0.0,,196,10,1508,,155359.44599717355,408449805.62920874,349543.5
10-240-01543,BIHAR,Arwal,Kaler,0.0,0.0,,611,10,1543,,67777.19153730445,176075758.749563,70872.15625
10-236-01509,BIHAR,Gaya,Mohanpur,0.0,0.0,,196,10,1509,,119906.24818546322,418796109.2883684,297694.0
10-240-01544,BIHAR,Arwal,Karpi,0.0,0.0,,611,10,1544,,158139.92638461498,234985661.7206014,202627.234375
10-236-01510,BIHAR,Gaya,Barachatti,0.0,0.0,,196,10,1510,,138753.78132836288,366328956.31361085,165944.65625
10-237-01513,BIHAR,Nawada,Warisaliganj,0.0,0.0,,210,10,1513,,109792.76918459819,202861050.3008767,257059.65625
10-237-01514,BIHAR,Nawada,Kashi Chak,0.0,0.0,,210,10,1514,,73948.94452619922,98983451.20841853,101687.6875
10-237-01515,BIHAR,Nawada,Pakribarawan,0.0,0.0,,210,10,1515,,104545.76938151139,251834567.85717744,291260.0
10-237-01516,BIHAR,Nawada,Kawakol,0.0,0.0,,210,10,1516,,121170.20018263235,362955647.76482904,209229.53125
10-237-01518,BIHAR,Nawada,Gobindpur,0.0,0.0,,210,10,1518,,73133.35659787485,188189390.13263756,163737.390625
10-237-01519,BIHAR,Nawada,Akbarpur,0.0,0.0,,210,10,1519,,91268.2921062847,249541236.96202633,322020.375
10-237-01520,BIHAR,Nawada,Hisua,0.0,0.0,,210,10,1520,,85113.4923130193,144090762.99664384,149329.484375
10-237-01521,BIHAR,Nawada,Narhat,0.0,0.0,,210,10,1521,,62856.50481924386,99624005.77002536,121274.4609375
10-237-01522,BIHAR,Nawada,Meskaur,0.0,0.0,,210,10,1522,,75185.00287586387,145604023.18435815,122287.8515625
10-237-01523,BIHAR,Nawada,Sirdala,0.0,0.0,,210,10,1523,,111278.51695598938,301894539.186342,142423.296875
10-237-01524,BIHAR,Nawada,Rajauli,0.0,0.0,,210,10,1524,,132370.86211000624,450216393.36794454,191392.265625
10-238-01525,BIHAR,Jamui,Islamnagar Aliganj,0.0,0.0,,198,10,1525,,96153.77396855215,213408239.47295904,172519.890625
10-238-01526,BIHAR,Jamui,Sikandra,0.0,0.0,,198,10,1526,,86788.2538333537,223096734.30010977,212077.59375
10-238-01527,BIHAR,Jamui,Jamui,0.0,0.0,,198,10,1527,,90084.78430112793,212157753.6648698,239712.765625
10-238-01528,BIHAR,Jamui,Barhat,0.0,0.0,,198,10,1528,,114104.37581341481,270298087.1382075,104454.9296875
10-238-01529,BIHAR,Jamui,Lakshmipur,0.0,0.0,,198,10,1529,,112147.89260238525,307635253.00857943,164123.9375
10-238-01530,BIHAR,Jamui,Jhajha,0.0,0.0,,198,10,1530,,147664.43327942316,507112726.974952,296506.625
10-238-01532,BIHAR,Jamui,Khaira,0.0,0.0,,198,10,1532,,142747.05687020053,513762691.7981683,303346.53125
10-238-01533,BIHAR,Jamui,Sono,0.0,0.0,,198,10,1533,,117724.39892386932,474283005.7300444,297892.78125
10-238-01534,BIHAR,Jamui,Chakai,0.0,0.0,,198,10,1534,,243956.2217086091,956725034.6798706,289965.75
10-239-01535,BIHAR,Jehanabad,Ratni Faridpur,0.0,0.0,,199,10,1535,,82762.53932271499,155018952.20303965,167889.3125
10-239-01536,BIHAR,Jehanabad,Jehanabad,0.0,0.0,,199,10,1536,,97254.09844747804,201426556.69272655,249192.59375
10-239-01537,BIHAR,Jehanabad,Kako,0.0,0.0,,199,10,1537,,83599.3529020472,162373941.78194478,195745.671875
10-239-01538,BIHAR,Jehanabad,Modanganj,0.0,0.0,,199,10,1538,,66522.90037500951,97205276.85869928,164481.90625
10-239-01539,BIHAR,Jehanabad,Ghoshi,0.0,0.0,,199,10,1539,,82931.95174196921,112225161.55433495,131097.40625
10-239-01540,BIHAR,Jehanabad,Makhdumpur,0.0,0.0,,199,10,1540,,128831.72570768485,301471679.33572614,331003.9375
10-239-01541,BIHAR,Jehanabad,Hulasganj,0.0,0.0,,199,10,1541,,87179.53907708311,119677697.18988888,168091.21875
10-240-01545,BIHAR,Arwal,Sonbhadra Banshi Suryapur,0.0,0.0,,611,10,1545,,62692.97791397586,116643000.97724338,93384.296875
10-240-01546,BIHAR,Arwal,Kurtha,0.0,0.0,,611,10,1546,,71585.17106640573,106433073.5354984,106532.171875
10-224-01334,BIHAR,Bhagalpur,Gopalpur,0.0,0.0,,192,10,1334,,95407.9186210158,208941966.91883087,104597.1015625
10-210-01127,BIHAR,Kishanganj,Kishanganj,0.0,0.0,,203,10,1127,,125268.33771117091,207105687.55921903,232134.953125
