object_id,stname,dtname,sdtname,st_area_sh,st_length_,remarks,dist_lgd,state_lgd,subdt_lgd,ac_no,st_length(shape),st_area(shape),sum_population,subdistrict_name_norm,mean_sex_ratio,sum_aged_population,sum_young_population
10-206-01064,BIHAR,Sitamarhi,Suppi,0.0,0.0,,221,10,1064,,71084.15120823232,92250451.53846286,87028.328125,SUPPI,0.8808548401155508,3939.2800000000007,10418.669999999998
10-234-01463,BIHAR,Rohtas,Nasriganj,0.0,0.0,,215,10,1463,,90034.07903274363,167356919.18355417,212386.109375,NASRIGANJ,0.8999174121468575,12206.689999999999,24779.480000000003
10-234-01464,BIHAR,Rohtas,Rajpur,0.0,0.0,,215,10,1464,,68660.48684625747,85633596.4997788,90017.0,RAJPUR,0.8994486448360985,4625.950000000001,9365.06
10-234-01465,BIHAR,Rohtas,Sanjhauli,0.0,0.0,,215,10,1465,,56591.722358052,83833486.39015438,53994.1015625,SANJHAULI,0.8994484514212983,2847.2200000000003,5764.08
10-203-01023,BIHAR,Pashchim Champaran,Thakrahan,0.0,0.0,,211,10,1023,,79847.09402015881,199004696.79409248,81430.09375,THAKRAHAN,0.8923336132373221,3716.98,10371.35
10-204-01054,BIHAR,Purbi Champaran,Phenhara,0.0,0.0,,213,10,1054,,44565.43736457999,67645025.94776015,98248.921875,PHENHARA,0.8830462750452438,4214.1,12153.52
10-219-01262,BIHAR,Saran,Maker,0.0,0.0,,218,10,1262,,62357.8736467211,96585777.9808088,88333.671875,MAKER,0.9327689300329972,5568.82,9971.15
10-220-01282,BIHAR,Vaishali,Sahdai Buzurg,0.0,0.0,,224,10,1282,,74546.65030748869,114161677.3631406,220872.78125,SAHDAI_BUZURG,0.8789251990983005,11961.240000000002,23474.519999999997
10-229-01388,BIHAR,Nalanda,Tharthari,0.0,0.0,,209,10,1388,,71853.42144919158,77411758.12428828,87258.4609375,THARTHARI,0.9038796717935652,4530.91,9344.369999999999
10-229-01389,BIHAR,Nalanda,Parbalpur,0.0,0.0,,209,10,1389,,54466.2339431045,76043839.88376136,90784.953125,PARBALPUR,0.9038799194661635,4896.98,10099.349999999999
10-203-01022,BIHAR,Pashchim Champaran,Bhitaha,0.0,0.0,,211,10,1022,,72626.86760213553,166969906.7472905,102063.34375,BHITAHA,0.8908902139483587,4218.47,11930.73
10-203-01013,BIHAR,Pashchim Champaran,Sidhaw,0.0,0.0,,211,10,1013,,195582.3602130639,1085337194.6715722,343805.40625,SIDHAW,0.8959114349183761,15659.760000000002,44463.34
10-203-01014,BIHAR,Pashchim Champaran,Ramnagar,0.0,0.0,,211,10,1014,,230865.78384139363,866139404.2451236,253362.65625,RAMNAGAR,0.88928234371747,11063.369999999999,31773.43
10-203-01015,BIHAR,Pashchim Champaran,Gaunaha,0.0,0.0,,211,10,1015,,136504.94021895694,605322845.3823951,182332.859375,GAUNAHA,0.8894667276299392,8142.57,23372.36
10-203-01016,BIHAR,Pashchim Champaran,Mainatanr,0.0,0.0,,211,10,1016,,115419.13930249632,312998546.4010918,174457.65625,MAINATANR,0.8912628617793722,7799.03,22264.31
10-203-01017,BIHAR,Pashchim Champaran,Narkatiaganj,0.0,0.0,,211,10,1017,,149144.20649331805,441857686.2127825,431514.71875,NARKATIAGANJ,0.8892504154364154,18847.559999999998,54133.46000000001
10-203-01018,BIHAR,Pashchim Champaran,Lauriya,0.0,0.0,,211,10,1018,,120853.32018665274,255440417.54612216,336225.09375,LAURIYA,0.8892506689273612,14965.88,42984.62000000001
10-203-01019,BIHAR,Pashchim Champaran,Bagaha,0.0,0.0,,211,10,1019,,135587.24079810514,491292931.53180623,426489.0,BAGAHA,0.889250369416479,19002.0,54577.06
10-203-01021,BIHAR,Pashchim Champaran,Madhubani,0.0,0.0,,211,10,1021,,144670.82201821523,386116138.1353823,180141.78125,MADHUBANI,0.8899412871238072,7683.93,21926.42
10-203-01024,BIHAR,Pashchim Champaran,Jogapatti,0.0,0.0,,211,10,1024,,88530.23644360513,258722436.3759333,308912.75,JOGAPATTI,0.8892504499884911,13392.4,38465.33
10-203-01029,BIHAR,Pashchim Champaran,Bairia,0.0,0.0,,211,10,1029,,105039.82861382668,288505226.87341565,296351.875,BAIRIA,0.8892504054901481,12138.73,34864.57
10-203-01025,BIHAR,Pashchim Champaran,Chanpatia,0.0,0.0,,211,10,1025,,113543.7602983494,310017349.34780717,338493.1875,CHANPATIA,0.8892504621110943,14731.599999999999,42311.67999999999
10-206-01071,BIHAR,Sitamarhi,Parsauni,0.0,0.0,,221,10,1071,,63729.135625112256,74724139.64418457,101732.4453125,PARSAUNI,0.8778419210010705,5623.88,13381.32
10-203-01026,BIHAR,Pashchim Champaran,Sikta,0.0,0.0,,211,10,1026,,93443.22825707054,255004178.86147365,223063.953125,SIKTA,0.8890538265908798,9631.32,27690.58
10-203-01027,BIHAR,Pashchim Champaran,Majhaulia,0.0,0.0,,211,10,1027,,123374.4030721297,371511179.15939575,367707.25,MAJHAULIA,0.8889159452753329,15992.89,46008.97
10-203-01028,BIHAR,Pashchim Champaran,Bettiah,0.0,0.0,,211,10,1028,,53968.26030594324,83182055.35378212,197366.984375,BETTIAH,0.889250654131336,8261.0,23727.05
10-203-01030,BIHAR,Pashchim Champaran,Nautan,0.0,0.0,,211,10,1030,,122656.63983711717,245738630.13883996,331484.8125,NAUTAN,0.8896830458103564,14780.84,42403.16
10-204-01031,BIHAR,Purbi Champaran,Raxaul,0.0,0.0,,213,10,1031,,98709.78801801558,166685360.13968688,190617.09375,RAXAUL,0.8850441871495721,8425.25,24751.489999999998
10-206-01072,BIHAR,Sitamarhi,Belsand,0.0,0.0,,221,10,1072,,66235.5873217276,97354060.86547032,121181.953125,BELSAND,0.8761993606021917,7046.18,15900.39
10-206-01073,BIHAR,Sitamarhi,Runisaidpur,0.0,0.0,,221,10,1073,,152472.54206325076,334873257.0825382,667323.875,RUNISAIDPUR,0.8808727716472006,32741.480000000003,84668.57
10-204-01032,BIHAR,Purbi Champaran,Adapur,0.0,0.0,,213,10,1032,,94532.37688292324,199608924.7111849,199186.625,ADAPUR,0.8839108389728942,8644.83,25487.56
10-206-01074,BIHAR,Sitamarhi,Dumra,0.0,0.0,,221,10,1074,,111649.34177378344,241159212.36062923,522782.09375,DUMRA,0.8808055095439952,24275.11,64084.33
10-204-01033,BIHAR,Purbi Champaran,Ramgarhwa,0.0,0.0,,213,10,1033,,90718.26831189608,213035907.5226096,232087.9375,RAMGARHWA,0.8836370675488845,10336.95,30504.2
10-204-01034,BIHAR,Purbi Champaran,Sugauli,0.0,0.0,,213,10,1034,,84892.41923436844,209336830.19001696,291911.125,SUGAULI,0.8836135095455206,13123.51,38731.759999999995
10-204-01038,BIHAR,Purbi Champaran,Ghorasahan,0.0,0.0,,213,10,1038,,75335.10865687576,144368243.47105,172158.671875,GHORASAHAN,0.8836518163910632,7098.780000000001,20947.65
10-204-01035,BIHAR,Purbi Champaran,Banjaria,0.0,0.0,,213,10,1035,,102381.40449613356,176960195.87167916,155632.546875,BANJARIA,0.8836135543254032,6376.4,18818.82
10-204-01047,BIHAR,Purbi Champaran,Kesaria,0.0,0.0,,213,10,1047,,87546.8206889307,229535442.11688668,270002.5,KESARIA,0.8836267936299507,11873.83,34629.55
10-204-01036,BIHAR,Purbi Champaran,Narkatia,0.0,0.0,,213,10,1036,,105607.09704406632,168338010.30978012,203353.09375,NARKATIA,0.8837689278379445,9298.56,27428.440000000002
10-204-01037,BIHAR,Purbi Champaran,Bankatwa,0.0,0.0,,213,10,1037,,99233.37216886049,115311013.90225838,98936.296875,BANKATWA,0.8886190801911268,4177.37,12118.57
10-204-01039,BIHAR,Purbi Champaran,Dhaka,0.0,0.0,,213,10,1039,,97673.73467814896,202386545.86227983,340199.25,DHAKA,0.8840965883653132,14954.09,43778.73
10-204-01048,BIHAR,Purbi Champaran,Kalyanpur,0.0,0.0,,213,10,1048,,109413.20044555076,313300912.50613195,332964.3125,KALYANPUR,0.8836116177429739,14238.7,41955.64
10-204-01040,BIHAR,Purbi Champaran,Chiraia,0.0,0.0,,213,10,1040,,110764.71696779084,272984575.32652414,322179.4375,CHIRAIA,0.8836134809337539,13755.17,40595.98
10-204-01041,BIHAR,Purbi Champaran,Motihari,0.0,0.0,,213,10,1041,,181544.26702654368,319814691.13850176,392501.90625,MOTIHARI,0.8836133737664702,17270.98,50972.3
10-204-01049,BIHAR,Purbi Champaran,Kotwa,0.0,0.0,,213,10,1049,,78879.98205471091,178282937.71225017,287378.5,KOTWA,0.8836134492562518,12522.33,36957.509999999995
10-204-01042,BIHAR,Purbi Champaran,Turkaulia,0.0,0.0,,213,10,1042,,99475.78497366334,174748315.94966665,222593.015625,TURKAULIA,0.8836130580587043,9339.619999999999,27564.28
10-204-01050,BIHAR,Purbi Champaran,Piprakothi,0.0,0.0,,213,10,1050,,58369.33889310607,62223774.49301849,56767.2578125,PIPRAKOTHI,0.8836132493835971,2287.9700000000003,6752.58
10-204-01043,BIHAR,Purbi Champaran,Harsidhi,0.0,0.0,,213,10,1043,,133904.34238337883,240218359.62130272,243810.890625,HARSIDHI,0.8836135034927699,10472.16,30906.79
10-204-01044,BIHAR,Purbi Champaran,Paharpur,0.0,0.0,,213,10,1044,,108730.62076802726,192061375.0173064,165253.703125,PAHARPUR,0.8836176698872958,6767.55,19972.85
10-204-01045,BIHAR,Purbi Champaran,Areraj,0.0,0.0,,213,10,1045,,93331.67353690568,242725576.26244012,230248.734375,ARERAJ,0.8862310475035227,10071.45,29443.85
10-204-01046,BIHAR,Purbi Champaran,Sangrampur,0.0,0.0,,213,10,1046,,78133.67961210197,187659878.02718252,183232.828125,SANGRAMPUR,0.8837769785630325,7892.929999999999,23280.77
10-204-01051,BIHAR,Purbi Champaran,Chakia(Pipra),0.0,0.0,,213,10,1051,,129110.66914194856,212940547.80779588,219677.546875,CHAKIA(PIPRA),0.8836134510005956,9801.210000000001,28926.6
10-204-01052,BIHAR,Purbi Champaran,Pakri Dayal,0.0,0.0,,213,10,1052,,90143.40730437863,148110040.62869397,164414.421875,PAKRI_DAYAL,0.8836132444453427,7137.4800000000005,21065.050000000003
10-204-01053,BIHAR,Purbi Champaran,Patahi,0.0,0.0,,213,10,1053,,85994.51677214028,144960443.14880535,232865.03125,PATAHI,0.8831363177699559,10390.69,30075.980000000003
10-204-01055,BIHAR,Purbi Champaran,Madhuban,0.0,0.0,,213,10,1055,,112681.00006095256,152424272.4465043,219741.03125,MADHUBAN,0.883482369558631,9268.59,27207.92
10-204-01056,BIHAR,Purbi Champaran,Tetaria,0.0,0.0,,213,10,1056,,82320.72754353678,104458405.63845472,107896.5078125,TETARIA,0.8831531288778706,4944.21,14258.79
10-205-01058,BIHAR,Sheohar,Purnahiya,0.0,0.0,,220,10,1058,,57294.126150412616,80859097.14068061,85565.171875,PURNAHIYA,0.8766769482055277,4960.77,11365.08
10-204-01057,BIHAR,Purbi Champaran,Mehsi,0.0,0.0,,213,10,1057,,125063.78039343117,149773808.08158112,232178.578125,MEHSI,0.8835727147248079,9799.12,27940.53
10-205-01059,BIHAR,Sheohar,Piprarhi,0.0,0.0,,220,10,1059,,105870.45511307276,104265216.9562483,144983.875,PIPRARHI,0.8761721974055638,7771.39,17522.050000000003
10-205-01060,BIHAR,Sheohar,Sheohar,0.0,0.0,,220,10,1060,,81007.5322908237,115638983.35873616,184045.9375,SHEOHAR,0.8759773198276765,9865.04,22107.37
10-205-01061,BIHAR,Sheohar,Dumri Katsari,0.0,0.0,,220,10,1061,,65038.65439014734,84655470.24819931,106833.6875,DUMRI_KATSARI,0.8761115539909529,5764.59,12973.79
10-205-01062,BIHAR,Sheohar,Tariani Chowk,0.0,0.0,,220,10,1062,,97491.22869259816,171878914.60720828,268690.0625,TARIANI_CHOWK,0.8761766529719451,14921.580000000002,33469.0
10-206-01063,BIHAR,Sitamarhi,Bairgania,0.0,0.0,,221,10,1063,,59598.621146511534,94417571.99630062,101125.125,BAIRGANIA,0.881880430639139,4826.4800000000005,12733.76
10-206-01065,BIHAR,Sitamarhi,Majorganj,0.0,0.0,,221,10,1065,,62808.55729710282,95411217.42446172,74744.5078125,MAJORGANJ,0.8926715646328174,3792.7799999999997,9622.5
10-206-01066,BIHAR,Sitamarhi,Sonbarsa,0.0,0.0,,221,10,1066,,92820.94699371175,224104085.6083578,152273.375,SONBARSA,0.8898622248068893,7756.290000000001,19871.559999999998
10-206-01067,BIHAR,Sitamarhi,Parihar,0.0,0.0,,221,10,1067,,86838.20299610356,272812569.4060281,331732.03125,PARIHAR,0.8809979079964283,15368.509999999998,40623.56999999999
10-207-01095,BIHAR,Madhubani,Rajnagar,0.0,0.0,,206,10,1095,,78809.12744912357,223111125.2667772,280037.53125,RAJNAGAR,0.9084056115659733,13994.0,32599.93
10-206-01068,BIHAR,Sitamarhi,Sursand,0.0,0.0,,221,10,1068,,91215.71647520128,181412871.1123928,272614.46875,SURSAND,0.8847069099369639,13394.14,34879.770000000004
10-206-01069,BIHAR,Sitamarhi,Bathnaha,0.0,0.0,,221,10,1069,,120764.04051803834,251403523.12922087,261392.953125,BATHNAHA,0.8808555649407719,12645.48,33444.9
10-206-01070,BIHAR,Sitamarhi,Riga,0.0,0.0,,221,10,1070,,129433.7321086048,163724219.02092636,229989.109375,RIGA,0.8807931028756418,8051.02,21244.269999999997
10-210-01123,BIHAR,Kishanganj,Thakurganj,0.0,0.0,,203,10,1123,,224971.2940646554,491161543.46963537,383889.0625,THAKURGANJ,0.9268597916926289,14161.880000000001,51570.86
10-210-01124,BIHAR,Kishanganj,Pothia,0.0,0.0,,203,10,1124,,167388.9118766352,443844792.4531903,305497.375,POTHIA,0.9263573657728847,11260.86,41528.09
10-210-01125,BIHAR,Kishanganj,Bahadurganj,0.0,0.0,,203,10,1125,,155296.13881782343,347494200.8377232,307353.9375,BAHADURGANJ,0.9266240652875704,10702.619999999999,40039.119999999995
10-210-01126,BIHAR,Kishanganj,Kochadhamin,0.0,0.0,,203,10,1126,,139640.52665725534,360840233.8364798,326115.25,KOCHADHAMIN,0.9252114320412302,12196.470000000001,45482.69
10-211-01128,BIHAR,Purnia,Banmankhi,0.0,0.0,,214,10,1128,,142815.61519736593,459936087.34673214,424702.5,BANMANKHI,0.899339293692617,16286.52,57289.55
10-206-01075,BIHAR,Sitamarhi,Bajpatti,0.0,0.0,,221,10,1075,,90407.29439213518,174303329.1783474,238295.15625,BAJPATTI,0.8808553070693913,11879.34,31418.63
10-206-01076,BIHAR,Sitamarhi,Charaut,0.0,0.0,,221,10,1076,,85128.15752493152,91349700.81924292,112654.359375,CHARAUT,0.883713375677836,4538.91,11848.25
10-206-01077,BIHAR,Sitamarhi,Pupri,0.0,0.0,,221,10,1077,,73992.24203369493,115338203.66308306,195200.84375,PUPRI,0.8826123911121985,9068.02,23774.98
10-206-01078,BIHAR,Sitamarhi,Nanpur,0.0,0.0,,221,10,1078,,73315.01223618646,135892566.9983101,297288.15625,NANPUR,0.8812050377021099,14783.869999999999,38937.4
10-220-01283,BIHAR,Vaishali,Mahnar,0.0,0.0,,224,10,1283,,81638.1139853176,126474580.4431386,288736.5,MAHNAR,0.879620156836602,16899.52,33537.94
10-206-01079,BIHAR,Sitamarhi,Bokhara,0.0,0.0,,221,10,1079,,81978.13188098712,108574895.39827529,122179.875,BOKHARA,0.882070228725489,6109.710000000001,15873.859999999999
10-207-01080,BIHAR,Madhubani,Madhwapur,0.0,0.0,,206,10,1080,,88808.76172423853,137557654.90878707,122850.796875,MADHWAPUR,0.9086707727087919,6076.3,14148.21
10-207-01081,BIHAR,Madhubani,Harlakhi,0.0,0.0,,206,10,1081,,90217.76640094943,187441757.00046396,164581.765625,HARLAKHI,0.91246309150667,8258.960000000001,19007.760000000002
10-207-01082,BIHAR,Madhubani,Basopatti,0.0,0.0,,206,10,1082,,97634.90682970543,164238774.4639331,109718.078125,BASOPATTI,0.9088575304631039,5654.58,13154.91
10-207-01089,BIHAR,Madhubani,Khajauli,0.0,0.0,,206,10,1089,,91171.28062794724,150968724.81279027,170004.328125,KHAJAULI,0.9084060241487034,7938.96,18494.35
10-207-01083,BIHAR,Madhubani,Jainagar,0.0,0.0,,206,10,1083,,81489.61423509955,161880108.8306139,191330.078125,JAINAGAR,0.9115084392400571,9821.32,22678.440000000002
10-207-01090,BIHAR,Madhubani,Kaluahi,0.0,0.0,,206,10,1090,,62305.281593423286,101560283.08963236,126446.4375,KALUAHI,0.9084059114795551,6393.73,14894.67
10-207-01084,BIHAR,Madhubani,Ladania,0.0,0.0,,206,10,1084,,97928.14946240211,232665607.5684243,121233.9140625,LADANIA,0.9101627627067477,6052.93,14086.87
10-207-01085,BIHAR,Madhubani,Laukaha,0.0,0.0,,206,10,1085,,102032.19667129294,266340932.00179368,165499.171875,LAUKAHA,0.9085290315083367,7989.68,18608.43
10-207-01086,BIHAR,Madhubani,Laukahi,0.0,0.0,,206,10,1086,,109679.24973352648,329223432.564553,222769.265625,LAUKAHI,0.908524361781837,10759.710000000001,25572.089999999997
10-207-01087,BIHAR,Madhubani,Phulparas,0.0,0.0,,206,10,1087,,117974.41186319289,199352334.8677591,161311.453125,PHULPARAS,0.9084058716510179,8413.57,19599.97
10-207-01088,BIHAR,Madhubani,Babubarhi,0.0,0.0,,206,10,1088,,118996.04641992832,237192379.86086744,155882.84375,BABUBARHI,0.9084058989132201,7286.23,16973.739999999998
10-207-01091,BIHAR,Madhubani,Benipatti,0.0,0.0,,206,10,1091,,128414.2409747215,328987645.9449377,360047.34375,BENIPATTI,0.9080309484147052,18314.3,42719.17
10-207-01092,BIHAR,Madhubani,Bisfi,0.0,0.0,,206,10,1092,,99754.46134559004,226192948.413646,387453.5625,BISFI,0.9073270778997347,19176.989999999998,44802.15
10-207-01093,BIHAR,Madhubani,Madhubani,0.0,0.0,,206,10,1093,,109764.71764889832,200359220.56727448,379728.8125,MADHUBANI,0.9082646216992891,18638.659999999996,43436.3
10-207-01094,BIHAR,Madhubani,Pandaul,0.0,0.0,,206,10,1094,,102372.75527307784,208327489.63825428,370746.15625,PANDAUL,0.9068262041546103,19031.980000000003,44522.45
10-207-01096,BIHAR,Madhubani,Andhratharhi,0.0,0.0,,206,10,1096,,97300.5167595078,186769445.10608673,190804.5,ANDHRATHARHI,0.9084058380481299,9396.41,21889.550000000003
10-207-01097,BIHAR,Madhubani,Jhanjharpur,0.0,0.0,,206,10,1097,,125261.96837896874,181284371.95402232,278040.5625,JHANJHARPUR,0.9078138473391243,14273.5,33303.340000000004
10-207-01098,BIHAR,Madhubani,Ghoghardiha,0.0,0.0,,206,10,1098,,114215.40677637524,211228851.4219488,236822.265625,GHOGHARDIHA,0.9084662869833029,11604.31,27800.46
10-207-01099,BIHAR,Madhubani,Lakhnaur,0.0,0.0,,206,10,1099,,72956.74167609161,146945623.14022,267832.125,LAKHNAUR,0.9083701806513228,12952.84,30177.370000000003
10-207-01100,BIHAR,Madhubani,Madhepur,0.0,0.0,,206,10,1100,,144505.38034518834,300452948.5687113,326390.625,MADHEPUR,0.9076564067073252,16574.1,40000.119999999995
10-208-01101,BIHAR,Supaul,Nirmali,0.0,0.0,,223,10,1101,,123310.21889922836,162734364.67066902,88596.1796875,NIRMALI,0.9092179832339723,3731.24,10733.25
10-208-01102,BIHAR,Supaul,Basantpur,0.0,0.0,,223,10,1102,,136288.63693043106,319456339.75100917,186492.625,BASANTPUR,0.9136659585230146,8496.17,24049.6
10-208-01103,BIHAR,Supaul,Chhatapur,0.0,0.0,,223,10,1103,,142271.17176584958,398825687.2446475,308135.71875,CHHATAPUR,0.9074601662498878,13662.63,40504.65
10-208-01104,BIHAR,Supaul,Pratapganj,0.0,0.0,,223,10,1104,,71155.69013184242,133032565.19323792,142662.625,PRATAPGANJ,0.9088654901139541,6308.709999999999,18205.05
10-208-01105,BIHAR,Supaul,Raghopur,0.0,0.0,,223,10,1105,,111831.20983491396,255841046.48838165,228239.765625,RAGHOPUR,0.9088660834830763,10268.26,29631.07
10-221-01285,BIHAR,Samastipur,Warisnagar,0.0,0.0,,217,10,1285,,90241.30323013186,163846086.5162723,224267.234375,WARISNAGAR,0.8930139862225978,10297.55,25537.510000000002
10-208-01106,BIHAR,Supaul,Saraigarh Bhaptiyahi,0.0,0.0,,223,10,1106,,105489.5116383213,257042943.27229512,196840.640625,SARAIGARH_BHAPTIYAHI,0.9088660664450212,8752.53,25257.21
10-208-01107,BIHAR,Supaul,Kishanpur,0.0,0.0,,223,10,1107,,125516.73810076228,248613546.3002807,185078.0,KISHANPUR,0.9088657844319337,8374.83,24167.2
10-208-01108,BIHAR,Supaul,Marauna,0.0,0.0,,223,10,1108,,114969.59778192452,206419565.01179272,219952.609375,MARAUNA,0.9088420541336494,10045.33,28661.839999999997
10-208-01109,BIHAR,Supaul,Supaul,0.0,0.0,,223,10,1109,,122628.008173687,390920691.5720901,487169.5625,SUPAUL,0.9070724722188912,21399.5,62267.67
10-208-01110,BIHAR,Supaul,Pipra,0.0,0.0,,223,10,1110,,113516.78657800167,247320462.25611627,259945.828125,PIPRA,0.9080628350829213,11160.53,32361.29
10-221-01287,BIHAR,Samastipur,Khanpur,0.0,0.0,,217,10,1287,,89337.20668890505,173313349.37261373,363237.34375,KHANPUR,0.8929862289979118,17856.699999999997,44310.22
10-208-01111,BIHAR,Supaul,Tribeniganj,0.0,0.0,,223,10,1111,,136684.8917573132,402291551.99740016,389178.15625,TRIBENIGANJ,0.9083881248964529,16557.76,48027.97
10-209-01112,BIHAR,Araria,Narpatganj,0.0,0.0,,188,10,1112,,196352.8286870919,482872068.7863751,386604.53125,NARPATGANJ,0.9037065225421194,15651.029999999999,52569.9
10-209-01113,BIHAR,Araria,Forbesganj,0.0,0.0,,188,10,1113,,165874.55860340688,546946456.996027,585346.875,FORBESGANJ,0.9001244270925908,23008.18,79409.66
10-209-01114,BIHAR,Araria,Bhargama,0.0,0.0,,188,10,1114,,140909.75235341018,280499778.1128878,293875.96875,BHARGAMA,0.8998075206376626,11871.34,41045.100000000006
10-209-01115,BIHAR,Araria,Raniganj,0.0,0.0,,188,10,1115,,160625.61646677545,576910744.770993,477385.46875,RANIGANJ,0.8997462466255913,18485.4,63995.84
10-209-01116,BIHAR,Araria,Araria,0.0,0.0,,188,10,1116,,192057.15187743204,506918787.2643526,628003.25,ARARIA,0.8997514131633138,23719.489999999998,82097.54000000001
10-209-01117,BIHAR,Araria,Kursakatta,0.0,0.0,,188,10,1117,,96566.38525637136,201032230.408231,169913.09375,KURSAKATTA,0.9021996389113548,6745.13,22921.62
10-209-01118,BIHAR,Araria,Sikti,0.0,0.0,,188,10,1118,,116798.35346995248,237753016.2819182,140513.046875,SIKTI,0.9021372942378619,5440.379999999999,18787.13
10-209-01119,BIHAR,Araria,Palasi,0.0,0.0,,188,10,1119,,132578.70192307016,306240761.34804773,237410.9375,PALASI,0.9016547986321456,9146.04,31825.93
10-209-01120,BIHAR,Araria,Jokihat,0.0,0.0,,188,10,1120,,155370.9524619173,341005127.7602247,429730.15625,JOKIHAT,0.9002182510357183,16486.870000000003,57232.05
10-210-01121,BIHAR,Kishanganj,Terhagachh,0.0,0.0,,203,10,1121,,121953.02658094272,245208326.38245347,198603.953125,TERHAGACHH,0.9272152803331649,7322.51,27234.28
10-210-01122,BIHAR,Kishanganj,Dighalbank,0.0,0.0,,203,10,1122,,147432.83262190674,314385668.4331173,266669.875,DIGHALBANK,0.9265494425014378,9792.59,36494.729999999996
10-211-01129,BIHAR,Purnia,Barhara,0.0,0.0,,214,10,1129,,111073.17449432176,288009141.38478667,277969.3125,BARHARA,0.8993059008743549,10502.8,36947.62
10-211-01130,BIHAR,Purnia,Bhawanipur,0.0,0.0,,214,10,1130,,116656.34435182875,201938838.4795833,184640.71875,BHAWANIPUR,0.899223709359854,7259.58,25511.519999999997
10-211-01131,BIHAR,Purnia,Rupauli,0.0,0.0,,214,10,1131,,113946.660566684,308195114.8462847,272439.5,RUPAULI,0.89902826084182,10526.79,36920.850000000006
10-211-01132,BIHAR,Purnia,Dhamdaha,0.0,0.0,,214,10,1132,,135370.01293426772,446856166.039676,313339.8125,DHAMDAHA,0.8993251333366787,12104.83,42582.490000000005
10-211-01133,BIHAR,Purnia,Krityanand Nagar,0.0,0.0,,214,10,1133,,149407.41850079046,364443041.21247435,306693.625,KRITYANAND_NAGAR,0.8993686367766895,12201.76,42950.590000000004
10-211-01134,BIHAR,Purnia,Purnia East,0.0,0.0,,214,10,1134,,127662.13358515712,309272824.56310594,534372.375,PURNIA_EAST,0.8993587704540372,20003.8,70403.78
10-211-01135,BIHAR,Purnia,Kasba,0.0,0.0,,214,10,1135,,130095.64608516233,215123054.3424731,184037.1875,KASBA,0.8993698311506523,6732.16,23697.78
10-211-01136,BIHAR,Purnia,Srinagar,0.0,0.0,,214,10,1136,,106220.57404900706,172405807.6412187,129443.3828125,SRINAGAR,0.8993765133862448,4828.860000000001,16993.29
10-211-01137,BIHAR,Purnia,Jalalgarh,0.0,0.0,,214,10,1137,,87146.39992638786,142107808.6772385,151177.15625,JALALGARH,0.8993850915380817,5619.199999999999,19766.809999999998
10-211-01138,BIHAR,Purnia,Amour,0.0,0.0,,214,10,1138,,141371.93624621196,307011870.96961224,346796.03125,AMOUR,0.8995007028219503,13066.880000000001,45993.0
10-211-01139,BIHAR,Purnia,Baisa,0.0,0.0,,214,10,1139,,132173.35304950457,275191667.549805,204278.15625,BAISA,0.9031504156168,7912.92,27254.050000000003
10-211-01140,BIHAR,Purnia,Baisi,0.0,0.0,,214,10,1140,,118169.54825440844,253873549.02719215,254789.328125,BAISI,0.899579291782674,9765.27,34186.47
10-211-01141,BIHAR,Purnia,Dagarua,0.0,0.0,,214,10,1141,,129309.28146976324,257465778.6329552,244987.609375,DAGARUA,0.8993459707271235,9390.77,33044.95
10-212-01142,BIHAR,Katihar,Falka,0.0,0.0,,201,10,1142,,100518.70580952488,208374539.8829749,169632.171875,FALKA,0.8973134414654413,6812.11,23281.86
10-212-01143,BIHAR,Katihar,Korha,0.0,0.0,,201,10,1143,,137118.64195203967,368801327.90483874,295602.09375,KORHA,0.8972691585144891,11520.210000000001,39348.11
10-212-01144,BIHAR,Katihar,Hasanganj,0.0,0.0,,201,10,1144,,78227.29832785497,86155111.41022065,53484.04296875,HASANGANJ,0.8973629833028234,2134.33,7299.58
10-212-01145,BIHAR,Katihar,Kadwa,0.0,0.0,,201,10,1145,,157692.68144088247,420129854.10490626,408097.625,KADWA,0.8972335599958174,15582.61,53196.42
10-212-01146,BIHAR,Katihar,Balrampur,0.0,0.0,,201,10,1146,,141815.18317465586,216253207.31133217,168165.671875,BALRAMPUR,0.8995642124630565,6799.950000000001,22431.239999999998
10-212-01147,BIHAR,Katihar,Barsoi,0.0,0.0,,201,10,1147,,172308.8160052511,357713388.6445612,340561.96875,BARSOI,0.8978547663632702,13191.400000000001,44611.869999999995
10-212-01148,BIHAR,Katihar,Azamnagar,0.0,0.0,,201,10,1148,,141791.77759222616,349759708.1212404,385639.40625,AZAMNAGAR,0.8977063534188816,15228.849999999999,51629.380000000005
10-221-01290,BIHAR,Samastipur,Tajpur,0.0,0.0,,217,10,1290,,57166.77792153786,83856612.1105223,164390.765625,TAJPUR,0.892978364853775,8708.83,21607.420000000002
10-212-01149,BIHAR,Katihar,Pranpur,0.0,0.0,,201,10,1149,,111803.70370561491,191475637.62126103,187005.828125,PRANPUR,0.8976973500215555,6945.04,23548.33
10-212-01150,BIHAR,Katihar,Dandkhora,0.0,0.0,,201,10,1150,,70987.07501110679,111201189.06340708,77077.140625,DANDKHORA,0.8972208906324189,3260.29,11128.08
10-212-01151,BIHAR,Katihar,Katihar,0.0,0.0,,201,10,1151,,76845.81968857624,136830037.77828172,379193.875,KATIHAR,0.8972208647885673,14542.869999999999,49638.0
10-212-01152,BIHAR,Katihar,Mansahi,0.0,0.0,,201,10,1152,,73279.06289841712,97405011.1871763,102313.8515625,MANSAHI,0.8972204261414799,3904.7799999999997,13327.86
10-212-01155,BIHAR,Katihar,Kursela,0.0,0.0,,201,10,1155,,80348.39413748268,153683091.52761996,76462.8125,KURSELA,0.8959834168171421,3015.43,10164.26
10-212-01153,BIHAR,Katihar,Barari,0.0,0.0,,201,10,1153,,107333.93297446336,407446973.1478653,327235.9375,BARARI,0.897138407072095,13069.05,44570.25
10-212-01154,BIHAR,Katihar,Sameli,0.0,0.0,,201,10,1154,,75105.36277909,118027198.2496544,87914.46875,SAMELI,0.8972551590079103,3415.39,11663.15
10-212-01156,BIHAR,Katihar,Manihari,0.0,0.0,,201,10,1156,,130162.81635074862,303859830.4099729,224958.5,MANIHARI,0.8972430539213038,8829.53,30137.690000000002
10-212-01157,BIHAR,Katihar,Amdabad,0.0,0.0,,201,10,1157,,103742.71814675456,228302986.79665467,189896.234375,AMDABAD,0.8992884648032735,7484.25,24833.45
10-213-01158,BIHAR,Madhepura,Gamharia,0.0,0.0,,205,10,1158,,80141.00377515821,125479849.27382244,151610.140625,GAMHARIA,0.8907067034176651,6042.009999999999,19532.3
10-213-01160,BIHAR,Madhepura,Ghailarh,0.0,0.0,,205,10,1160,,78865.70647224285,116219722.2388165,139466.609375,GHAILARH,0.8904647769777532,5696.33,18381.629999999997
10-213-01159,BIHAR,Madhepura,Singheshwar,0.0,0.0,,205,10,1159,,111627.30849980874,111167268.35246354,95701.6875,SINGHESHWAR,0.8911761808976562,3569.12,11502.7
10-216-01210,BIHAR,Muzaffarpur,Bandra,0.0,0.0,,208,10,1210,,74293.85759884378,142020443.31484023,148342.15625,BANDRA,0.883869922222003,8496.3,17495.22
10-213-01161,BIHAR,Madhepura,Madhepura,0.0,0.0,,205,10,1161,,115084.47931226584,237801277.85767865,337411.8125,MADHEPURA,0.8905595503167356,13897.869999999999,44920.99
10-213-01162,BIHAR,Madhepura,Shankarpur,0.0,0.0,,205,10,1162,,63984.56408470212,128790837.874554,85356.375,SHANKARPUR,0.8908331300629259,3600.38,11629.48
10-213-01163,BIHAR,Madhepura,Kumarkhand,0.0,0.0,,205,10,1163,,118191.24796123093,316976886.68211347,253371.96875,KUMARKHAND,0.8919958209080816,10385.59,33854.5
10-213-01164,BIHAR,Madhepura,Murliganj,0.0,0.0,,205,10,1164,,94211.11378994164,247086114.21145928,251223.15625,MURLIGANJ,0.8907781153620408,9879.76,32011.72
10-221-01293,BIHAR,Samastipur,Mohanpur,0.0,0.0,,217,10,1293,,74468.46489139357,163000016.77407515,133734.203125,MOHANPUR,0.8922917220938907,6668.18,16370.39
10-213-01165,BIHAR,Madhepura,Gwalpara,0.0,0.0,,205,10,1165,,78037.2495556277,147267353.58482873,96562.6484375,GWALPARA,0.8905880206369229,3774.63,12206.45
10-214-01172,BIHAR,Saharsa,Satar Kataiya,0.0,0.0,,216,10,1172,,77878.75925155886,177382280.64763528,128877.9375,SATAR_KATAIYA,0.887663886835084,5782.28,17806.120000000003
10-213-01166,BIHAR,Madhepura,Bihariganj,0.0,0.0,,205,10,1166,,79669.40805645821,133818744.70956944,111565.8125,BIHARIGANJ,0.8911934332585814,4523.94,14716.19
10-216-01211,BIHAR,Muzaffarpur,Dholi (Moraul),0.0,0.0,,208,10,1211,,63030.361633940505,73298422.6275262,74865.8671875,DHOLI_(MORAUL),0.8838246354568443,3935.3299999999995,8096.8099999999995
10-213-01167,BIHAR,Madhepura,Kishanganj,0.0,0.0,,205,10,1167,,99817.47531025464,188055937.5971522,176086.5,KISHANGANJ,0.8907278621598187,7074.950000000001,22911.060000000005
10-216-01212,BIHAR,Muzaffarpur,Musahri,0.0,0.0,,208,10,1212,,211487.75457487197,365415439.5943066,1106467.0,MUSAHRI,0.8831364125849144,62044.69,125910.03
10-213-01168,BIHAR,Madhepura,Puraini,0.0,0.0,,205,10,1168,,63416.842365887525,103114850.3546553,129857.15625,PURAINI,0.890870833398674,5466.360000000001,17727.37
10-214-01174,BIHAR,Saharsa,Kahara,0.0,0.0,,216,10,1174,,81070.16203244023,176788302.3737116,307841.625,KAHARA,0.8870623644188806,13705.23,41798.51
10-213-01169,BIHAR,Madhepura,Alamnagar,0.0,0.0,,205,10,1169,,94357.42058114092,211989804.11375904,236815.6875,ALAMNAGAR,0.8904545181128983,9248.17,29874.12
10-213-01170,BIHAR,Madhepura,Chausa,0.0,0.0,,205,10,1170,,87285.75133964,172516848.53860697,256012.53125,CHAUSA,0.8897747249704174,10281.8,32969.61
10-214-01171,BIHAR,Saharsa,Nauhatta,0.0,0.0,,216,10,1171,,93228.84620468393,212763144.21707585,185451.21875,NAUHATTA,0.8887395769482468,8277.16,25133.760000000002
10-217-01227,BIHAR,Gopalganj,Sidhwalia,0.0,0.0,,197,10,1227,,69457.48217743407,152022198.31601515,139281.59375,SIDHWALIA,1.000170080579249,8129.07,16423.78
10-214-01173,BIHAR,Saharsa,Mahishi,0.0,0.0,,216,10,1173,,106372.46434789852,273075178.2794974,305372.28125,MAHISHI,0.8871443370822363,13477.41,40987.7
10-214-01175,BIHAR,Saharsa,Saur Bazar,0.0,0.0,,216,10,1175,,88121.22998090234,233228921.9025612,201830.9375,SAUR_BAZAR,0.8872302861036248,8802.93,26919.56
10-214-01176,BIHAR,Saharsa,Patarghat,0.0,0.0,,216,10,1176,,67497.21582029684,149681422.04156074,119760.234375,PATARGHAT,0.8873910458809251,5406.469999999999,16575.82
10-214-01177,BIHAR,Saharsa,Sonbarsa,0.0,0.0,,216,10,1177,,90185.02153799882,263952116.041209,245083.375,SONBARSA,0.8871134903462319,10672.39,32596.55
10-216-01199,BIHAR,Muzaffarpur,Sahebganj,0.0,0.0,,208,10,1199,,80060.99972290538,253055918.70266867,305593.40625,SAHEBGANJ,0.8833540680509656,16887.73,34339.009999999995
10-214-01178,BIHAR,Saharsa,Simri Bakhtiarpur,0.0,0.0,,216,10,1178,,119116.35548129058,266466354.66217396,381987.0625,SIMRI_BAKHTIARPUR,0.8870465320995468,16643.17,50760.14
10-214-01179,BIHAR,Saharsa,Salkhua,0.0,0.0,,216,10,1179,,82412.26684571667,221182533.93573853,254350.59375,SALKHUA,0.8868078709509196,10828.48,33039.76
10-214-01180,BIHAR,Saharsa,Banma Itahri,0.0,0.0,,216,10,1180,,54286.50157574949,92822449.4552088,126671.875,BANMA_ITAHRI,0.8862886850479365,5509.42,16825.79
10-215-01181,BIHAR,Darbhanga,Jale,0.0,0.0,,195,10,1181,,112473.57051363292,234172285.01568127,283620.15625,JALE,0.8953386674564204,14507.84,35024.149999999994
10-215-01182,BIHAR,Darbhanga,Singhwara,0.0,0.0,,195,10,1182,,121368.62688362494,223279889.67870736,355908.375,SINGHWARA,0.8941888640732167,17665.440000000002,42705.01
10-215-01183,BIHAR,Darbhanga,Keotiranway,0.0,0.0,,195,10,1183,,89515.08566239705,180205403.4644349,301216.5625,KEOTIRANWAY,0.8945323253761952,14784.8,35730.26
10-215-01184,BIHAR,Darbhanga,Darbhanga,0.0,0.0,,195,10,1184,,131883.04966973627,240721362.1475316,595906.9375,DARBHANGA,0.894560885586207,29105.670000000002,70334.02
10-215-01185,BIHAR,Darbhanga,Manigachhi,0.0,0.0,,195,10,1185,,96856.01003306538,158887287.31255177,270995.71875,MANIGACHHI,0.8944610824034502,14508.809999999998,35069.88
10-215-01186,BIHAR,Darbhanga,Tardih,0.0,0.0,,195,10,1186,,96398.4223260632,109520018.96976715,218599.875,TARDIH,0.8951246694224412,9336.170000000002,22527.379999999997
10-215-01187,BIHAR,Darbhanga,Alinagar,0.0,0.0,,195,10,1187,,105560.56246873256,146523357.5416611,232186.4375,ALINAGAR,0.8941503594135924,12010.65,29055.239999999998
10-215-01188,BIHAR,Darbhanga,Benipur,0.0,0.0,,195,10,1188,,118482.30854716274,204643530.87647069,246397.28125,BENIPUR,0.8941506633915414,11993.16,29012.96
10-215-01189,BIHAR,Darbhanga,Bahadurpur,0.0,0.0,,195,10,1189,,155637.00049509996,221161760.4253616,355221.59375,BAHADURPUR,0.8941507500362517,15405.71,37268.340000000004
10-215-01190,BIHAR,Darbhanga,Hanumannagar,0.0,0.0,,195,10,1190,,114393.8321509848,181536916.32106537,147261.046875,HANUMANNAGAR,0.8941269736081919,7246.880000000001,17540.41
10-215-01191,BIHAR,Darbhanga,Hayaghat,0.0,0.0,,195,10,1191,,66118.49929402806,108810529.75916524,151758.046875,HAYAGHAT,0.8941452049266277,7582.530000000001,18345.22
10-215-01192,BIHAR,Darbhanga,Baheri,0.0,0.0,,195,10,1192,,128629.1579498372,271307286.95794886,303670.8125,BAHERI,0.8941360493879403,14791.07,35792.94
10-215-01193,BIHAR,Darbhanga,Biraul,0.0,0.0,,195,10,1193,,135706.32971678255,230203939.26841983,306587.0,BIRAUL,0.8941165639103766,14903.27,36079.850000000006
10-215-01194,BIHAR,Darbhanga,Ghanshyampur,0.0,0.0,,195,10,1194,,76766.91373126305,103945643.9979024,116635.0,GHANSHYAMPUR,0.8956978563960699,5799.120000000001,13971.58
10-215-01195,BIHAR,Darbhanga,Kiratpur,0.0,0.0,,195,10,1195,,78793.19278562842,78915927.53877336,54718.921875,KIRATPUR,0.8916562993939122,2434.8600000000006,6483.09
10-215-01196,BIHAR,Darbhanga,Gora Bauram,0.0,0.0,,195,10,1196,,99804.03366816712,145653476.81698695,194284.375,GORA_BAURAM,0.8937582856836777,10036.470000000001,24588.309999999998
10-215-01197,BIHAR,Darbhanga,Kusheshwar Asthan,0.0,0.0,,195,10,1197,,87220.16498537568,144130520.9401011,71107.2109375,KUSHESHWAR_ASTHAN,0.8929969589531932,3590.79,8908.23
10-215-01198,BIHAR,Darbhanga,Kusheshwar Asthan Purbi,0.0,0.0,,195,10,1198,,91858.86035222423,150084285.43545517,117285.046875,KUSHESHWAR_ASTHAN_PURBI,0.8918219843315444,6036.5199999999995,15550.960000000001
10-216-01200,BIHAR,Muzaffarpur,Baruraj (Motipur),0.0,0.0,,208,10,1200,,125110.13599018812,365259305.4740948,396272.78125,BARURAJ_(MOTIPUR),0.8831482586171928,22583.89,46223.37
10-216-01201,BIHAR,Muzaffarpur,Paroo,0.0,0.0,,208,10,1201,,136934.87791145188,413033977.3448192,482616.96875,PAROO,0.883235683240148,27017.940000000002,54814.51
10-216-01202,BIHAR,Muzaffarpur,Saraiya,0.0,0.0,,208,10,1202,,155820.80051537574,301402655.1404849,424930.84375,SARAIYA,0.8830313680376044,24505.879999999997,49686.649999999994
10-216-01203,BIHAR,Muzaffarpur,Marwan,0.0,0.0,,208,10,1203,,84959.92762229654,138736310.53842777,146228.53125,MARWAN,0.8831359308119313,8141.360000000001,16521.61
10-216-01204,BIHAR,Muzaffarpur,Kanti,0.0,0.0,,208,10,1204,,97122.90469976026,124757584.36625764,180831.25,KANTI,0.8831364992131756,9691.009999999998,19666.4
10-216-01205,BIHAR,Muzaffarpur,Minapur,0.0,0.0,,208,10,1205,,166218.11946715685,316124209.98756105,448318.4375,MINAPUR,0.8829347714780018,25876.89,53223.05
10-216-01206,BIHAR,Muzaffarpur,Bochaha,0.0,0.0,,208,10,1206,,126044.68100944142,233148755.94160384,272461.8125,BOCHAHA,0.8831363985388936,15360.98,31172.710000000003
10-216-01207,BIHAR,Muzaffarpur,Aurai,0.0,0.0,,208,10,1207,,101267.16719990574,247748190.77792475,333346.21875,AURAI,0.8830920004602809,18871.24,38488.76
10-216-01208,BIHAR,Muzaffarpur,Katra,0.0,0.0,,208,10,1208,,118891.9342746819,235108975.17115793,260259.375,KATRA,0.8836446220096632,14330.25,29342.46
10-216-01209,BIHAR,Muzaffarpur,Gaighat,0.0,0.0,,208,10,1209,,111008.49869520529,259762671.68662548,318838.3125,GAIGHAT,0.8834978038197159,18162.02,37070.130000000005
10-216-01213,BIHAR,Muzaffarpur,Kurhani,0.0,0.0,,208,10,1213,,108106.10574110712,256354911.2077163,364230.96875,KURHANI,0.8831117455586095,20166.82,40917.3
10-216-01214,BIHAR,Muzaffarpur,Sakra,0.0,0.0,,208,10,1214,,105121.4777371614,236360031.18726787,440462.71875,SAKRA,0.8832245995011068,24516.64,49881.07
10-217-01215,BIHAR,Gopalganj,Katiya,0.0,0.0,,197,10,1215,,94755.552532647,158441587.458013,123026.53125,KATIYA,1.0049412442900005,6909.030000000001,13752.07
10-217-01216,BIHAR,Gopalganj,Bijaipur,0.0,0.0,,197,10,1216,,81309.59717969262,163112176.36717936,134108.5,BIJAIPUR,1.0055838961585326,7746.529999999999,15273.07
10-217-01217,BIHAR,Gopalganj,Bhorey,0.0,0.0,,197,10,1217,,78790.65552761848,196013266.46535653,267623.3125,BHOREY,1.0055948579680811,14880.380000000001,29390.11
10-217-01218,BIHAR,Gopalganj,Pach Deuri,0.0,0.0,,197,10,1218,,53698.212932643866,118295317.1197398,107096.828125,PACH_DEURI,1.0056181960173678,6069.53,12097.85
10-217-01219,BIHAR,Gopalganj,Kuchaikote,0.0,0.0,,197,10,1219,,101077.28158428884,316078491.04748106,273244.375,KUCHAIKOTE,1.005221792141821,14980.72,29846.870000000003
10-217-01220,BIHAR,Gopalganj,Phulwaria,0.0,0.0,,197,10,1220,,81339.22200232239,118763292.85091434,184594.921875,PHULWARIA,1.0056556008111652,10355.310000000001,20641.62
10-217-01221,BIHAR,Gopalganj,Hathua,0.0,0.0,,197,10,1221,,91546.9620277564,183613061.83342972,306057.375,HATHUA,1.004435226853536,17559.879999999997,34779.68
10-217-01222,BIHAR,Gopalganj,Uchkagaon,0.0,0.0,,197,10,1222,,80102.93001981139,142235093.67043933,161148.578125,UCHKAGAON,1.0051493426122697,9115.16,18121.5
10-217-01223,BIHAR,Gopalganj,Thawe,0.0,0.0,,197,10,1223,,57244.55575246375,89300191.60424533,127826.015625,THAWE,1.0051365794700815,7474.34,14858.39
10-217-01224,BIHAR,Gopalganj,Gopalganj,0.0,0.0,,197,10,1224,,110313.13172782106,244420793.60160467,153472.4375,GOPALGANJ,1.0007790089545459,8182.59,16535.08
10-218-01232,BIHAR,Siwan,Goriakothi,0.0,0.0,,222,10,1232,,73201.39147651673,174963939.23516312,257053.453125,GORIAKOTHI,0.9734312795265802,15358.54,25880.69
10-217-01225,BIHAR,Gopalganj,Manjha,0.0,0.0,,197,10,1225,,80242.78538873792,179389027.9828925,242404.328125,MANJHA,1.0055832977745336,13009.33,25922.230000000003
10-217-01226,BIHAR,Gopalganj,Barauli,0.0,0.0,,197,10,1226,,105754.79057670098,232227972.12586737,333568.78125,BARAULI,1.0042878948505165,18336.16,36502.229999999996
10-217-01228,BIHAR,Gopalganj,Baikunthpur,0.0,0.0,,197,10,1228,,97825.58906166904,256614409.24172768,202806.28125,BAIKUNTHPUR,0.9997939904648925,11707.16,23295.2
10-218-01229,BIHAR,Siwan,Nautan,0.0,0.0,,222,10,1229,,58324.35348563096,81827813.66620097,73164.3671875,NAUTAN,0.9747542554970858,3785.9700000000003,6423.79
10-218-01230,BIHAR,Siwan,Siwan,0.0,0.0,,222,10,1230,,92599.06904644772,168879532.28230655,300721.5625,SIWAN,0.9739369352782304,17631.6,29789.22
10-218-01235,BIHAR,Siwan,Bhagwanpur Hat,0.0,0.0,,222,10,1235,,86430.4184146014,189582799.91524476,196574.578125,BHAGWANPUR_HAT,0.9711820854806756,12215.1,20646.1
10-218-01231,BIHAR,Siwan,Barharia,0.0,0.0,,222,10,1231,,90315.6629531122,219606934.01516393,327612.71875,BARHARIA,0.9741426698864807,20975.21,35476.3
10-218-01233,BIHAR,Siwan,Lakri Nabiganj,0.0,0.0,,222,10,1233,,79648.98713303795,120773104.6039552,104282.015625,LAKRI_NABIGANJ,0.9746259235798941,6549.93,11154.77
10-218-01234,BIHAR,Siwan,Basantpur,0.0,0.0,,222,10,1234,,57871.378293950496,76675463.02480637,96320.140625,BASANTPUR,0.9734108676464026,5614.39,9459.8
10-218-01236,BIHAR,Siwan,Maharajganj,0.0,0.0,,222,10,1236,,119387.58843212528,142817377.5161484,248346.5,MAHARAJGANJ,0.9734106043228389,12564.75,21170.66
10-218-01237,BIHAR,Siwan,Pachrukhi,0.0,0.0,,222,10,1237,,99183.2392802834,160709761.40986398,315602.15625,PACHRUKHI,0.9734108542036609,19703.670000000002,33199.2
10-218-01238,BIHAR,Siwan,Hussainganj,0.0,0.0,,222,10,1238,,68784.84800107122,105975934.30464326,214910.21875,HUSSAINGANJ,0.9734107864924987,13463.39,22684.79
10-218-01239,BIHAR,Siwan,Ziradei,0.0,0.0,,222,10,1239,,98825.50869312548,152221780.48504183,180186.96875,ZIRADEI,0.9734107419933246,12127.73,20434.3
10-218-01240,BIHAR,Siwan,Mairwa,0.0,0.0,,222,10,1240,,65279.2242200428,88898123.37504825,124681.96875,MAIRWA,0.9738479981189602,7936.110000000001,13337.55
10-218-01242,BIHAR,Siwan,Darauli,0.0,0.0,,222,10,1242,,90305.001619705,214758375.6239279,206231.90625,DARAULI,0.9733901751741904,12708.150000000001,21410.77
10-218-01241,BIHAR,Siwan,Guthani,0.0,0.0,,222,10,1241,,78778.78773845347,115110806.99004474,93287.984375,GUTHANI,0.973931777062107,5550.41,9323.58
10-219-01248,BIHAR,Saran,Mashrakh,0.0,0.0,,218,10,1248,,82075.7710341599,165898243.02109933,231941.40625,MASHRAKH,0.9388517661013775,14302.97,25296.260000000002
10-218-01243,BIHAR,Siwan,Andar,0.0,0.0,,222,10,1243,,83358.60866933218,125625010.62434034,119989.53125,ANDAR,0.9720507075903304,7849.27,13163.66
10-219-01249,BIHAR,Saran,Panapur,0.0,0.0,,218,10,1249,,75875.09329534958,182360909.7404776,169579.0,PANAPUR,0.9362784724286193,10486.89,18656.09
10-218-01244,BIHAR,Siwan,Raghunathpur,0.0,0.0,,222,10,1244,,87824.68008836384,193566358.3438411,195741.375,RAGHUNATHPUR,0.9730106045234526,12107.349999999999,20371.93
10-219-01250,BIHAR,Saran,Taraiya,0.0,0.0,,218,10,1250,,53629.0613522338,97307015.09151264,120075.21875,TARAIYA,0.9378191441651011,7137.01,12650.66
10-218-01245,BIHAR,Siwan,Hasanpura,0.0,0.0,,222,10,1245,,82786.09108287447,121956119.03175904,157176.9375,HASANPURA,0.9733169722793962,9769.59,16463.18
10-219-01251,BIHAR,Saran,Ishupur,0.0,0.0,,218,10,1251,,62425.60798229613,109300191.56908256,175944.765625,ISHUPUR,0.9387393331349461,10574.82,18703.739999999998
10-218-01246,BIHAR,Siwan,Daraundha,0.0,0.0,,222,10,1246,,105400.53795370484,157911066.26165873,290162.40625,DARAUNDHA,0.9731887070434054,18047.48,30418.14
10-219-01256,BIHAR,Saran,Jalalpur,0.0,0.0,,218,10,1256,,65042.73641147566,147549697.72689733,176478.0625,JALALPUR,0.9387393477435798,10909.92,19296.43
10-218-01247,BIHAR,Siwan,Siswan,0.0,0.0,,222,10,1247,,98184.39847010886,155554872.77293277,149837.484375,SISWAN,0.9716143384274527,9229.470000000001,15584.79
10-219-01259,BIHAR,Saran,Nagra,0.0,0.0,,218,10,1259,,43289.948409307304,65110006.46242106,112579.953125,NAGRA,0.9387393857036423,7128.1,12607.49
10-219-01252,BIHAR,Saran,Baniapur,0.0,0.0,,218,10,1252,,89199.8841803021,219417775.87250236,353716.78125,BANIAPUR,0.9387395060564784,21546.14,38108.770000000004
10-219-01253,BIHAR,Saran,Lahladpur,0.0,0.0,,218,10,1253,,49287.19248841685,70233795.44130237,97510.359375,LAHLADPUR,0.9395587205159784,5984.02,10571.89
10-219-01254,BIHAR,Saran,Ekma,0.0,0.0,,218,10,1254,,99716.17236158183,176114988.01319405,231938.890625,EKMA,0.939708187195606,15382.619999999999,27170.66
10-219-01255,BIHAR,Saran,Manjhi,0.0,0.0,,218,10,1255,,127085.43562979232,244607530.98349065,290967.5,MANJHI,0.9386944203731824,17873.58,31581.07
10-219-01257,BIHAR,Saran,Revelganj,0.0,0.0,,218,10,1257,,84877.1419542779,179359801.45379385,130990.453125,REVELGANJ,0.9383956837952178,7562.17,13365.97
10-219-01258,BIHAR,Saran,Chapra,0.0,0.0,,218,10,1258,,119729.94798472138,239470568.44351175,525434.0625,CHAPRA,0.9384729414489444,33189.42,58720.43
10-219-01260,BIHAR,Saran,Marhaura,0.0,0.0,,218,10,1260,,87240.95030017926,190752130.05196184,337631.40625,MARHAURA,0.9387395023275573,21631.550000000003,38259.84
10-219-01261,BIHAR,Saran,Amnour,0.0,0.0,,218,10,1261,,94922.90618840617,160109081.4065653,178471.4375,AMNOUR,0.9383317969534976,11842.64,20966.25
10-219-01263,BIHAR,Saran,Parsa,0.0,0.0,,218,10,1263,,85595.91054800974,122749042.93573296,133101.375,PARSA,0.9381337462525197,8077.700000000001,14301.7
10-219-01266,BIHAR,Saran,Dighwara,0.0,0.0,,218,10,1266,,81943.45164265168,101347015.6655549,140863.375,DIGHWARA,0.9366094790794736,9065.43,16087.439999999999
10-219-01264,BIHAR,Saran,Dariapur,0.0,0.0,,218,10,1264,,115477.27251924116,281302380.67878103,391391.4375,DARIAPUR,0.9377744625539755,23660.57,41916.81999999999
10-219-01265,BIHAR,Saran,Garkha,0.0,0.0,,218,10,1265,,90147.74693968748,213336409.9887166,319349.09375,GARKHA,0.9387395135777188,19672.73,34795.28
10-220-01269,BIHAR,Vaishali,Paterhi Belsar,0.0,0.0,,224,10,1269,,56227.36197278124,93522597.26160131,100849.5,PATERHI_BELSAR,0.8792816268502142,5715.4,11247.98
10-219-01267,BIHAR,Saran,Sonepur,0.0,0.0,,218,10,1267,,70412.64000247594,214865144.18564072,161224.8125,SONEPUR,0.9378227935553543,9663.69,17118.67
10-220-01268,BIHAR,Vaishali,Vaishali,0.0,0.0,,224,10,1268,,72706.90824879723,158663399.21103516,214468.65625,VAISHALI,0.8791469979365699,13102.49,25758.88
10-220-01270,BIHAR,Vaishali,Lalganj,0.0,0.0,,224,10,1270,,89595.71916906572,184177988.41986412,315727.3125,LALGANJ,0.8789248475309859,18627.97,36558.369999999995
10-221-01294,BIHAR,Samastipur,Mohiuddinagar,0.0,0.0,,217,10,1294,,80607.53716768604,178536106.2701614,222811.25,MOHIUDDINAGAR,0.8922025975829728,10472.19,25976.44
10-220-01271,BIHAR,Vaishali,Bhagwanpur,0.0,0.0,,224,10,1271,,98965.72708266652,142473218.81446454,342801.5625,BHAGWANPUR,0.8789246900426575,20974.57,41163.7
10-220-01272,BIHAR,Vaishali,Goraul,0.0,0.0,,224,10,1272,,101989.77906286376,122446101.92943336,148009.96875,GORAUL,0.8791257727700836,7641.05,15019.43
10-220-01273,BIHAR,Vaishali,Chehra Kalan,0.0,0.0,,224,10,1273,,63204.34388206024,89818122.94593617,151944.515625,CHEHRA_KALAN,0.8791366298007595,9067.009999999998,17823.92
10-220-01277,BIHAR,Vaishali,Raja Pakar,0.0,0.0,,224,10,1277,,58946.08844196175,93673217.82917874,205944.8125,RAJA_PAKAR,0.8789249336280847,12001.490000000002,23553.52
10-220-01274,BIHAR,Vaishali,Patepur,0.0,0.0,,224,10,1274,,118180.33822078993,317029999.71255994,490273.25,PATEPUR,0.8800440314559258,27693.5,55241.1
10-220-01275,BIHAR,Vaishali,Mahua,0.0,0.0,,224,10,1275,,86273.82517515696,171155586.12447235,319654.96875,MAHUA,0.8789246482860903,19295.15,37867.740000000005
10-220-01276,BIHAR,Vaishali,Jandaha,0.0,0.0,,224,10,1276,,99044.76663725944,179891527.10359335,309585.125,JANDAHA,0.8794651490337073,17996.66,35626.43
10-220-01278,BIHAR,Vaishali,Hajipur,0.0,0.0,,224,10,1278,,80048.24731377292,194916759.16986817,495194.78125,HAJIPUR,0.8789247907826435,29521.93,57938.33
10-220-01280,BIHAR,Vaishali,Bidupur,0.0,0.0,,224,10,1280,,88122.3198685409,139375575.9420912,278937.4375,BIDUPUR,0.87892481742537,15901.399999999998,31207.309999999998
10-220-01279,BIHAR,Vaishali,Raghopur,0.0,0.0,,224,10,1279,,128641.49950069311,338499790.0832371,272263.0,RAGHOPUR,0.8789996496477873,15659.239999999998,30774.559999999998
10-220-01281,BIHAR,Vaishali,Desri,0.0,0.0,,224,10,1281,,50183.809114488824,56627949.53624974,149613.625,DESRI,0.8789242722326551,8883.009999999998,17433.379999999997
10-221-01284,BIHAR,Samastipur,Kalyanpur,0.0,0.0,,217,10,1284,,147387.26660455638,294821482.9966942,417107.25,KALYANPUR,0.8930469074004111,20758.25,51443.06999999999
10-221-01286,BIHAR,Samastipur,Shivaji Nagar,0.0,0.0,,217,10,1286,,96209.25031894707,172333979.18990555,269491.9375,SHIVAJI_NAGAR,0.8930373354948602,12535.43,31071.69
10-221-01288,BIHAR,Samastipur,Samastipur,0.0,0.0,,217,10,1288,,112474.9748453982,170577777.20953664,227863.640625,SAMASTIPUR,0.8929864266560175,11945.249999999998,29641.379999999997
10-221-01289,BIHAR,Samastipur,Pusa,0.0,0.0,,217,10,1289,,64081.7615729533,95008289.7510354,141704.96875,PUSA,0.8929867129223934,6567.17,16295.98
10-221-01291,BIHAR,Samastipur,Morwa,0.0,0.0,,217,10,1291,,104551.97847793196,152111293.7773472,177789.84375,MORWA,0.8929317412742377,8435.36,20911.83
10-221-01292,BIHAR,Samastipur,Patori,0.0,0.0,,217,10,1292,,69422.25062895294,130638318.44440164,199826.84375,PATORI,0.8929447637657162,9931.93,24627.600000000002
10-221-01295,BIHAR,Samastipur,Sarairanjan,0.0,0.0,,217,10,1295,,96463.23467310028,185572344.2706523,270557.59375,SARAIRANJAN,0.8929864958584489,13300.31,33003.85
10-221-01296,BIHAR,Samastipur,Vidyapati Nagar,0.0,0.0,,217,10,1296,,62930.2690484309,106322816.42401849,166996.53125,VIDYAPATI_NAGAR,0.8920383394513771,8620.85,21441.39
10-221-01297,BIHAR,Samastipur,Dalsinghsarai,0.0,0.0,,217,10,1297,,80515.23552986495,118201268.21451648,240340.90625,DALSINGHSARAI,0.8919751479100597,11924.43,29662.440000000002
10-221-01298,BIHAR,Samastipur,Ujiarpur,0.0,0.0,,217,10,1298,,81756.09445970641,209497824.1015558,206493.640625,UJIARPUR,0.8929863231274898,10270.029999999999,25484.43
10-221-01300,BIHAR,Samastipur,Rosera,0.0,0.0,,217,10,1300,,84599.34785899956,138535375.895554,232735.390625,ROSERA,0.8928199368550779,11814.15,29327.89
10-221-01299,BIHAR,Samastipur,Bibhutpur,0.0,0.0,,217,10,1299,,96600.53522783428,258332531.194082,435497.375,BIBHUTPUR,0.8926440709064254,21031.89,52232.6
10-221-01301,BIHAR,Samastipur,Singhia,0.0,0.0,,217,10,1301,,76055.88015393679,178639507.67998633,311625.375,SINGHIA,0.892992364931682,15208.92,37735.100000000006
10-222-01307,BIHAR,Begusarai,Cheria Bariarpur,0.0,0.0,,191,10,1307,,80422.0696045629,127840547.1243011,156704.53125,CHERIA_BARIARPUR,0.8760204739010502,6954.57,18023.86
10-221-01302,BIHAR,Samastipur,Hasanpur,0.0,0.0,,217,10,1302,,122795.93417076244,188091095.39019313,478829.875,HASANPUR,0.8923448129893056,23939.46,59496.82000000001
10-221-01303,BIHAR,Samastipur,Bithan,0.0,0.0,,217,10,1303,,72838.55780104545,149849875.79630712,202287.25,BITHAN,0.8915532969255383,10043.439999999999,25228.260000000002
10-222-01304,BIHAR,Begusarai,Khudabandpur,0.0,0.0,,191,10,1304,,49522.71992212785,59617610.47663844,106142.40625,KHUDABANDPUR,0.8762945831921797,5011.92,12979.56
10-222-01305,BIHAR,Begusarai,Chhorahi,0.0,0.0,,191,10,1305,,96201.09768359948,128309829.49376953,185689.953125,CHHORAHI,0.8762551112907228,8414.08,21792.57
10-222-01306,BIHAR,Begusarai,Garhpura,0.0,0.0,,191,10,1306,,69581.28073662621,88651595.91159394,154509.140625,GARHPURA,0.8761926852548692,6746.42,17476.23
10-222-01308,BIHAR,Begusarai,Bhagwanpur,0.0,0.0,,191,10,1308,,102620.52088176136,147276258.21886113,164129.296875,BHAGWANPUR,0.8764759868556353,7771.849999999999,20117.16
10-223-01324,BIHAR,Khagaria,Mansi,0.0,0.0,,202,10,1324,,70720.37786012898,86151878.56106131,108423.21875,MANSI,0.8662927177179073,4420.89,13806.69
10-222-01309,BIHAR,Begusarai,Mansurchak,0.0,0.0,,191,10,1309,,55538.61039021854,42158333.283958256,55347.2265625,MANSURCHAK,0.8780313559018308,2203.4400000000005,5679.76
10-224-01333,BIHAR,Bhagalpur,Rangra Chowk,0.0,0.0,,192,10,1333,,56200.86409227388,97946271.45940188,109957.1875,RANGRA_CHOWK,0.8624554055345727,5637.43,13661.66
10-222-01310,BIHAR,Begusarai,Bachhwara,0.0,0.0,,191,10,1310,,112893.55520851952,186501763.14040864,256309.3125,BACHHWARA,0.8761492417063668,12504.869999999999,32040.83
10-222-01311,BIHAR,Begusarai,Teghra,0.0,0.0,,191,10,1311,,93442.93751421868,180050069.66821858,291176.09375,TEGHRA,0.8759982768798764,13637.419999999998,35235.509999999995
10-222-01312,BIHAR,Begusarai,Barauni,0.0,0.0,,191,10,1312,,90573.71511882372,141812926.41245717,306379.5625,BARAUNI,0.8759664087035116,13674.55,35444.56
10-222-01313,BIHAR,Begusarai,Birpur,0.0,0.0,,191,10,1313,,69057.86510087451,64693086.30641256,79453.125,BIRPUR,0.8759655704622223,3686.95,9556.68
10-222-01314,BIHAR,Begusarai,Begusarai,0.0,0.0,,191,10,1314,,114572.02827886646,273941103.5239774,673094.5,BEGUSARAI,0.875966150416437,31322.019999999997,81187.87999999999
10-222-01315,BIHAR,Begusarai,Naokothi,0.0,0.0,,191,10,1315,,61794.84526675392,91575422.87048158,158161.265625,NAOKOTHI,0.8759656917016617,7679.4400000000005,19905.39
10-222-01316,BIHAR,Begusarai,Bakhri,0.0,0.0,,191,10,1316,,74902.13049058078,94921186.04856166,147684.59375,BAKHRI,0.8749768478032629,6673.68,17672.52
10-222-01317,BIHAR,Begusarai,Dandari,0.0,0.0,,191,10,1317,,77075.31892237118,85364223.36403492,135565.875,DANDARI,0.8756048283957321,6178.549999999999,16138.7
10-222-01318,BIHAR,Begusarai,Sahebpur Kamal,0.0,0.0,,191,10,1318,,97820.3506924087,179327758.1582562,265287.21875,SAHEBPUR_KAMAL,0.8754058507234332,11807.11,30649.73
10-222-01319,BIHAR,Begusarai,Balia,0.0,0.0,,191,10,1319,,95726.56851828664,181873531.04775092,195426.578125,BALIA,0.8757521437417316,8811.830000000002,22779.010000000002
10-222-01320,BIHAR,Begusarai,Matihani,0.0,0.0,,191,10,1320,,104199.58891726228,214311339.790948,219936.78125,MATIHANI,0.875976136761899,10694.15,27717.11
10-222-01321,BIHAR,Begusarai,Shamho Akha Kurha,0.0,0.0,,191,10,1321,,47884.70174269599,82130306.58899558,21717.171875,SHAMHO_AKHA_KURHA,0.8760847878673281,1067.53,2764.07
10-223-01322,BIHAR,Khagaria,Alauli,0.0,0.0,,202,10,1322,,117176.1608528186,337532903.06560946,341086.0625,ALAULI,0.86702580859929,14662.369999999999,46349.7
10-223-01323,BIHAR,Khagaria,Khagaria,0.0,0.0,,202,10,1323,,164255.4907534744,325761754.1557925,395229.5625,KHAGARIA,0.8666902084073319,17318.96,54331.4
10-223-01325,BIHAR,Khagaria,Chautham,0.0,0.0,,202,10,1325,,88833.5659059585,205164632.7891582,150791.109375,CHAUTHAM,0.86673612743339,6681.46,21137.23
10-228-01376,BIHAR,Sheikhpura,Chewara,0.0,0.0,,219,10,1376,,77279.14911837938,141385828.1075451,153755.0625,CHEWARA,0.8952127861627327,7977.4400000000005,19239.83
10-223-01326,BIHAR,Khagaria,Beldaur,0.0,0.0,,202,10,1326,,101449.44415348554,276820454.1841197,254996.4375,BELDAUR,0.8681248260549161,11241.56,35584.86
10-223-01327,BIHAR,Khagaria,Gogri,0.0,0.0,,202,10,1327,,109725.85953588397,321971045.3784509,388084.5625,GOGRI,0.8665862395626732,15991.79,50558.16
10-223-01328,BIHAR,Khagaria,Parbatta,0.0,0.0,,202,10,1328,,89952.53209418767,286770838.53234714,262641.25,PARBATTA,0.8663437591485844,11336.22,35555.92
10-224-01329,BIHAR,Bhagalpur,Narayanpur,0.0,0.0,,192,10,1329,,96964.50839109154,173637043.38008544,100627.5625,NARAYANPUR,0.8616838091781115,4855.68,11686.64
10-224-01330,BIHAR,Bhagalpur,Bihpur,0.0,0.0,,192,10,1330,,98960.1639299804,189427956.2070791,160931.484375,BIHPUR,0.8614722366039075,7835.97,18807.93
10-234-01472,BIHAR,Rohtas,Akorhi Gola,0.0,0.0,,215,10,1472,,71741.57946050014,124356844.03544964,114557.8984375,AKORHI_GOLA,0.8994487802823103,6418.02,12993.05
10-224-01331,BIHAR,Bhagalpur,Kharik,0.0,0.0,,192,10,1331,,103106.05203500648,169292223.68779984,138189.875,KHARIK,0.8618534020646066,6695.58,16132.89
10-224-01332,BIHAR,Bhagalpur,Naugachhia,0.0,0.0,,192,10,1332,,91833.2342387242,134223697.96961665,172716.796875,NAUGACHHIA,0.8619794377782792,8072.88,19473.489999999998
10-224-01335,BIHAR,Bhagalpur,Pirpainti,0.0,0.0,,192,10,1335,,138631.2255747686,411429376.6216011,353349.59375,PIRPAINTI,0.8651992066286774,16914.15,41404.25
10-224-01336,BIHAR,Bhagalpur,Kahalgaon,0.0,0.0,,192,10,1336,,128722.99744742388,352186242.20537144,430713.4375,KAHALGAON,0.8620299929262374,20970.29,50303.479999999996
10-224-01337,BIHAR,Bhagalpur,Ismailpur,0.0,0.0,,192,10,1337,,66332.03197363381,102752037.41138108,22130.51171875,ISMAILPUR,0.8614117640630451,993.17,2382.29
10-224-01338,BIHAR,Bhagalpur,Sabour,0.0,0.0,,192,10,1338,,85492.0541239663,141198925.34276122,117660.6328125,SABOUR,0.8614091574627606,5512.6,13222.94
10-226-01359,BIHAR,Munger,Dharhara,0.0,0.0,,207,10,1359,,105188.90103685112,355220468.750446,206998.65625,DHARHARA,0.8612109744900842,10561.380000000001,22734.79
10-224-01339,BIHAR,Bhagalpur,Nathnagar,0.0,0.0,,192,10,1339,,105259.9367330808,163498377.60317266,127182.078125,NATHNAGAR,0.8614094491535802,6426.32,15414.64
10-226-01360,BIHAR,Munger,Kharagpur,0.0,0.0,,207,10,1360,,169586.30903503796,398589433.5102216,221223.6875,KHARAGPUR,0.8592300315277612,11322.970000000001,24079.0
10-224-01340,BIHAR,Bhagalpur,Sultanganj,0.0,0.0,,192,10,1340,,139861.1879796442,266407467.3450057,245920.890625,SULTANGANJ,0.861477175707971,11528.169999999998,27632.61
10-224-01341,BIHAR,Bhagalpur,Shahkund,0.0,0.0,,192,10,1341,,93276.90256650816,208798734.37786233,215598.578125,SHAHKUND,0.8621221089336909,10908.649999999998,26114.62
10-224-01342,BIHAR,Bhagalpur,Goradih,0.0,0.0,,192,10,1342,,106918.08891287447,178026414.43832883,537574.125,GORADIH,0.8615206436610512,25007.0,59965.1
10-224-01343,BIHAR,Bhagalpur,Jagdishpur,0.0,0.0,,192,10,1343,,107045.71303668506,127447147.46016994,200332.171875,JAGDISHPUR,0.8616840307678464,9195.82,22040.95
10-224-01344,BIHAR,Bhagalpur,Sonhaula,0.0,0.0,,192,10,1344,,84463.86530366821,214425428.57327408,249988.921875,SONHAULA,0.8636913580872609,12893.869999999999,30904.31
10-225-01345,BIHAR,Banka,Shambhuganj,0.0,0.0,,190,10,1345,,85765.27415008907,217970788.89652416,229823.140625,SHAMBHUGANJ,0.8880282574495134,12549.87,28079.489999999998
10-225-01346,BIHAR,Banka,Amarpur,0.0,0.0,,190,10,1346,,98000.87839154692,234663534.19316816,282566.96875,AMARPUR,0.8889062343140978,14828.220000000001,33137.89
10-225-01347,BIHAR,Banka,Rajaun,0.0,0.0,,190,10,1347,,86718.04358754268,242814641.5593075,298814.90625,RAJAUN,0.8877701859306375,15033.280000000002,33687.61
10-226-01363,BIHAR,Munger,Tetiha Bambor,0.0,0.0,,207,10,1363,,73286.15332623897,95190725.80042528,82047.953125,TETIHA_BAMBOR,0.8591941157305915,4312.3099999999995,9168.95
10-225-01348,BIHAR,Banka,Dhuraiya,0.0,0.0,,190,10,1348,,106681.6377356153,285703540.38620996,380182.1875,DHURAIYA,0.8882004374335575,20073.75,44954.2
10-225-01349,BIHAR,Banka,Barahat,0.0,0.0,,190,10,1349,,122910.2305821782,181202001.14064544,176285.71875,BARAHAT,0.8890110646043783,9558.19,21357.64
10-225-01350,BIHAR,Banka,Banka,0.0,0.0,,190,10,1350,,137083.07375503815,365153241.48788345,243306.59375,BANKA,0.8889863537597529,12905.74,28836.019999999997
10-225-01351,BIHAR,Banka,Phulidumar,0.0,0.0,,190,10,1351,,117105.67306472128,248400685.45023423,206037.21875,PHULIDUMAR,0.8889862225987384,10732.51,23980.260000000002
10-225-01352,BIHAR,Banka,Belhar,0.0,0.0,,190,10,1352,,118426.40149548955,290570448.277483,197084.828125,BELHAR,0.8880467507191548,10319.95,23025.48
10-225-01353,BIHAR,Banka,Chanan,0.0,0.0,,190,10,1353,,169565.08902723462,550876204.0147796,172333.796875,CHANAN,0.8890307684790223,9230.86,20630.579999999998
10-225-01354,BIHAR,Banka,Katoria,0.0,0.0,,190,10,1354,,180268.89530762268,687665367.2781417,209499.21875,KATORIA,0.8899993594803736,11393.96,25457.85
10-225-01355,BIHAR,Banka,Bausi,0.0,0.0,,190,10,1355,,109314.78149810203,385846183.7170387,198096.375,BAUSI,0.8893112563304815,10638.25,23778.18
10-226-01356,BIHAR,Munger,Munger,0.0,0.0,,207,10,1356,,162390.1628928388,306519605.49277806,361648.84375,MUNGER,0.859969019319008,18604.86,39808.83
10-226-01357,BIHAR,Munger,Bariarpur,0.0,0.0,,207,10,1357,,122433.4478606843,198040113.63802013,120317.625,BARIARPUR,0.8595377104806121,5836.68,12648.490000000002
10-226-01358,BIHAR,Munger,Jamalpur,0.0,0.0,,207,10,1358,,72817.19566814511,112971204.64248076,264307.25,JAMALPUR,0.8591939249087439,13733.73,29200.98
10-226-01361,BIHAR,Munger,Asarganj,0.0,0.0,,207,10,1361,,61173.52838786665,72491453.98190036,68552.59375,ASARGANJ,0.8595241038441291,3341.9799999999996,7235.58
10-226-01362,BIHAR,Munger,Tarapur,0.0,0.0,,207,10,1362,,54416.57713098438,86962445.68425661,145879.875,TARAPUR,0.8616133560934968,7729.860000000001,16541.79
10-226-01364,BIHAR,Munger,Sangrampur,0.0,0.0,,207,10,1364,,71205.18318302365,105786037.21986651,123554.5859375,SANGRAMPUR,0.8630986637577437,6510.56,13940.119999999999
10-227-01366,BIHAR,Lakhisarai,Pipariya,0.0,0.0,,204,10,1366,,87968.2901826016,106258171.87143916,64624.4375,PIPARIYA,0.8819680311119713,3297.38,8112.41
10-227-01365,BIHAR,Lakhisarai,Barahiya,0.0,0.0,,204,10,1365,,95965.48426593257,248505135.43154767,126652.953125,BARAHIYA,0.8827815976700756,6393.42,15568.22
10-227-01367,BIHAR,Lakhisarai,Surajgarha,0.0,0.0,,204,10,1367,,140312.1609931406,462726462.37366486,331791.3125,SURAJGARHA,0.8825676522138897,16275.490000000002,39665.56
10-227-01368,BIHAR,Lakhisarai,Lakhisarai,0.0,0.0,,204,10,1368,,117670.7674552436,181316338.94823277,231906.53125,LAKHISARAI,0.882879759391748,11336.56,27679.92
10-227-01369,BIHAR,Lakhisarai,Chanan*,0.0,0.0,,204,10,1369,,86014.87070350182,177670731.10250506,152726.921875,CHANAN*,0.8832872236230226,7430.08,18158.41
10-228-01375,BIHAR,Sheikhpura,Ghat Kusumbha,0.0,0.0,,219,10,1375,,80592.24583619394,99088070.68237934,89240.265625,GHAT_KUSUMBHA,0.9030725935839962,4349.07,10405.59
10-227-01370,BIHAR,Lakhisarai,Ramgarh Chowk,0.0,0.0,,204,10,1370,,98990.57354622112,128567389.13844268,89654.2265625,RAMGARH_CHOWK,0.8829141918624124,4511.34,11015.990000000002
10-227-01371,BIHAR,Lakhisarai,Halsi,0.0,0.0,,204,10,1371,,82594.8188222393,191441208.6304817,108197.640625,HALSI,0.8857181460304983,5286.040000000001,12990.16
10-228-01372,BIHAR,Sheikhpura,Barbigha,0.0,0.0,,219,10,1372,,83879.7675047183,115941853.486741,141854.359375,BARBIGHA,0.910515960207314,7355.550000000001,17315.81
10-228-01373,BIHAR,Sheikhpura,Shekhopur Sarai,0.0,0.0,,219,10,1373,,59774.96229914819,65955650.61796794,53732.8359375,SHEKHOPUR_SARAI,0.9108813148207954,2700.76,6366.02
10-228-01374,BIHAR,Sheikhpura,Sheikhpura,0.0,0.0,,219,10,1374,,119718.3677454689,225551054.81458032,211276.3125,SHEIKHPURA,0.9096413170810144,11059.970000000001,26293.27
10-228-01377,BIHAR,Sheikhpura,Ariari,0.0,0.0,,219,10,1377,,87552.5859976097,183445963.63454768,120780.2578125,ARIARI,0.9110144802630199,5994.74,14228.11
10-229-01378,BIHAR,Nalanda,Karai Parsurai,0.0,0.0,,209,10,1378,,58523.47447411047,82148146.79064696,85620.7578125,KARAI_PARSURAI,0.9033272908518455,4729.15,9744.130000000001
10-229-01379,BIHAR,Nalanda,Nagar Nausa,0.0,0.0,,209,10,1379,,82570.35159490984,108015836.82811198,110187.2421875,NAGAR_NAUSA,0.9038132730804264,6138.99,12659.380000000001
10-229-01380,BIHAR,Nalanda,Harnaut,0.0,0.0,,209,10,1380,,124869.90123154312,224385440.0517296,245808.890625,HARNAUT,0.902908966497466,14129.98,29093.33
10-229-01381,BIHAR,Nalanda,Chandi,0.0,0.0,,209,10,1381,,70527.81459673235,147156102.481168,172597.515625,CHANDI,0.9038797628930114,9793.73,20198.190000000002
10-229-01382,BIHAR,Nalanda,Rahui,0.0,0.0,,209,10,1382,,77076.6108369453,152249665.90613127,209625.5,RAHUI,0.9038796063759846,11658.79,24044.6
10-229-01383,BIHAR,Nalanda,Bind,0.0,0.0,,209,10,1383,,70364.80140905235,88091657.81671415,68833.40625,BIND,0.9040618277823939,4112.67,8540.08
10-229-01384,BIHAR,Nalanda,Sarmera,0.0,0.0,,209,10,1384,,91044.34634338948,167201876.42476654,129315.03125,SARMERA,0.9041988487513808,6921.299999999999,14488.4
10-229-01385,BIHAR,Nalanda,Asthawan,0.0,0.0,,209,10,1385,,92263.18064708126,171325630.7179731,246724.78125,ASTHAWAN,0.9047287373971423,13783.65,28910.07
10-229-01387,BIHAR,Nalanda,Noorsarai,0.0,0.0,,209,10,1387,,78528.62700534344,151514769.88009417,141983.5,NOORSARAI,0.90387933598685,7743.15,15969.16
10-229-01386,BIHAR,Nalanda,Bihar,0.0,0.0,,209,10,1386,,98561.8371020671,215840179.0991975,581414.375,BIHAR,0.9040519424988195,33323.299999999996,68960.17
10-229-01390,BIHAR,Nalanda,Hilsa,0.0,0.0,,209,10,1390,,93433.88804652911,175765721.10991755,182744.59375,HILSA,0.9038692618319327,9860.76,20334.85
10-229-01391,BIHAR,Nalanda,Ekangarsarai,0.0,0.0,,209,10,1391,,87121.32234693572,166605847.460251,242332.53125,EKANGARSARAI,0.9038469378802392,13104.16,27007.42
10-229-01392,BIHAR,Nalanda,Islampur,0.0,0.0,,209,10,1392,,109868.69145522316,273834151.4326934,268699.53125,ISLAMPUR,0.9040196323937278,15334.119999999999,31657.690000000002
10-229-01393,BIHAR,Nalanda,Ben,0.0,0.0,,209,10,1393,,66947.54721379357,127526149.56798536,109969.515625,BEN,0.9038796939928905,5871.77,12109.689999999999
10-230-01398,BIHAR,Patna,Maner,0.0,0.0,,212,10,1398,,96133.56350709034,213315300.3597084,221884.703125,MANER,0.8790982587864661,11958.100000000002,23517.51
10-229-01394,BIHAR,Nalanda,Rajgir,0.0,0.0,,209,10,1394,,88740.45664753366,198129288.77271983,131116.546875,RAJGIR,0.9042737888726194,7324.049999999999,15157.900000000001
10-229-01395,BIHAR,Nalanda,Silao,0.0,0.0,,209,10,1395,,79220.42929786978,154752836.13944647,185444.8125,SILAO,0.9038796299117438,10523.349999999999,21702.920000000002
10-229-01396,BIHAR,Nalanda,Giriak,0.0,0.0,,209,10,1396,,88347.46773236175,99576022.5731765,103132.46875,GIRIAK,0.9042180486999989,5833.77,12060.6
10-229-01397,BIHAR,Nalanda,Katrisarai,0.0,0.0,,209,10,1397,,38918.76300208476,48673462.28309288,56576.55078125,KATRISARAI,0.904355648693097,2659.17,5497.389999999999
10-230-01399,BIHAR,Patna,Dinapur-Cum-Khagaul,0.0,0.0,,212,10,1399,,78598.21354533077,184765788.04152673,289677.375,DINAPUR_CUM_KHAGAUL,0.8790234234391072,15501.630000000001,30491.08
10-234-01474,BIHAR,Rohtas,Tilouthu,0.0,0.0,,215,10,1474,,73885.57639601533,193504401.97342023,144041.90625,TILOUTHU,0.8995823774512858,7943.969999999999,16094.91
10-230-01400,BIHAR,Patna,Patna Rural,0.0,0.0,,212,10,1400,,87518.10425735511,179850223.48881748,1987549.625,PATNA_RURAL,0.8787354707806805,102677.51,202081.4
10-230-01401,BIHAR,Patna,Sampatchak,0.0,0.0,,212,10,1401,,53219.7118618291,78902366.60372826,188437.390625,SAMPATCHAK,0.8787237373825357,9330.82,18364.6
10-230-01406,BIHAR,Patna,Dulhin Bazar,0.0,0.0,,212,10,1406,,77792.54009458271,136539622.4680228,121084.296875,DULHIN_BAZAR,0.8787235173999828,6206.459999999999,12215.3
10-230-01402,BIHAR,Patna,Phulwari,0.0,0.0,,212,10,1402,,70659.26045014715,135940825.49713776,335811.0,PHULWARI,0.8787238155373144,17894.45,35219.22
10-230-01413,BIHAR,Patna,Khusrupur,0.0,0.0,,212,10,1413,,46143.60198551767,78201544.387751,143211.71875,KHUSRUPUR,0.8796411703670475,7626.160000000001,15037.71
10-230-01403,BIHAR,Patna,Bihta,0.0,0.0,,212,10,1403,,116564.9809665079,244879174.98088208,255265.828125,BIHTA,0.8787239587436565,13398.41,26370.260000000002
10-230-01415,BIHAR,Patna,Athmalgola,0.0,0.0,,212,10,1415,,47997.69261940102,62827293.65665197,77283.515625,ATHMALGOLA,0.8788780366414979,3968.66,7831.89
10-230-01404,BIHAR,Patna,Naubatpur,0.0,0.0,,212,10,1404,,105087.74367689912,205320191.59612688,235126.140625,NAUBATPUR,0.8787239176589213,12482.599999999999,24567.780000000002
10-230-01405,BIHAR,Patna,Bikram,0.0,0.0,,212,10,1405,,86626.03512108007,186422313.04867813,175473.3125,BIKRAM,0.8787237698462388,9142.529999999999,17994.010000000002
10-234-01475,BIHAR,Rohtas,Rohtas,0.0,0.0,,215,10,1475,,88257.59288547112,389741138.17794544,139836.75,ROHTAS,0.8995403282284387,7413.91,15013.720000000001
10-230-01407,BIHAR,Patna,Paliganj,0.0,0.0,,212,10,1407,,129476.3041410336,293354152.7667747,317142.65625,PALIGANJ,0.8803202829903225,17142.489999999998,33822.78
10-230-01408,BIHAR,Patna,Masaurhi,0.0,0.0,,212,10,1408,,108866.13277400887,248716954.87290823,271756.96875,MASAURHI,0.879448986963563,14300.869999999999,28167.800000000003
10-230-01409,BIHAR,Patna,Dhanarua,0.0,0.0,,212,10,1409,,95102.40821522896,225577653.19725513,266238.1875,DHANARUA,0.879416878348228,14132.720000000001,27840.690000000002
10-230-01410,BIHAR,Patna,Punpun,0.0,0.0,,212,10,1410,,82554.93388622913,161116560.78819045,168913.625,PUNPUN,0.8787240425160657,9588.1,18870.940000000002
10-230-01411,BIHAR,Patna,Fatwah,0.0,0.0,,212,10,1411,,97950.27190535895,155697451.47083917,294649.21875,FATWAH,0.8788269084249697,15319.990000000002,30158.629999999997
10-230-01412,BIHAR,Patna,Daniawan,0.0,0.0,,212,10,1412,,69689.77872311571,79566220.36857046,54401.5546875,DANIAWAN,0.8795847512359491,2768.19,5457.87
10-230-01414,BIHAR,Patna,Bakhtiarpur,0.0,0.0,,212,10,1414,,120205.01587822945,168153072.2048188,239153.484375,BAKHTIARPUR,0.880086772967209,13074.31,25827.36
10-230-01416,BIHAR,Patna,Belchhi,0.0,0.0,,212,10,1416,,88573.78025963024,87443681.0926542,63606.3203125,BELCHHI,0.8802336641846307,3185.6400000000003,6289.21
10-230-01417,BIHAR,Patna,Barh,0.0,0.0,,212,10,1417,,95365.9771693495,147280816.515725,187390.25,BARH,0.8788467554008578,9580.380000000001,18895.940000000002
10-230-01419,BIHAR,Patna,Ghoswari,0.0,0.0,,212,10,1419,,66454.95033385535,164897376.1169027,107025.9296875,GHOSWARI,,,
10-230-01418,BIHAR,Patna,Pandarak,0.0,0.0,,212,10,1418,,106894.44852036482,252509471.6555304,200477.4375,PANDARAK,0.8787926529593383,10656.939999999999,20988.67
10-232-01438,BIHAR,Buxar,Chaugain,0.0,0.0,,194,10,1438,,52625.33924401454,66025696.44875917,49322.1796875,CHAUGAIN,0.9058441654084297,3502.46,6353.6900000000005
10-232-01439,BIHAR,Buxar,Kesath,0.0,0.0,,194,10,1439,,34661.84662025829,38236018.49691825,31131.228515625,KESATH,0.9058429307371524,1880.6100000000001,3411.55
10-230-01420,BIHAR,Patna,Mokameh,0.0,0.0,,212,10,1420,,127700.39840194934,244519830.48183808,251003.5625,MOKAMEH,0.8785749654656032,13181.34,26434.53
10-231-01421,BIHAR,Bhojpur,Shahpur,0.0,0.0,,193,10,1421,,110658.91431619872,211766871.4500774,139473.484375,SHAHPUR,0.8914913301077145,7918.05,14817.82
10-234-01460,BIHAR,Rohtas,Suryapura,0.0,0.0,,215,10,1460,,56159.7630280001,69765063.31452103,65839.5078125,SURYAPURA,0.8994484529155757,3765.84,7623.8099999999995
10-231-01422,BIHAR,Bhojpur,Arrah,0.0,0.0,,193,10,1422,,120924.06747051864,221925641.7145924,421783.9375,ARRAH,0.8912173853985934,23943.32,44874.46
10-231-01423,BIHAR,Bhojpur,Barhara,0.0,0.0,,193,10,1423,,128817.96875565936,258494738.36324885,186884.078125,BARHARA,0.8928241903213205,10761.99,20140.88
10-231-01424,BIHAR,Bhojpur,Koilwar,0.0,0.0,,193,10,1424,,94779.33453556668,208456312.66749656,292657.9375,KOILWAR,0.8903241035504768,16630.11,31284.51
10-231-01425,BIHAR,Bhojpur,Sandesh,0.0,0.0,,193,10,1425,,60697.76797134289,164599530.19806212,213840.140625,SANDESH,0.8902516893990062,12283.7,23114.269999999997
10-231-01426,BIHAR,Bhojpur,Udwant Nagar,0.0,0.0,,193,10,1426,,92445.60417460876,217797556.82002312,256602.140625,UDWANT_NAGAR,0.891138756389944,13990.64,26239.85
10-234-01461,BIHAR,Rohtas,Bikramganj,0.0,0.0,,215,10,1461,,88556.32896667719,168723569.68103397,197774.234375,BIKRAMGANJ,0.8993365927313134,10580.08,21396.73
10-231-01427,BIHAR,Bhojpur,Behea,0.0,0.0,,193,10,1427,,114516.77527652554,206091349.70539597,195682.5625,BEHEA,0.8911547349567355,10623.72,19924.34
10-231-01428,BIHAR,Bhojpur,Jagdishpur,0.0,0.0,,193,10,1428,,109726.0021920818,318463526.4488765,300452.15625,JAGDISHPUR,0.8911445286333719,16969.6,31826.53
10-231-01429,BIHAR,Bhojpur,Piro,0.0,0.0,,193,10,1429,,100703.96274410957,268205354.86689487,224870.53125,PIRO,0.891172203122592,12662.529999999999,23749.07
10-234-01462,BIHAR,Rohtas,Karakat,0.0,0.0,,215,10,1462,,102232.22868007292,251121712.10833624,265380.0,KARAKAT,0.8993585081224336,13774.609999999999,27860.1
10-231-01430,BIHAR,Bhojpur,Charpokhari,0.0,0.0,,193,10,1430,,88834.1327790213,135855258.49695313,105512.984375,CHARPOKHARI,0.891139554363263,6013.1900000000005,11277.89
10-231-01431,BIHAR,Bhojpur,Garhani,0.0,0.0,,193,10,1431,,93054.521801511,137128723.85739592,114732.1875,GARHANI,0.8911393500674222,6219.04,11664.009999999998
10-231-01432,BIHAR,Bhojpur,Agiaon,0.0,0.0,,193,10,1432,,87534.07309197474,191419206.17039648,183455.796875,AGIAON,0.891234086821416,10456.04,19634.39
10-231-01433,BIHAR,Bhojpur,Tarari,0.0,0.0,,193,10,1433,,95157.98131215996,247108515.4982669,231247.296875,TARARI,0.891238990016653,13021.72,24441.21
10-231-01434,BIHAR,Bhojpur,Sahar,0.0,0.0,,193,10,1434,,61748.81499939302,157154129.14318892,242634.640625,SAHAR,0.8912929291799769,13753.97,25820.53
10-232-01435,BIHAR,Buxar,Simri,0.0,0.0,,194,10,1435,,87047.69219699135,222195796.247413,179728.078125,SIMRI,0.9061917806209662,10644.669999999998,19216.550000000003
10-232-01436,BIHAR,Buxar,Chakki,0.0,0.0,,194,10,1436,,73799.54032015939,80420668.23199363,48327.69140625,CHAKKI,0.9061726989775986,2965.29,5352.13
10-232-01437,BIHAR,Buxar,Barhampur,0.0,0.0,,194,10,1437,,133928.15369382405,240152233.65370417,207466.109375,BARHAMPUR,0.9047703229161144,12433.800000000001,22602.21
10-232-01440,BIHAR,Buxar,Dumraon,0.0,0.0,,194,10,1440,,115797.88145848009,238641355.07175583,297101.84375,DUMRAON,0.9058441788528572,17794.41,32280.190000000002
10-232-01441,BIHAR,Buxar,Buxar,0.0,0.0,,194,10,1441,,90996.21871903204,211591033.38394436,163596.078125,BUXAR,0.9058438314580594,9580.93,17380.4
10-232-01442,BIHAR,Buxar,Chausa,0.0,0.0,,194,10,1442,,99103.08457070828,138502720.57991108,74978.390625,CHAUSA,0.9065531677821035,4640.21,8389.75
10-232-01443,BIHAR,Buxar,Rajpur,0.0,0.0,,194,10,1443,,121142.9666413415,336933113.12217736,292650.34375,RAJPUR,0.9055453223533665,18253.43,33285.25
10-232-01444,BIHAR,Buxar,Itarhi,0.0,0.0,,194,10,1444,,109439.3274763228,293713382.2816445,238563.0,ITARHI,0.9058441750370696,13962.86,25329.53
10-232-01445,BIHAR,Buxar,Nawanagar,0.0,0.0,,194,10,1445,,126567.10382889764,229774401.79100823,347919.125,NAWANAGAR,0.905498090998561,21244.960000000003,38608.259999999995
10-233-01446,BIHAR,Kaimur (Bhabua),Ramgarh,0.0,0.0,,200,10,1446,,124781.0721120257,206666195.02442607,116020.890625,RAMGARH,0.9027713830087488,6424.17,13438.44
10-233-01447,BIHAR,Kaimur (Bhabua),Nuaon,0.0,0.0,,200,10,1447,,121732.74643995032,235834986.4758632,143002.71875,NUAON,0.9031594747940516,8289.130000000001,17130.1
10-233-01448,BIHAR,Kaimur (Bhabua),Kudra,0.0,0.0,,200,10,1448,,132624.50147962422,255577893.54332253,234909.9375,KUDRA,0.9022432369471733,12924.099999999999,26950.969999999998
10-233-01449,BIHAR,Kaimur (Bhabua),Mohania,0.0,0.0,,200,10,1449,,142323.6809133636,349176573.6513165,275179.65625,MOHANIA,0.9026566823067363,14768.369999999999,30924.09
10-233-01450,BIHAR,Kaimur (Bhabua),Durgawati,0.0,0.0,,200,10,1450,,108544.41183902678,212580801.4059764,138805.421875,DURGAWATI,0.9027109481825916,7804.57,16308.720000000001
10-233-01451,BIHAR,Kaimur (Bhabua),Chand,0.0,0.0,,200,10,1451,,97099.60209928264,257974481.1925409,116641.171875,CHAND,0.9026582958930307,6463.66,13525.900000000001
10-233-01452,BIHAR,Kaimur (Bhabua),Chainpur,0.0,0.0,,200,10,1452,,170712.34536647965,555311526.8488017,179337.109375,CHAINPUR,0.9026571323279401,10183.11,21321.18
10-233-01453,BIHAR,Kaimur (Bhabua),Bhabua,0.0,0.0,,200,10,1453,,143727.89821118704,407618990.38615096,384369.25,BHABUA,0.9026566580493072,22394.61,46892.979999999996
10-233-01454,BIHAR,Kaimur (Bhabua),Rampur,0.0,0.0,,200,10,1454,,126612.15498309072,210660395.23746365,72833.90625,RAMPUR,0.9022269711195715,4260.87,8883.81
10-233-01455,BIHAR,Kaimur (Bhabua),Bhagwanpur,0.0,0.0,,200,10,1455,,134815.05705103654,292151198.96788174,89803.34375,BHAGWANPUR,0.9026561658832135,5025.759999999999,10523.66
10-233-01456,BIHAR,Kaimur (Bhabua),Adhaura,0.0,0.0,,200,10,1456,,271357.2345421078,1135984955.9859164,75754.9609375,ADHAURA,0.902549371872569,4164.67,8717.1
10-234-01457,BIHAR,Rohtas,Kochas,0.0,0.0,,215,10,1457,,90248.48407846906,187033418.62218276,167564.59375,KOCHAS,0.8994678788318428,9313.38,18858.59
10-234-01458,BIHAR,Rohtas,Dinara,0.0,0.0,,215,10,1458,,157118.7651045217,464648316.8452498,286820.96875,DINARA,0.8994801636908073,14924.18,30196.21
10-234-01459,BIHAR,Rohtas,Dawath,0.0,0.0,,215,10,1459,,78120.6651060775,129910427.66035384,135598.0625,DAWATH,0.8993374004765567,7017.629999999999,14102.24
10-234-01466,BIHAR,Rohtas,Nokha,0.0,0.0,,215,10,1466,,82152.91978314315,208772248.59610957,176357.90625,NOKHA,0.8994483298137017,9546.59,19326.699999999997
10-235-01476,BIHAR,Aurangabad,Daudnagar,0.0,0.0,,189,10,1476,,91010.07504965532,238139281.75712803,267758.15625,DAUDNAGAR,0.906278425825797,14796.01,31141.6
10-234-01467,BIHAR,Rohtas,Kargahar,0.0,0.0,,215,10,1467,,128509.87472624176,406135690.59563094,232194.0,KARGAHAR,0.8994509027784983,12881.789999999999,26079.29
10-234-01468,BIHAR,Rohtas,Chenari,0.0,0.0,,215,10,1468,,121720.69626398994,292642418.8385522,116903.6875,CHENARI,0.899449691646203,6207.72,12567.369999999999
10-234-01469,BIHAR,Rohtas,Nauhatta,0.0,0.0,,215,10,1469,,175494.75594492842,478591449.404211,78037.7421875,NAUHATTA,0.9000288278754983,4356.75,8817.14
10-234-01470,BIHAR,Rohtas,Sheosagar,0.0,0.0,,215,10,1470,,135463.8765525897,406503956.12222886,225592.328125,SHEOSAGAR,0.8994486106554485,12613.39,25535.329999999998
10-234-01471,BIHAR,Rohtas,Sasaram,0.0,0.0,,215,10,1471,,135810.11950728856,394273130.8742507,316840.0625,SASARAM,0.8994487940765882,16969.379999999997,34353.85
10-234-01473,BIHAR,Rohtas,Dehri,0.0,0.0,,215,10,1473,,97323.52013589223,199371136.99043605,393278.34375,DEHRI,0.8994539387322258,20740.34,41989.31
10-235-01477,BIHAR,Aurangabad,Haspura,0.0,0.0,,189,10,1477,,88845.10694940752,164519986.5205008,187213.609375,HASPURA,0.9063164645048913,10368.150000000001,21819.77
10-235-01478,BIHAR,Aurangabad,Goh,0.0,0.0,,189,10,1478,,122286.20877621078,374665187.3660463,435545.96875,GOH,0.9065086319913752,23608.769999999997,49845.25
10-236-01491,BIHAR,Gaya,Neem Chak Bathani,0.0,0.0,,196,10,1491,,79540.44278654993,146770773.7769567,146386.671875,NEEM_CHAK_BATHANI,0.9164338464862245,7043.81,17059.43
10-235-01479,BIHAR,Aurangabad,Rafiganj,0.0,0.0,,189,10,1479,,167069.30684925965,465687847.79432577,506116.375,RAFIGANJ,0.9064620986192471,27117.37,57219.5
10-235-01480,BIHAR,Aurangabad,Obra,0.0,0.0,,189,10,1480,,130720.05569071588,327203821.09876627,223872.546875,OBRA,0.906272698955008,12151.119999999999,25575.239999999998
10-236-01494,BIHAR,Gaya,Manpur,0.0,0.0,,196,10,1494,,77081.78707553667,161226183.41058797,275740.53125,MANPUR,0.9166073851475786,13904.3,33754.68
10-235-01481,BIHAR,Aurangabad,Aurangabad,0.0,0.0,,189,10,1481,,125502.68609205673,344679798.38062614,331137.40625,AURANGABAD,0.9062723418192067,18164.309999999998,38231.600000000006
10-237-01511,BIHAR,Nawada,Nardiganj,0.0,0.0,,210,10,1511,,60262.24041371029,129808165.4472442,116289.46875,NARDIGANJ,0.9188671364183945,5551.27,12428.029999999999
10-235-01482,BIHAR,Aurangabad,Barun,0.0,0.0,,189,10,1482,,117269.30390529484,381782699.30215496,173699.390625,BARUN,0.9062714916746515,9671.970000000001,20357.15
10-235-01483,BIHAR,Aurangabad,Nabinagar,0.0,0.0,,189,10,1483,,173491.30877801325,657546828.2218357,236157.359375,NABINAGAR,0.9063051736581555,12578.96,26454.34
10-235-01484,BIHAR,Aurangabad,Kutumba,0.0,0.0,,189,10,1484,,110495.73757590448,319048251.76106954,178238.921875,KUTUMBA,0.9063098238549896,9933.68,20888.71
10-235-01485,BIHAR,Aurangabad,Deo,0.0,0.0,,189,10,1485,,158578.88849021672,336990745.1586724,179500.5625,DEO,0.9064324929630665,9614.0,20267.75
10-235-01486,BIHAR,Aurangabad,Madanpur,0.0,0.0,,189,10,1486,,153529.37367368402,418713952.50229967,236408.328125,MADANPUR,0.9066186667771369,12863.39,27199.28
10-236-01487,BIHAR,Gaya,Konch,0.0,0.0,,196,10,1487,,154041.56172387034,319288521.7326548,135470.359375,KONCH,0.9164162587152394,6497.22,15729.67
10-236-01488,BIHAR,Gaya,Tikari,0.0,0.0,,196,10,1488,,122221.36853604284,290576655.12704176,283431.75,TIKARI,0.9165329139806173,14056.65,34070.19
10-236-01489,BIHAR,Gaya,Belaganj,0.0,0.0,,196,10,1489,,113473.13279109565,240372540.95814112,258451.171875,BELAGANJ,0.9153589215701002,12612.98,30089.18
10-236-01490,BIHAR,Gaya,Khizirsarai,0.0,0.0,,196,10,1490,,103698.13096672996,223124430.97950032,215338.546875,KHIZIRSARAI,0.9160877920916273,10629.349999999999,25617.010000000002
10-236-01492,BIHAR,Gaya,Muhra,0.0,0.0,,196,10,1492,,93681.45756176669,181269438.2139707,115921.8203125,MUHRA,0.9166767648307957,5575.6,13502.21
10-236-01493,BIHAR,Gaya,Atri,0.0,0.0,,196,10,1493,,103075.15367958383,161340647.62451813,151840.203125,ATRI,0.9166070776538807,6758.300000000001,16406.71
10-236-01495,BIHAR,Gaya,Gaya Town C.D.Block,0.0,0.0,,196,10,1495,,91678.58033080616,224144813.6021213,672469.1875,GAYA_TOWN_C.D.BLOCK,0.9166074284421091,32593.850000000002,79126.26000000001
10-236-01496,BIHAR,Gaya,Paraiya,0.0,0.0,,196,10,1496,,75593.31264449215,167300846.5298876,116438.609375,PARAIYA,0.9166075518403448,5538.51,13445.5
10-236-01497,BIHAR,Gaya,Guraru,0.0,0.0,,196,10,1497,,81292.54933661391,199646285.7542363,117427.46875,GURARU,0.9166001399759678,5832.43,14157.66
10-237-01512,BIHAR,Nawada,Nawada,0.0,0.0,,210,10,1512,,86822.75137888109,219317998.1072041,326532.59375,NAWADA,0.9188434358905486,15799.02,35334.73
10-236-01498,BIHAR,Gaya,Gurua,0.0,0.0,,196,10,1498,,117859.62964526063,238015237.1519128,210425.328125,GURUA,0.9166066426947942,9820.44,23840.29
10-236-01499,BIHAR,Gaya,Amas,0.0,0.0,,196,10,1499,,100546.69423332924,128484051.44985774,101126.7109375,AMAS,0.9165985166065825,4959.8,12039.22
10-237-01517,BIHAR,Nawada,Roh,0.0,0.0,,210,10,1517,,77804.52626079548,192537548.9783989,210107.34375,ROH,0.918903004388658,9990.54,22351.989999999998
10-236-01500,BIHAR,Gaya,Banke Bazar,0.0,0.0,,196,10,1500,,85166.97220092022,256240042.68049288,123806.5859375,BANKE_BAZAR,0.9167441228228084,5792.37,14078.89
10-236-01501,BIHAR,Gaya,Imamganj,0.0,0.0,,196,10,1501,,136271.57775821586,316917295.57645696,216421.546875,IMAMGANJ,0.9172773045364294,10458.61,25540.949999999997
10-236-01502,BIHAR,Gaya,Dumaria,0.0,0.0,,196,10,1502,,119690.94596035974,390676703.928496,104860.0390625,DUMARIA,0.9165344425627937,5102.75,12372.939999999999
10-236-01503,BIHAR,Gaya,Sherghati,0.0,0.0,,196,10,1503,,100322.2973073121,167902109.12194017,178230.015625,SHERGHATI,0.9167989270856839,8730.989999999998,21231.760000000002
10-238-01531,BIHAR,Jamui,Gidhaur,0.0,0.0,,198,10,1531,,55211.5633940527,100392309.18230554,112564.1640625,GIDHAUR,0.9016565379196242,4915.34,12540.16
10-236-01504,BIHAR,Gaya,Dobhi,0.0,0.0,,196,10,1504,,103572.88994215836,218837778.49499393,168563.328125,DOBHI,0.9166431111385847,7922.59,19239.300000000003
10-236-01505,BIHAR,Gaya,Bodh Gaya,0.0,0.0,,196,10,1505,,120948.91182130504,306843965.9119923,276464.03125,BODH_GAYA,0.9166073769085843,13468.97,32697.86
10-236-01506,BIHAR,Gaya,Tan Kuppa,0.0,0.0,,196,10,1506,,108147.94853451202,190099968.23000297,128063.0078125,TAN_KUPPA,0.9166074465452095,6101.99,14813.42
10-240-01542,BIHAR,Arwal,Arwal,0.0,0.0,,611,10,1542,,73924.8054791393,147787869.27798152,113625.953125,ARWAL,0.9072296897267825,6353.41,13205.0
10-236-01507,BIHAR,Gaya,Wazirganj,0.0,0.0,,196,10,1507,,105472.06999302968,323030583.61833626,304236.84375,WAZIRGANJ,0.9166518894291303,14854.21,36003.83
10-236-01508,BIHAR,Gaya,Fatehpur,0.0,0.0,,196,10,1508,,155359.44599717355,408449805.62920874,326851.5625,FATEHPUR,0.9167435482067615,15594.73,37739.729999999996
10-240-01543,BIHAR,Arwal,Kaler,0.0,0.0,,611,10,1543,,67777.19153730445,176075758.749563,67300.9375,KALER,0.9093075194055331,3877.2099999999996,8091.9
10-236-01509,BIHAR,Gaya,Mohanpur,0.0,0.0,,196,10,1509,,119906.24818546322,418796109.2883684,276749.78125,MOHANPUR,0.9167135603870719,13347.990000000002,32363.87
10-240-01544,BIHAR,Arwal,Karpi,0.0,0.0,,611,10,1544,,158139.92638461498,234985661.7206014,191091.640625,KARPI,0.907543190780029,10891.75,22655.46
10-236-01510,BIHAR,Gaya,Barachatti,0.0,0.0,,196,10,1510,,138753.78132836288,366328956.31361085,154913.5,BARACHATTI,0.9170128192829867,7280.179999999999,17683.82
10-237-01513,BIHAR,Nawada,Warisaliganj,0.0,0.0,,210,10,1513,,109792.7691845982,202861050.3008767,242874.125,WARISALIGANJ,0.9185621927533221,12459.58,27820.34
10-237-01514,BIHAR,Nawada,Kashi Chak,0.0,0.0,,210,10,1514,,73948.94452619922,98983451.20841852,95147.765625,KASHI_CHAK,0.9181690777062333,4876.24,10960.35
10-237-01515,BIHAR,Nawada,Pakribarawan,0.0,0.0,,210,10,1515,,104545.7693815114,251834567.85717744,270531.40625,PAKRIBARAWAN,0.918594046072663,13207.060000000001,29612.61
10-237-01516,BIHAR,Nawada,Kawakol,0.0,0.0,,210,10,1516,,121170.20018263235,362955647.76482904,196811.828125,KAWAKOL,0.9185732020187158,9684.369999999999,21762.96
10-237-01518,BIHAR,Nawada,Gobindpur,0.0,0.0,,210,10,1518,,73133.35659787485,188189390.13263756,153807.96875,GOBINDPUR,0.9189945456712584,7590.4800000000005,16992.64
10-237-01519,BIHAR,Nawada,Akbarpur,0.0,0.0,,210,10,1519,,91268.2921062847,249541236.96202633,303256.78125,AKBARPUR,0.9188883221045333,15176.61,33951.520000000004
10-237-01520,BIHAR,Nawada,Hisua,0.0,0.0,,210,10,1520,,85113.4923130193,144090762.99664384,141319.9375,HISUA,0.9188806003946912,7029.75,15730.48
10-237-01521,BIHAR,Nawada,Narhat,0.0,0.0,,210,10,1521,,62856.50481924386,99624005.77002536,112139.8046875,NARHAT,0.9188884552983585,5254.639999999999,11755.15
10-237-01522,BIHAR,Nawada,Meskaur,0.0,0.0,,210,10,1522,,75185.00287586387,145604023.18435815,114815.1953125,MESKAUR,0.9188592944672347,5798.2,12984.55
10-237-01523,BIHAR,Nawada,Sirdala,0.0,0.0,,210,10,1523,,111278.51695598938,301894539.186342,134211.84375,SIRDALA,0.9188786886071937,6431.7,14393.240000000002
10-237-01524,BIHAR,Nawada,Rajauli,0.0,0.0,,210,10,1524,,132370.86211000624,450216393.36794454,180517.25,RAJAULI,0.9191418522098419,8858.86,19846.25
10-238-01525,BIHAR,Jamui,Islamnagar Aliganj,0.0,0.0,,198,10,1525,,96153.77396855217,213408239.47295904,161982.65625,ISLAMNAGAR_ALIGANJ,0.9017877870269567,7670.830000000001,19453.5
10-238-01526,BIHAR,Jamui,Sikandra,0.0,0.0,,198,10,1526,,86788.2538333537,223096734.30010977,198017.1875,SIKANDRA,0.9016348582964415,9030.670000000002,23038.120000000003
10-238-01527,BIHAR,Jamui,Jamui,0.0,0.0,,198,10,1527,,90084.78430112792,212157753.6648698,227530.15625,JAMUI,0.9011257249901725,10491.2,26731.18
10-238-01528,BIHAR,Jamui,Barhat,0.0,0.0,,198,10,1528,,114104.3758134148,270298087.1382075,97155.9375,BARHAT,0.9010273271860287,4697.6,11956.51
10-238-01529,BIHAR,Jamui,Lakshmipur,0.0,0.0,,198,10,1529,,112147.89260238524,307635253.00857943,152793.6875,LAKSHMIPUR,0.9010965492285764,6995.58,17785.3
10-238-01530,BIHAR,Jamui,Jhajha,0.0,0.0,,198,10,1530,,147664.43327942316,507112726.974952,278320.15625,JHAJHA,0.901257212084083,12881.75,32717.980000000003
10-238-01532,BIHAR,Jamui,Khaira,0.0,0.0,,198,10,1532,,142747.05687020053,513762691.7981683,278823.0625,KHAIRA,0.9020345095856545,13269.949999999999,33773.53
10-238-01533,BIHAR,Jamui,Sono,0.0,0.0,,198,10,1533,,117724.39892386932,474283005.7300444,279360.71875,SONO,0.9016561628903154,13284.57,33892.03
10-238-01534,BIHAR,Jamui,Chakai,0.0,0.0,,198,10,1534,,243956.2217086091,956725034.6798706,270816.84375,CHAKAI,0.9018765816274837,12635.180000000002,32193.48
10-239-01535,BIHAR,Jehanabad,Ratni Faridpur,0.0,0.0,,199,10,1535,,82762.53932271499,155018952.20303965,160973.453125,RATNI_FARIDPUR,0.9045216231399194,8905.48,18132.010000000002
10-239-01536,BIHAR,Jehanabad,Jehanabad,0.0,0.0,,199,10,1536,,97254.09844747804,201426556.69272655,239784.625,JEHANABAD,0.9025830412719984,13216.68,26621.71
10-239-01537,BIHAR,Jehanabad,Kako,0.0,0.0,,199,10,1537,,83599.3529020472,162373941.78194478,179007.640625,KAKO,0.9027286715028908,9717.41,19575.88
10-239-01538,BIHAR,Jehanabad,Modanganj,0.0,0.0,,199,10,1538,,66522.90037500951,97205276.85869928,151489.609375,MODANGANJ,0.9025669175602617,8175.790000000001,16483.03
10-239-01539,BIHAR,Jehanabad,Ghoshi,0.0,0.0,,199,10,1539,,82931.95174196921,112225161.55433495,124691.75,GHOSHI,0.9027592296289628,6971.73,14045.92
10-239-01540,BIHAR,Jehanabad,Makhdumpur,0.0,0.0,,199,10,1540,,128831.72570768483,301471679.33572614,311893.125,MAKHDUMPUR,0.9032120281547591,16706.96,33856.56
10-239-01541,BIHAR,Jehanabad,Hulasganj,0.0,0.0,,199,10,1541,,87179.53907708311,119677697.18988888,158151.046875,HULASGANJ,0.9031535031232021,8981.11,18188.43
10-240-01545,BIHAR,Arwal,Sonbhadra Banshi Suryapur,0.0,0.0,,611,10,1545,,62692.97791397586,116643000.97724338,88515.8359375,SONBHADRA_BANSHI_SURYAPUR,0.9095039977611588,4963.66,10374.990000000002
10-240-01546,BIHAR,Arwal,Kurtha,0.0,0.0,,611,10,1546,,71585.17106640573,106433073.5354984,100078.8828125,KURTHA,,,
10-224-01334,BIHAR,Bhagalpur,Gopalpur,0.0,0.0,,192,10,1334,,95407.9186210158,208941966.91883087,97543.765625,GOPALPUR,0.8619647754353199,5190.380000000001,12517.130000000001
10-210-01127,BIHAR,Kishanganj,Kishanganj,0.0,0.0,,203,10,1127,,125268.33771117093,207105687.55921903,222588.28125,KISHANGANJ,0.9250655466752185,8202.16,28642.41
